"cost","Loss","Accuracy","Kappa","AccuracySD","KappaSD","model"
0.1,"L2",0.696667168274763,0.372219308870021,0.0416646490216219,0.0881228709994562,"L1_Linear_SVM"
0.2,"L2",0.695342488734894,0.378776982346035,0.0468639127659312,0.0951987335349669,"L1_Linear_SVM"
0.3,"L2",0.684277625328258,0.359704515759226,0.0458298500687092,0.0930464937264412,"L1_Linear_SVM"
0.4,"L2",0.680128205128205,0.352804676277045,0.0472062618741639,0.0957802643667681,"L1_Linear_SVM"
0.5,"L2",0.678981756639985,0.351054740112602,0.0478143139720461,0.0968878106827169,"L1_Linear_SVM"
0.6,"L2",0.676647807888314,0.346798434313454,0.0474042624306353,0.0958357520032038,"L1_Linear_SVM"
0.7,"L2",0.673776687447574,0.341379610447425,0.0474502243884088,0.0960067683416989,"L1_Linear_SVM"
0.8,"L2",0.672557902013598,0.339051123857968,0.0479722966764218,0.0969092283940756,"L1_Linear_SVM"
0.9,"L2",0.672042801080776,0.338271342002876,0.0484597562349221,0.0977630014778646,"L1_Linear_SVM"
1,"L2",0.672278148012325,0.338714685752845,0.0478744474623254,0.0968083806412812,"L1_Linear_SVM"
0.1,"L2",0.686397821587695,0.349858752222831,0.0416967773572039,0.0883992680426234,"L1_Linear_SVM"
0.2,"L2",0.6644397459081,0.316736811358206,0.0471392062166235,0.09630682365553,"L1_Linear_SVM"
0.3,"L2",0.662389821149315,0.316264825708772,0.0462420068368175,0.0935147957556661,"L1_Linear_SVM"
0.4,"L2",0.658578497451915,0.310164176894489,0.0453713694966375,0.0913171152284527,"L1_Linear_SVM"
0.5,"L2",0.654910439771199,0.303399954415435,0.0458593999814375,0.0923808010251185,"L1_Linear_SVM"
0.6,"L2",0.654065567344048,0.302159261636221,0.0456717435256484,0.0920266499834973,"L1_Linear_SVM"
0.7,"L2",0.651866711347724,0.297969605413401,0.0459391045256623,0.0928574257506359,"L1_Linear_SVM"
0.8,"L2",0.652381837571711,0.299179915530781,0.0468562713348633,0.0945825464854311,"L1_Linear_SVM"
0.9,"L2",0.651776206915447,0.297987405806755,0.0459664558713098,0.0927684178864737,"L1_Linear_SVM"
1,"L2",0.650855035260099,0.296140940268461,0.0449113054454005,0.0906828074446347,"L1_Linear_SVM"
0.1,"L2",0.716427787402471,0.42147366825574,0.0462042571601666,0.0928669611216605,"L1_Linear_SVM"
0.2,"L2",0.693745946037085,0.380369032729967,0.0472563791992187,0.0955080534323168,"L1_Linear_SVM"
0.3,"L2",0.694212534301142,0.384796558830412,0.0484883468944143,0.0970877005902864,"L1_Linear_SVM"
0.4,"L2",0.692282923827228,0.382318460252712,0.0480967859963044,0.0957014345791123,"L1_Linear_SVM"
0.5,"L2",0.688659108823666,0.375881154942515,0.0472289165709103,0.0940654210562942,"L1_Linear_SVM"
0.6,"L2",0.687509064774888,0.374160210885009,0.0481873238715852,0.0959536786693115,"L1_Linear_SVM"
0.7,"L2",0.686291527038362,0.371957885621383,0.0464250661270033,0.0923806343801624,"L1_Linear_SVM"
0.8,"L2",0.685707410732727,0.3709239334346,0.046186224268953,0.0920487839525583,"L1_Linear_SVM"
0.9,"L2",0.684988985697846,0.369432974685117,0.0463874432172909,0.0924152776115451,"L1_Linear_SVM"
1,"L2",0.685281250395174,0.370061757414666,0.0459745170387559,0.0916468658858453,"L1_Linear_SVM"
0.1,"L2",0.703344714357373,0.384473946914537,0.040258703941298,0.085652701962387,"L1_Linear_SVM"
0.2,"L2",0.690472139674671,0.367916503229072,0.0451917170665185,0.0932182532578712,"L1_Linear_SVM"
0.3,"L2",0.681478504617745,0.352790408093077,0.0466669786770728,0.0956284101928765,"L1_Linear_SVM"
0.4,"L2",0.678119146676109,0.347552491412151,0.0462674333988,0.0942890461487578,"L1_Linear_SVM"
0.5,"L2",0.674078617584947,0.340232482797404,0.0449224528054126,0.0913550695475309,"L1_Linear_SVM"
0.6,"L2",0.672422337156514,0.337334625318966,0.0460234472589962,0.0934862167034265,"L1_Linear_SVM"
0.7,"L2",0.671147401122085,0.335139164779849,0.0467216143925917,0.0948785979787535,"L1_Linear_SVM"
0.8,"L2",0.668753638766297,0.330577519454889,0.0457262199162272,0.0930054475014447,"L1_Linear_SVM"
0.9,"L2",0.668066789750334,0.329370106784965,0.0465691197455482,0.0944363773226724,"L1_Linear_SVM"
1,"L2",0.667135067464181,0.327595609546939,0.0468609043586546,0.095246012778429,"L1_Linear_SVM"
0.1,"L2",0.700619212011617,0.380541507146993,0.0402894065823055,0.0859112478645376,"L1_Linear_SVM"
0.2,"L2",0.683370979231739,0.355173547782333,0.0453726630415812,0.0930378865442977,"L1_Linear_SVM"
0.3,"L2",0.681602747463507,0.355039863654854,0.0458546777623214,0.0926133727438336,"L1_Linear_SVM"
0.4,"L2",0.673455299974287,0.339806291573435,0.045841669188961,0.0922617802473149,"L1_Linear_SVM"
0.5,"L2",0.667322740550589,0.328113862247914,0.0473473958542686,0.0952990061369782,"L1_Linear_SVM"
0.6,"L2",0.663455181948853,0.320630783883104,0.0470831236414352,0.0947280536607543,"L1_Linear_SVM"
0.7,"L2",0.661641076223355,0.317190336481143,0.0478278445180243,0.0961220544320188,"L1_Linear_SVM"
0.8,"L2",0.65996299902629,0.313921781392682,0.047496995544099,0.0955158885889248,"L1_Linear_SVM"
0.9,"L2",0.658215232025359,0.31047261523732,0.0480627588784216,0.0967181917948421,"L1_Linear_SVM"
1,"L2",0.6568702226044,0.307821713563666,0.0473383531698346,0.0953299474654651,"L1_Linear_SVM"
0.1,"L2",0.719944641856034,0.425564427958706,0.0401644793910664,0.0826187531228096,"L1_Linear_SVM"
0.2,"L2",0.681563474500183,0.353192416546546,0.0474571295640544,0.0965371789122111,"L1_Linear_SVM"
0.3,"L2",0.670265308531131,0.334112844868415,0.0465932707441891,0.0940966844845935,"L1_Linear_SVM"
0.4,"L2",0.662354181683296,0.319885177150581,0.0464560564942941,0.0935490277099233,"L1_Linear_SVM"
0.5,"L2",0.658182450460931,0.31229541753712,0.046695135283164,0.0937699397606811,"L1_Linear_SVM"
0.6,"L2",0.656526410298562,0.309245659615292,0.0474408725722087,0.0951730284118111,"L1_Linear_SVM"
0.7,"L2",0.653749372989879,0.304066553288668,0.047383041828803,0.09503283862483,"L1_Linear_SVM"
0.8,"L2",0.654099942251841,0.304769865811345,0.0478914912390316,0.0957326804108231,"L1_Linear_SVM"
0.9,"L2",0.653452741351476,0.303529661982192,0.0475593908547966,0.0951397680745437,"L1_Linear_SVM"
1,"L2",0.654286203248229,0.30515220488456,0.0478146512877859,0.0959472755285763,"L1_Linear_SVM"
0.1,"L2",0.70781421110535,0.396753864621494,0.0390229958516828,0.0824185623468832,"L1_Linear_SVM"
0.2,"L2",0.691925096001045,0.37380958603213,0.0423479807727464,0.0863747068607842,"L1_Linear_SVM"
0.3,"L2",0.688787625876233,0.370565402745995,0.043382582815278,0.0878985213748072,"L1_Linear_SVM"
0.4,"L2",0.682807639617766,0.36011513916214,0.0441779428625377,0.08905732505069,"L1_Linear_SVM"
0.5,"L2",0.677644022644023,0.350676302048154,0.044975977911512,0.0904872767122231,"L1_Linear_SVM"
0.6,"L2",0.67481145858361,0.345565107794098,0.0472191848030381,0.0946964536998999,"L1_Linear_SVM"
0.7,"L2",0.671610899648874,0.339237615279261,0.0483144502874217,0.0971674408466472,"L1_Linear_SVM"
0.8,"L2",0.671015920788073,0.338324298662574,0.0478482578722726,0.0958697898236948,"L1_Linear_SVM"
0.9,"L2",0.667413620135139,0.331148616746713,0.0475268507118933,0.0954488901965715,"L1_Linear_SVM"
1,"L2",0.666668289516391,0.32969485649951,0.047373032794926,0.0950667365205601,"L1_Linear_SVM"
0.1,"L2",0.70472550656095,0.388638976932095,0.0422457434002225,0.0902201983457289,"L1_Linear_SVM"
0.2,"L2",0.708261105982625,0.404705780132812,0.0449446309575217,0.092168312173883,"L1_Linear_SVM"
0.3,"L2",0.702314950871913,0.395882516749743,0.0452460212176887,0.0918157089138206,"L1_Linear_SVM"
0.4,"L2",0.697446549231359,0.387523121351111,0.04547277479694,0.0916425219083801,"L1_Linear_SVM"
0.5,"L2",0.697245299004793,0.387876621566504,0.0454976298818971,0.0912843695371714,"L1_Linear_SVM"
0.6,"L2",0.695037199087832,0.383864935510943,0.0453448834388687,0.0909030026694861,"L1_Linear_SVM"
0.7,"L2",0.692830781033313,0.379698835674069,0.0451127769028079,0.0902806914975945,"L1_Linear_SVM"
0.8,"L2",0.693613268587952,0.381263009901281,0.0455658319030489,0.0915414922960675,"L1_Linear_SVM"
0.9,"L2",0.691226414935276,0.376712518026838,0.0454024212887797,0.0910758488175733,"L1_Linear_SVM"
1,"L2",0.691528547401965,0.377439811101326,0.044652765910154,0.0896482706283782,"L1_Linear_SVM"
0.1,"L2",0.683186126110177,0.345403956994247,0.0408424044662158,0.0863606782107075,"L1_Linear_SVM"
0.2,"L2",0.698745170441373,0.386364847497755,0.0461482113100118,0.0941429693878201,"L1_Linear_SVM"
0.3,"L2",0.688106265042974,0.367789994886754,0.0465696401293982,0.0936085081618591,"L1_Linear_SVM"
0.4,"L2",0.684926095002044,0.362689980845746,0.0485607730727995,0.0975288087584088,"L1_Linear_SVM"
0.5,"L2",0.681444707191543,0.356332224148549,0.0475345683523874,0.0954968355953318,"L1_Linear_SVM"
0.6,"L2",0.678061398517095,0.349829247188826,0.0469213813476242,0.0943518184528386,"L1_Linear_SVM"
0.7,"L2",0.676156223523312,0.346146348380582,0.0474413647778331,0.0954738174342047,"L1_Linear_SVM"
0.8,"L2",0.673950370304801,0.341930469385432,0.0474544895014892,0.0954788406251456,"L1_Linear_SVM"
0.9,"L2",0.67292770942138,0.339984243314236,0.046612731203957,0.0941296420655583,"L1_Linear_SVM"
1,"L2",0.671203910014037,0.336516426017796,0.0473025074095162,0.095416295006345,"L1_Linear_SVM"
0.1,"L2",0.687046038349836,0.35158396108007,0.0429553744639157,0.0907668139481657,"L1_Linear_SVM"
0.2,"L2",0.700102079355244,0.388705194740468,0.0436060737344858,0.0886601498494022,"L1_Linear_SVM"
0.3,"L2",0.691245121966641,0.37461788096308,0.0463522009206333,0.0937326736834905,"L1_Linear_SVM"
0.4,"L2",0.686535392877165,0.366784740337557,0.0474174608639509,0.0955289761283701,"L1_Linear_SVM"
0.5,"L2",0.682473682435708,0.359420007755219,0.0474963666412915,0.0954025449035974,"L1_Linear_SVM"
0.6,"L2",0.680287712287712,0.355442530493707,0.0474842250758501,0.0952209589366506,"L1_Linear_SVM"
0.7,"L2",0.678482753533386,0.352000473937955,0.0467936762523911,0.0939251075834562,"L1_Linear_SVM"
0.8,"L2",0.677225061857973,0.349520001226249,0.0465593757061349,0.0935073961917966,"L1_Linear_SVM"
0.9,"L2",0.676795373402968,0.348853238335263,0.046892171786301,0.094237604238906,"L1_Linear_SVM"
1,"L2",0.676594797607456,0.348290770092137,0.046828059621273,0.0943351975182909,"L1_Linear_SVM"
0.1,"L2",0.701884229694356,0.385259983375689,0.0436162913475568,0.0915239175167527,"L1_Linear_SVM"
0.2,"L2",0.719515467654708,0.430677451985988,0.0464074425398433,0.0945916907108092,"L1_Linear_SVM"
0.3,"L2",0.711240991076434,0.416098254388305,0.0462167471028081,0.0931183427928075,"L1_Linear_SVM"
0.4,"L2",0.70334962927368,0.401214507346013,0.044441963073461,0.0891865003375159,"L1_Linear_SVM"
0.5,"L2",0.698284331702053,0.39158413912191,0.0462599754597046,0.0925317704548446,"L1_Linear_SVM"
0.6,"L2",0.694110303198911,0.383484594897618,0.0473531215563696,0.0947022050164831,"L1_Linear_SVM"
0.7,"L2",0.691942399372779,0.37939659657634,0.0472262044543681,0.0942827854322398,"L1_Linear_SVM"
0.8,"L2",0.690018631157872,0.375447334614824,0.0468673759070736,0.0937607333933509,"L1_Linear_SVM"
0.9,"L2",0.68899070128184,0.373365288105437,0.0471355968150222,0.0944284848381372,"L1_Linear_SVM"
1,"L2",0.688134144336676,0.371717715834821,0.0456294157150149,0.0915554301414895,"L1_Linear_SVM"
0.1,"L2",0.68062028688611,0.341817597142086,0.0415127180785617,0.0851962347152509,"L1_Linear_SVM"
0.2,"L2",0.68865094820791,0.367010868799681,0.0434035812003418,0.0886762266064721,"L1_Linear_SVM"
0.3,"L2",0.685683089062836,0.364045369012101,0.0424712561722629,0.0859028637605195,"L1_Linear_SVM"
0.4,"L2",0.679420752243537,0.35273690119165,0.0446681541132397,0.0900613174169536,"L1_Linear_SVM"
0.5,"L2",0.675464303628861,0.345400143410006,0.0451780501234191,0.0909839357832094,"L1_Linear_SVM"
0.6,"L2",0.672767392944608,0.340440313411079,0.0453571389110333,0.0915564306355952,"L1_Linear_SVM"
0.7,"L2",0.671082841209424,0.33726109662885,0.045515037377286,0.0917401159832772,"L1_Linear_SVM"
0.8,"L2",0.669097754566109,0.333425621431102,0.0457759633345471,0.0921979287847502,"L1_Linear_SVM"
0.9,"L2",0.667135446831649,0.329560952795417,0.0457461034062045,0.0921311314295249,"L1_Linear_SVM"
1,"L2",0.665686823724798,0.326699981153034,0.045633715225797,0.0918519322334482,"L1_Linear_SVM"
0.1,"L2",0.719095145360968,0.422271933001701,0.0394656025872285,0.0815468868827038,"L1_Linear_SVM"
0.2,"L2",0.701597035875517,0.392946739595545,0.0448918643184971,0.091191753621432,"L1_Linear_SVM"
0.3,"L2",0.694854310246715,0.383154754027789,0.0472766477341276,0.0949932990275053,"L1_Linear_SVM"
0.4,"L2",0.68920770790391,0.373845702974339,0.0476422536341866,0.0949451927738259,"L1_Linear_SVM"
0.5,"L2",0.684061891694803,0.364341019547435,0.0479305081950154,0.0956694133347759,"L1_Linear_SVM"
0.6,"L2",0.678995603552566,0.354680180868052,0.0477373695717373,0.0948674492679761,"L1_Linear_SVM"
0.7,"L2",0.676986115150672,0.350776587042416,0.0472663502028042,0.0939070615799106,"L1_Linear_SVM"
0.8,"L2",0.675385985322694,0.347708247397225,0.0465361345995815,0.0924792937828531,"L1_Linear_SVM"
0.9,"L2",0.675232704004856,0.347383058383899,0.0459197095128756,0.0912134763293051,"L1_Linear_SVM"
1,"L2",0.67340797177506,0.343648762250376,0.0456304140658676,0.0907448414993953,"L1_Linear_SVM"
0.1,"L2",0.700362590995502,0.381467991369775,0.0418181005868109,0.0856717692644063,"L1_Linear_SVM"
0.2,"L2",0.677714353157391,0.343723374862636,0.0489867422826594,0.0973141620523991,"L1_Linear_SVM"
0.3,"L2",0.669645683430494,0.331694378626011,0.0536798004710049,0.105412990419179,"L1_Linear_SVM"
0.4,"L2",0.66752480009442,0.329160028668158,0.0535103705264822,0.104593528997998,"L1_Linear_SVM"
0.5,"L2",0.66712004451245,0.329283177002633,0.0559364321350105,0.109108169358395,"L1_Linear_SVM"
0.6,"L2",0.666837668660453,0.329347626788108,0.054601076681119,0.106271637697797,"L1_Linear_SVM"
0.7,"L2",0.667017240143822,0.329958700811977,0.0546454868390151,0.106332313029218,"L1_Linear_SVM"
0.8,"L2",0.665399258968879,0.326890210617728,0.0547009890823009,0.106675943622355,"L1_Linear_SVM"
0.9,"L2",0.666204850002318,0.328540702046538,0.0540122220109881,0.105504352800748,"L1_Linear_SVM"
1,"L2",0.665144753980197,0.326555135075858,0.0539176414958334,0.105501632531515,"L1_Linear_SVM"
0.1,"L2",0.720775254281583,0.423986766496598,0.0383873270916081,0.0811098290551883,"L1_Linear_SVM"
0.2,"L2",0.713177105594827,0.41749023306606,0.0431665964585727,0.0882907019319878,"L1_Linear_SVM"
0.3,"L2",0.700108035424491,0.393242731194183,0.0442460835255341,0.0900135784358014,"L1_Linear_SVM"
0.4,"L2",0.69225146161855,0.37835814693638,0.0459024141277744,0.0931125387014773,"L1_Linear_SVM"
0.5,"L2",0.68753326420415,0.369494307981637,0.0467693010039801,0.0945627217586963,"L1_Linear_SVM"
0.6,"L2",0.685465311060248,0.365639264860611,0.0468607342737541,0.0947161582728953,"L1_Linear_SVM"
0.7,"L2",0.681649641497743,0.358204795910742,0.0461892230512947,0.0933019098648064,"L1_Linear_SVM"
0.8,"L2",0.679100692556389,0.35309475377738,0.0459845412951626,0.0930073291793809,"L1_Linear_SVM"
0.9,"L2",0.676581722075393,0.348306429636561,0.0464534610759669,0.0938784265800747,"L1_Linear_SVM"
1,"L2",0.675754692564819,0.346539435598475,0.0450770135773165,0.091194891854782,"L1_Linear_SVM"
0.1,"L2",0.690565232236118,0.362194716367296,0.0407417594740353,0.0844672273454987,"L1_Linear_SVM"
0.2,"L2",0.704762532825824,0.398828863807401,0.0450865117098013,0.0908790656006549,"L1_Linear_SVM"
0.3,"L2",0.699850364825048,0.391626985223186,0.046185116050416,0.0927130956681998,"L1_Linear_SVM"
0.4,"L2",0.694882678502932,0.382870838404041,0.0473053552214133,0.0947973312454919,"L1_Linear_SVM"
0.5,"L2",0.690192942079018,0.374052367983628,0.0475379443284566,0.0949396904250391,"L1_Linear_SVM"
0.6,"L2",0.68655019242361,0.366992490227823,0.0465128298460702,0.0926892886450469,"L1_Linear_SVM"
0.7,"L2",0.684645573835447,0.363270325996651,0.0471931909925333,0.094196607674144,"L1_Linear_SVM"
0.8,"L2",0.68328751417359,0.360734607094638,0.0467068398219904,0.0930844030158531,"L1_Linear_SVM"
0.9,"L2",0.682320245155688,0.358945764499179,0.0472423938722533,0.0941909351538201,"L1_Linear_SVM"
1,"L2",0.682479343441369,0.35933339711715,0.0467724484457964,0.0932525689448878,"L1_Linear_SVM"
0.1,"L2",0.716384653321362,0.41317874403898,0.0398009669113529,0.0846506137881168,"L1_Linear_SVM"
0.2,"L2",0.704212808288758,0.396922095845031,0.0424160125880329,0.0864229464905983,"L1_Linear_SVM"
0.3,"L2",0.695392000404659,0.382132277287929,0.0452599732727434,0.0906882724989237,"L1_Linear_SVM"
0.4,"L2",0.693345194889499,0.379405089662913,0.0467130374795149,0.0935803201247099,"L1_Linear_SVM"
0.5,"L2",0.690780451615895,0.374838832475631,0.0469275708548157,0.0936951280498651,"L1_Linear_SVM"
0.6,"L2",0.690601579854744,0.374792280508312,0.046127367341991,0.092146982754994,"L1_Linear_SVM"
0.7,"L2",0.689638913828787,0.373126358516124,0.0455772984989119,0.0910380291086322,"L1_Linear_SVM"
0.8,"L2",0.689036520441584,0.372059705068634,0.0471149321269918,0.0939711330810011,"L1_Linear_SVM"
0.9,"L2",0.689019200209074,0.372029801121919,0.0460166631893826,0.0917964960593199,"L1_Linear_SVM"
1,"L2",0.688210363476186,0.37054051415179,0.0460575382470236,0.0920580911698127,"L1_Linear_SVM"
0.1,"L2",0.688525225829023,0.356844907340575,0.039407592950708,0.0811777608297546,"L1_Linear_SVM"
0.2,"L2",0.700070031234588,0.390879563393102,0.0459942174637683,0.090463319201308,"L1_Linear_SVM"
0.3,"L2",0.68969669149416,0.373743250933296,0.0500280983879506,0.0964132783560806,"L1_Linear_SVM"
0.4,"L2",0.684506350189894,0.365117482639789,0.0520163613991643,0.0990463550277106,"L1_Linear_SVM"
0.5,"L2",0.682595973646607,0.362284650115297,0.0535607353389333,0.101429811058973,"L1_Linear_SVM"
0.6,"L2",0.681398285259045,0.360397001064285,0.0552024539903601,0.104371043864162,"L1_Linear_SVM"
0.7,"L2",0.679826334003549,0.357568426297787,0.0551784774607003,0.104147455690989,"L1_Linear_SVM"
0.8,"L2",0.680516711136964,0.358946787031378,0.0545119828058423,0.103334116057969,"L1_Linear_SVM"
0.9,"L2",0.679730653312932,0.357342459177586,0.0544586794617016,0.103987544438076,"L1_Linear_SVM"
1,"L2",0.67957683245025,0.356952876174846,0.0539934579064672,0.103449434062794,"L1_Linear_SVM"
0.1,"L2",0.695459456155659,0.369308471369715,0.0409656100113406,0.0868967354835334,"L1_Linear_SVM"
0.2,"L2",0.716606768758667,0.42291470462243,0.0437478163110393,0.0896832822296208,"L1_Linear_SVM"
0.3,"L2",0.704147999679645,0.401181859853191,0.0467990652318645,0.0946675531488182,"L1_Linear_SVM"
0.4,"L2",0.694378735188862,0.382833596047257,0.0490061680543219,0.0982834132243305,"L1_Linear_SVM"
0.5,"L2",0.689826881978781,0.374492696701855,0.049238818057652,0.0982290965931978,"L1_Linear_SVM"
0.6,"L2",0.686060197186779,0.367112274815403,0.0502918707311431,0.10010803661086,"L1_Linear_SVM"
0.7,"L2",0.683625547448332,0.362346055778383,0.0491494303862283,0.0978007958980148,"L1_Linear_SVM"
0.8,"L2",0.680931975197798,0.357132723902225,0.0499664762015389,0.0993185147377565,"L1_Linear_SVM"
0.9,"L2",0.679119167752079,0.353348783316978,0.0493045454111228,0.0982446202269365,"L1_Linear_SVM"
1,"L2",0.678768042084498,0.352550145224312,0.0503890245654284,0.100520982556702,"L1_Linear_SVM"
0.1,"L2",0.702568267175862,0.398298939611127,0.0482111997688604,0.0944947354640758,"L1_Linear_SVM"
0.2,"L2",0.661210709122102,0.324583019978763,0.0488078370818289,0.094896390888926,"L1_Linear_SVM"
0.3,"L2",0.648539936856393,0.301484037162884,0.0485243719761958,0.0937000582653236,"L1_Linear_SVM"
0.4,"L2",0.646759287126376,0.298594272353262,0.0472025426558601,0.0911876206765816,"L1_Linear_SVM"
0.5,"L2",0.642087633885102,0.289893116429629,0.0470926064115526,0.0909202091823515,"L1_Linear_SVM"
0.6,"L2",0.641327183365158,0.288753377589405,0.0482742110605245,0.0932257523597493,"L1_Linear_SVM"
0.7,"L2",0.639879883829251,0.285980954356859,0.0480491977427941,0.0927299514896865,"L1_Linear_SVM"
0.8,"L2",0.640818316704393,0.28767498902184,0.0488379477128094,0.0945880083964065,"L1_Linear_SVM"
0.9,"L2",0.641501603881351,0.288617546156841,0.0486664379548169,0.0944854793657411,"L1_Linear_SVM"
1,"L2",0.640584301774175,0.286501198830183,0.0495424198063916,0.0963927913624107,"L1_Linear_SVM"
0.1,"L2",0.707169193675523,0.393799747740071,0.0398049686462178,0.0844673093652125,"L1_Linear_SVM"
0.2,"L2",0.694045304906064,0.376683644884037,0.0429459637572664,0.0875544283168401,"L1_Linear_SVM"
0.3,"L2",0.685658299506401,0.363723709119392,0.0463742342296869,0.0931369110318179,"L1_Linear_SVM"
0.4,"L2",0.682102395494801,0.358069009141793,0.0480366139465446,0.0957652095833698,"L1_Linear_SVM"
0.5,"L2",0.679678797995254,0.354007852181451,0.047711534450626,0.0946809185805657,"L1_Linear_SVM"
0.6,"L2",0.676455536025156,0.34800842898328,0.0481222013077414,0.0952484353812672,"L1_Linear_SVM"
0.7,"L2",0.675685580242542,0.346564341637676,0.0478649176721949,0.0949645134987702,"L1_Linear_SVM"
0.8,"L2",0.67402433010028,0.343352260031978,0.0476778640192519,0.0944083773894601,"L1_Linear_SVM"
0.9,"L2",0.673705678287957,0.342809577428129,0.0466662267871945,0.0927600958591561,"L1_Linear_SVM"
1,"L2",0.671766996716364,0.338833502770234,0.0457769914661109,0.0914041492027073,"L1_Linear_SVM"
0.1,"L2",0.707147704616059,0.409123119825456,0.0473074149517876,0.0937810129153389,"L1_Linear_SVM"
0.2,"L2",0.681908766339146,0.362847309754333,0.0463850895559228,0.0916630172817837,"L1_Linear_SVM"
0.3,"L2",0.674095634323482,0.350588456830699,0.0480510737421724,0.0940467967653448,"L1_Linear_SVM"
0.4,"L2",0.666853513575033,0.33796061910945,0.047105528368027,0.0920086953978402,"L1_Linear_SVM"
0.5,"L2",0.664503209870298,0.334408968936519,0.0476689863390076,0.0925826130585528,"L1_Linear_SVM"
0.6,"L2",0.660995523463878,0.327689843115247,0.048239534138993,0.0939462421394771,"L1_Linear_SVM"
0.7,"L2",0.660324295957207,0.326190323428438,0.0489206808416284,0.0956080293965531,"L1_Linear_SVM"
0.8,"L2",0.659989015204205,0.32523463389341,0.0478474526022099,0.0938133591181733,"L1_Linear_SVM"
0.9,"L2",0.658621960318163,0.322245882285758,0.0488450918027755,0.0955732540987101,"L1_Linear_SVM"
1,"L2",0.658190257000384,0.321130147355341,0.0487160140988619,0.095783182077451,"L1_Linear_SVM"
0.1,"L2",0.690143894080603,0.360276746431576,0.0416315196508194,0.0846552505909522,"L1_Linear_SVM"
0.2,"L2",0.693003747307545,0.375006210118083,0.0464676765061585,0.093853612462857,"L1_Linear_SVM"
0.3,"L2",0.691769091667826,0.37617058005843,0.0446403537801455,0.0895770922464781,"L1_Linear_SVM"
0.4,"L2",0.686474264132492,0.367102933553104,0.0462120534180379,0.0923723786289244,"L1_Linear_SVM"
0.5,"L2",0.683300045945616,0.361368521768415,0.0471543220560909,0.094290098362452,"L1_Linear_SVM"
0.6,"L2",0.679909230010496,0.354797609306253,0.0474452334280072,0.0951760715570937,"L1_Linear_SVM"
0.7,"L2",0.677437929159448,0.349966264382228,0.0464155771944101,0.0930676401392109,"L1_Linear_SVM"
0.8,"L2",0.676212643896188,0.347564828527134,0.0470226781586238,0.0945224651876779,"L1_Linear_SVM"
0.9,"L2",0.675125625429423,0.345390063322462,0.0471405133972142,0.0950660339393745,"L1_Linear_SVM"
1,"L2",0.674638804233741,0.344386798563238,0.0457085442317548,0.0921268588536118,"L1_Linear_SVM"
0.1,"L2",0.722867250892567,0.426885437213308,0.044495558035501,0.0949156336050184,"L1_Linear_SVM"
0.2,"L2",0.718935541251997,0.427323525678702,0.0447325093794084,0.0925028208642135,"L1_Linear_SVM"
0.3,"L2",0.707063329075987,0.406367936935888,0.0457315257928528,0.0931193202264722,"L1_Linear_SVM"
0.4,"L2",0.69967698967699,0.392832644121553,0.0475619707115343,0.0961736008252238,"L1_Linear_SVM"
0.5,"L2",0.696594456176735,0.38726430803381,0.0465159261945282,0.0938773603935798,"L1_Linear_SVM"
0.6,"L2",0.696166006988792,0.386882990473168,0.0471468081966848,0.0948613546284802,"L1_Linear_SVM"
0.7,"L2",0.69565483461686,0.385983368811874,0.0465866761079838,0.0938023859089562,"L1_Linear_SVM"
0.8,"L2",0.69458899750039,0.383979800668674,0.0467817840494169,0.0943359741932434,"L1_Linear_SVM"
0.9,"L2",0.694059956920716,0.383059623943057,0.0467471832417388,0.0941866804214121,"L1_Linear_SVM"
1,"L2",0.69407677554513,0.382995943813017,0.0457736092058061,0.0924910843015844,"L1_Linear_SVM"
0.1,"L2",0.706012666658236,0.391269922644613,0.041248250440342,0.0870375266890912,"L1_Linear_SVM"
0.2,"L2",0.685814442941025,0.358793956338988,0.0436190734739104,0.0892889253823991,"L1_Linear_SVM"
0.3,"L2",0.669339529668644,0.329305097364178,0.0465533249276744,0.0942281788830039,"L1_Linear_SVM"
0.4,"L2",0.663404068505334,0.318981143151177,0.0474568686318209,0.0950364820489729,"L1_Linear_SVM"
0.5,"L2",0.659257645308278,0.31127656191004,0.0473773412095225,0.0950228832249183,"L1_Linear_SVM"
0.6,"L2",0.656989466229973,0.307144404751804,0.047303000483146,0.0947642887135326,"L1_Linear_SVM"
0.7,"L2",0.656051218823371,0.30563252778913,0.0473258795630932,0.0947715853599939,"L1_Linear_SVM"
0.8,"L2",0.653685352622062,0.301072840501141,0.0475275616991363,0.0950114560571488,"L1_Linear_SVM"
0.9,"L2",0.653131020877856,0.299982231247482,0.047797427940088,0.0956264877806243,"L1_Linear_SVM"
1,"L2",0.652267972533795,0.298449210724435,0.0467471483619437,0.0935211323291646,"L1_Linear_SVM"
0.1,"L2",0.70043109632983,0.380657686194028,0.0390281772374223,0.0819464147490246,"L1_Linear_SVM"
0.2,"L2",0.696654210768135,0.382405405901205,0.0463206760377246,0.0927233420744811,"L1_Linear_SVM"
0.3,"L2",0.690323414981643,0.372702778515399,0.0481612242163656,0.0956386782328133,"L1_Linear_SVM"
0.4,"L2",0.689002048584327,0.370963275619728,0.048306428247927,0.0959393579393225,"L1_Linear_SVM"
0.5,"L2",0.687978628965971,0.369364601936374,0.0478439762045141,0.0949693265021006,"L1_Linear_SVM"
0.6,"L2",0.686987034062983,0.367467919939005,0.047095583311576,0.0942194823027581,"L1_Linear_SVM"
0.7,"L2",0.685896462187601,0.365444401529545,0.0468157342403597,0.0935798669000476,"L1_Linear_SVM"
0.8,"L2",0.686104186952288,0.365916568114808,0.0470707262014299,0.09421711664237,"L1_Linear_SVM"
0.9,"L2",0.68559040959041,0.36488789999934,0.0473429409215319,0.0949383879651688,"L1_Linear_SVM"
1,"L2",0.685820120807463,0.365272721472727,0.0461146605567525,0.0925467075670991,"L1_Linear_SVM"
0.1,"L2",0.698297036297036,0.376856704088308,0.0428965358303078,0.0912205735447512,"L1_Linear_SVM"
0.2,"L2",0.685683232379435,0.360808434444591,0.0442541296236343,0.0902476271014433,"L1_Linear_SVM"
0.3,"L2",0.68126381213723,0.354580073470457,0.0445182499533208,0.0903212263242339,"L1_Linear_SVM"
0.4,"L2",0.681628072349591,0.356526037639199,0.0441956818013101,0.0894800136498677,"L1_Linear_SVM"
0.5,"L2",0.681291510177586,0.356570395918334,0.0445460981826671,0.0899355393579308,"L1_Linear_SVM"
0.6,"L2",0.680548476839616,0.35538145144523,0.0432790274690293,0.0872313700591601,"L1_Linear_SVM"
0.7,"L2",0.679330407988636,0.353177327454907,0.0439437152296313,0.0887984767504184,"L1_Linear_SVM"
0.8,"L2",0.678160632616329,0.350982366563363,0.0447092458099068,0.0903391104449744,"L1_Linear_SVM"
0.9,"L2",0.677872389214161,0.350559318327817,0.0438070263103016,0.0887170614396877,"L1_Linear_SVM"
1,"L2",0.677241808824087,0.349318383274245,0.0438555894794134,0.0888698513224784,"L1_Linear_SVM"
0.1,"L2",0.696616240299785,0.371529714049625,0.0423111982177803,0.0905389815592746,"L1_Linear_SVM"
0.2,"L2",0.69004597090673,0.367320642525497,0.0468915674121037,0.0970710801358162,"L1_Linear_SVM"
0.3,"L2",0.686252055960917,0.362644054487389,0.0482240918083709,0.0993437258469773,"L1_Linear_SVM"
0.4,"L2",0.677159667336882,0.345528020306377,0.0476280149291251,0.0978651686146599,"L1_Linear_SVM"
0.5,"L2",0.671420297002575,0.334619557423132,0.0480791584138014,0.0984675529665885,"L1_Linear_SVM"
0.6,"L2",0.668673368825268,0.329418334121232,0.0474186243618273,0.0969436242009961,"L1_Linear_SVM"
0.7,"L2",0.66735693842023,0.327054353159411,0.04747462780646,0.0971061163803278,"L1_Linear_SVM"
0.8,"L2",0.666898654088528,0.326383529865579,0.0474357084204636,0.096822048904071,"L1_Linear_SVM"
0.9,"L2",0.666603695882177,0.325828853945427,0.0482044029360156,0.0983227657904587,"L1_Linear_SVM"
1,"L2",0.665444930596829,0.323513800114352,0.048084299683124,0.0981041977107723,"L1_Linear_SVM"
0.1,"L2",0.694516744858517,0.368138980185291,0.0424385750338629,0.0889071508217651,"L1_Linear_SVM"
0.2,"L2",0.678373407183534,0.346019787855348,0.0458154909394924,0.0931594962455882,"L1_Linear_SVM"
0.3,"L2",0.673465167743649,0.339794872945194,0.0470974254612218,0.0951269825974218,"L1_Linear_SVM"
0.4,"L2",0.673616834642151,0.341395609395946,0.0505290343544025,0.101334544488071,"L1_Linear_SVM"
0.5,"L2",0.673746671050468,0.342234373168005,0.0490481918632116,0.0983538255794631,"L1_Linear_SVM"
0.6,"L2",0.672761993280981,0.340629325701311,0.0499857935973276,0.100037628038605,"L1_Linear_SVM"
0.7,"L2",0.672535076737608,0.34030418087505,0.0492263827014245,0.0983849678874608,"L1_Linear_SVM"
0.8,"L2",0.670626563310108,0.336592132763887,0.0500280073734067,0.0998224242661792,"L1_Linear_SVM"
0.9,"L2",0.669991013206203,0.335514886703508,0.0505610858726982,0.100876936733999,"L1_Linear_SVM"
1,"L2",0.670401286477236,0.336469726106363,0.049961429165015,0.0997589448743001,"L1_Linear_SVM"
0.1,"L2",0.684287788161206,0.347046685035222,0.0418668331473422,0.0871400951521918,"L1_Linear_SVM"
0.2,"L2",0.680014959723821,0.347983840760027,0.0453304433499905,0.0926472526703437,"L1_Linear_SVM"
0.3,"L2",0.67387917146145,0.339062064796434,0.0470664016086027,0.0951608770446603,"L1_Linear_SVM"
0.4,"L2",0.672385808284542,0.337607760151493,0.0466398797337204,0.0938149785137805,"L1_Linear_SVM"
0.5,"L2",0.668691127437963,0.330916905439327,0.0472236710124581,0.0950346712230611,"L1_Linear_SVM"
0.6,"L2",0.667495677318462,0.328891430613852,0.0483229619732077,0.0971553053234833,"L1_Linear_SVM"
0.7,"L2",0.665841327448922,0.325874689852384,0.0491875632526877,0.098931440061449,"L1_Linear_SVM"
0.8,"L2",0.664030484283649,0.322442555630391,0.0489334198457661,0.0985834448826937,"L1_Linear_SVM"
0.9,"L2",0.663153846153846,0.320650661122724,0.048888982789834,0.0984364057272377,"L1_Linear_SVM"
1,"L2",0.664529015288509,0.323645072864854,0.0483855470895893,0.0973381658123186,"L1_Linear_SVM"
0.1,"L2",0.691615485780043,0.371994528159644,0.0465116009665452,0.094330670290187,"L1_Linear_SVM"
0.2,"L2",0.670132538347728,0.336213883507587,0.0459314739330648,0.092256762906842,"L1_Linear_SVM"
0.3,"L2",0.663156822080873,0.325680210060985,0.04787918399045,0.0950307806699544,"L1_Linear_SVM"
0.4,"L2",0.656335592677365,0.314257716808841,0.0476107343355175,0.0939266508889251,"L1_Linear_SVM"
0.5,"L2",0.651238546263863,0.305483225017461,0.0480557894274514,0.0938380994977729,"L1_Linear_SVM"
0.6,"L2",0.646888942281347,0.297677206968062,0.0476310191362612,0.0927875374981461,"L1_Linear_SVM"
0.7,"L2",0.64451983038059,0.293275988670011,0.0469950554210034,0.0915537381450048,"L1_Linear_SVM"
0.8,"L2",0.641707115669141,0.287675209570981,0.0483483292596191,0.0941523715641635,"L1_Linear_SVM"
0.9,"L2",0.640920041983333,0.286115243829371,0.0492174157389208,0.0958052738145718,"L1_Linear_SVM"
1,"L2",0.638943120170968,0.281960317741558,0.0494276441737978,0.0966509515424013,"L1_Linear_SVM"
0.1,"L2",0.693273241526406,0.365896233410272,0.0409498133487088,0.0862691362819959,"L1_Linear_SVM"
0.2,"L2",0.691754545033026,0.373881255639659,0.0477101322663833,0.0949627701304938,"L1_Linear_SVM"
0.3,"L2",0.687182311359527,0.367096802642984,0.0495320155489065,0.098418169269773,"L1_Linear_SVM"
0.4,"L2",0.680595644861468,0.355113728287755,0.0492571721568673,0.0980758177532815,"L1_Linear_SVM"
0.5,"L2",0.676950846621733,0.348403516555595,0.0497675272850993,0.0989725064511994,"L1_Linear_SVM"
0.6,"L2",0.672292542900138,0.339404859012073,0.0495306203428888,0.0984415941706947,"L1_Linear_SVM"
0.7,"L2",0.670910789632309,0.336912274622639,0.0492649011243611,0.0978679378887237,"L1_Linear_SVM"
0.8,"L2",0.66990141925585,0.334908168912898,0.0487176023005548,0.0970646574497488,"L1_Linear_SVM"
0.9,"L2",0.669825495179926,0.334889796813971,0.0490772105270103,0.0976260456727141,"L1_Linear_SVM"
1,"L2",0.668861821722581,0.332949546142036,0.0487150660279587,0.0970917289190406,"L1_Linear_SVM"
0.1,"L2",0.709412743374769,0.399095267552069,0.0421081535855136,0.0898171686901817,"L1_Linear_SVM"
0.2,"L2",0.706483714597639,0.402940438667098,0.044776904348298,0.091393667863525,"L1_Linear_SVM"
0.3,"L2",0.698980580600834,0.390685668746456,0.0470176907614323,0.0951672210245599,"L1_Linear_SVM"
0.4,"L2",0.694472443168646,0.383117374029002,0.0478597480623392,0.0960542970961295,"L1_Linear_SVM"
0.5,"L2",0.690015065103673,0.374875058943149,0.0484084146869019,0.0969988191045371,"L1_Linear_SVM"
0.6,"L2",0.688062452315617,0.371405310649665,0.0487073402386893,0.0973881701318139,"L1_Linear_SVM"
0.7,"L2",0.687758304986153,0.371155122250268,0.048835060970038,0.0977866172950474,"L1_Linear_SVM"
0.8,"L2",0.687635351989782,0.371020783190908,0.0488670565321783,0.0977679460294302,"L1_Linear_SVM"
0.9,"L2",0.685902430902431,0.367684551718004,0.0496331261103207,0.099227445975469,"L1_Linear_SVM"
1,"L2",0.686622727483487,0.36904082381754,0.0493720775260519,0.0989419470402178,"L1_Linear_SVM"
0.1,"L2",0.726590257843422,0.437596513368541,0.0396045331659732,0.0824264235389083,"L1_Linear_SVM"
0.2,"L2",0.683199884503682,0.356598470299956,0.0432549312228155,0.0879236989039323,"L1_Linear_SVM"
0.3,"L2",0.67220368660875,0.337922787348847,0.0442201107319726,0.0888381606011512,"L1_Linear_SVM"
0.4,"L2",0.668188022947517,0.330962574713079,0.0449507297677825,0.0902238529154405,"L1_Linear_SVM"
0.5,"L2",0.665276381846002,0.325569979363925,0.0444954067292158,0.089210055218048,"L1_Linear_SVM"
0.6,"L2",0.664913386191867,0.324903214469134,0.0444408102654404,0.0893110687092644,"L1_Linear_SVM"
0.7,"L2",0.664730004173042,0.324849018482826,0.044438479299107,0.08933499583769,"L1_Linear_SVM"
0.8,"L2",0.663960415112314,0.323339273031566,0.0440445138049654,0.0884370118608522,"L1_Linear_SVM"
0.9,"L2",0.662984243604497,0.321460847650818,0.0446393912734576,0.0893530067699529,"L1_Linear_SVM"
1,"L2",0.662971825642712,0.321359300201246,0.0450618362375375,0.0904180018907362,"L1_Linear_SVM"
0.1,"L2",0.696165555963024,0.374502786763179,0.0423814898144071,0.0859201040750095,"L1_Linear_SVM"
0.2,"L2",0.697431846634378,0.386547450781518,0.0517333752103227,0.101512664148931,"L1_Linear_SVM"
0.3,"L2",0.695688556169569,0.386063089291413,0.0528076278246552,0.102825892223315,"L1_Linear_SVM"
0.4,"L2",0.693329016974587,0.382613174098431,0.0531610348436078,0.103419740877395,"L1_Linear_SVM"
0.5,"L2",0.69233746422354,0.381015029915863,0.0530347743458083,0.103265570044748,"L1_Linear_SVM"
0.6,"L2",0.69137675404764,0.379230433784,0.05316918472682,0.103520809904882,"L1_Linear_SVM"
0.7,"L2",0.692010630719491,0.380468527429997,0.0534891134361421,0.10428294413274,"L1_Linear_SVM"
0.8,"L2",0.692701298701299,0.381895849276183,0.0534784701151542,0.104488159661244,"L1_Linear_SVM"
0.9,"L2",0.693465711503686,0.383472070835381,0.0526829096681727,0.103339754016988,"L1_Linear_SVM"
1,"L2",0.693584145811994,0.383608374914742,0.0523582872480164,0.10298983773012,"L1_Linear_SVM"
0.1,"L2",0.696413008931996,0.372674062164596,0.0438781973383424,0.0907130720598893,"L1_Linear_SVM"
0.2,"L2",0.68988936801595,0.368770713604618,0.0463872664789449,0.0929927177058547,"L1_Linear_SVM"
0.3,"L2",0.685994486526132,0.364377370274788,0.0482562917545469,0.0961375067245498,"L1_Linear_SVM"
0.4,"L2",0.684408604054174,0.362915038690262,0.051698835316022,0.102033764352438,"L1_Linear_SVM"
0.5,"L2",0.682242297786602,0.359532973052421,0.0513784536853831,0.101136226626029,"L1_Linear_SVM"
0.6,"L2",0.680750481585925,0.357054690888366,0.0513549694645254,0.101149666374766,"L1_Linear_SVM"
0.7,"L2",0.678727268512079,0.353343893949438,0.0520499051953497,0.102469431698902,"L1_Linear_SVM"
0.8,"L2",0.676928893890919,0.349847874095608,0.0518070612256468,0.102069219023017,"L1_Linear_SVM"
0.9,"L2",0.676117802029194,0.348382789195845,0.051915396729217,0.102621539469664,"L1_Linear_SVM"
1,"L2",0.674641223755148,0.345343244996334,0.0512074024181412,0.101412304609451,"L1_Linear_SVM"
0.1,"L2",0.709133183272424,0.398470106057941,0.0386873442224662,0.082338510257134,"L1_Linear_SVM"
0.2,"L2",0.716146216652546,0.422139059820063,0.043975723150314,0.0901761124292846,"L1_Linear_SVM"
0.3,"L2",0.715377243010154,0.423710294139459,0.046287397831083,0.093941380719014,"L1_Linear_SVM"
0.4,"L2",0.712400177881191,0.41889496795505,0.0457891822336179,0.0927461027285841,"L1_Linear_SVM"
0.5,"L2",0.708693597541699,0.412218951478504,0.0450793285596996,0.0909651728110287,"L1_Linear_SVM"
0.6,"L2",0.70561954501195,0.406497650749436,0.0460698830868797,0.0926917756040028,"L1_Linear_SVM"
0.7,"L2",0.703356226052429,0.402154928425057,0.0459794282578105,0.0925142744421761,"L1_Linear_SVM"
0.8,"L2",0.700451624325042,0.396514961457735,0.0466233749741327,0.0937815454624028,"L1_Linear_SVM"
0.9,"L2",0.698991641270122,0.393710946537704,0.0462446480110051,0.0931017519138766,"L1_Linear_SVM"
1,"L2",0.697167916471714,0.390118998240013,0.0462760309119667,0.0930317254590989,"L1_Linear_SVM"
0.1,"L2",0.726059712439459,0.433160841363593,0.0404053006176689,0.086578001547399,"L1_Linear_SVM"
0.2,"L2",0.720225816377715,0.42821126804816,0.0407040412129487,0.0841656951444207,"L1_Linear_SVM"
0.3,"L2",0.704850609306305,0.400344169185361,0.0438985890815014,0.0892870627111315,"L1_Linear_SVM"
0.4,"L2",0.698125018441474,0.388399014756073,0.0462178225543593,0.0938693486916353,"L1_Linear_SVM"
0.5,"L2",0.696637956979729,0.386217065129366,0.0456791859280218,0.0925646729327101,"L1_Linear_SVM"
0.6,"L2",0.694441490998453,0.382192440762952,0.0466227278848811,0.0944093133288108,"L1_Linear_SVM"
0.7,"L2",0.694445111850175,0.382528986947199,0.0463378587945555,0.0939171496025858,"L1_Linear_SVM"
0.8,"L2",0.693622584166888,0.381032140936757,0.0469709529543551,0.0951909230365312,"L1_Linear_SVM"
0.9,"L2",0.692121380728976,0.378269031673749,0.0473674402594162,0.0958192561225505,"L1_Linear_SVM"
1,"L2",0.692787431977305,0.379600791554518,0.0465746139483529,0.0942276305113135,"L1_Linear_SVM"
0.1,"L2",0.676763316851924,0.3295518649428,0.0395280437395954,0.0837456054869414,"L1_Linear_SVM"
0.2,"L2",0.664020957945009,0.315520247327401,0.0446736352048634,0.0910018144042174,"L1_Linear_SVM"
0.3,"L2",0.663993635056926,0.318601338561277,0.0441224699018625,0.0894032560437755,"L1_Linear_SVM"
0.4,"L2",0.665085231224472,0.321967318883002,0.045176030608123,0.0912378642171265,"L1_Linear_SVM"
0.5,"L2",0.665160582034,0.32284951499113,0.045889319606136,0.0926561528482837,"L1_Linear_SVM"
0.6,"L2",0.663807024199429,0.320349932672897,0.0466775162800649,0.0941905693601025,"L1_Linear_SVM"
0.7,"L2",0.662925534381231,0.318814122847222,0.0464816868377078,0.0937282962580312,"L1_Linear_SVM"
0.8,"L2",0.662752939044078,0.318668271639938,0.0469879242408059,0.0949025832392775,"L1_Linear_SVM"
0.9,"L2",0.664128133469906,0.321491029624669,0.0480313265602141,0.0968840080963978,"L1_Linear_SVM"
1,"L2",0.662419205267307,0.318154012209571,0.0476592149193834,0.096260734395536,"L1_Linear_SVM"
0.1,"L2",0.705685892166905,0.391370183324757,0.0422403141062919,0.0898078388874933,"L1_Linear_SVM"
0.2,"L2",0.712500440487782,0.414738205100212,0.0452141661994004,0.0927584452920162,"L1_Linear_SVM"
0.3,"L2",0.711136412111096,0.41509190541959,0.0467863295958284,0.0955068938454734,"L1_Linear_SVM"
0.4,"L2",0.706995232615486,0.407741145151192,0.0469414357938252,0.0954059735571683,"L1_Linear_SVM"
0.5,"L2",0.703870981339336,0.401932956002686,0.0477711246413959,0.0967866782598804,"L1_Linear_SVM"
0.6,"L2",0.700918001829394,0.396332117091154,0.0473562099765696,0.095798037875342,"L1_Linear_SVM"
0.7,"L2",0.700591176755734,0.395848701122754,0.0471620472404612,0.0953116308498347,"L1_Linear_SVM"
0.8,"L2",0.698812301622428,0.392339632171454,0.0484470273824227,0.0978390012523149,"L1_Linear_SVM"
0.9,"L2",0.698368854773918,0.39148119342021,0.0478485709458984,0.0966128883514466,"L1_Linear_SVM"
1,"L2",0.696415344149521,0.387701834013301,0.0465057559235783,0.0939396606216931,"L1_Linear_SVM"
0.1,"L2",0.72579404561683,0.440269225394797,0.0416721811368969,0.0860514006028941,"L1_Linear_SVM"
0.2,"L2",0.69517732478492,0.385543706338639,0.047671160563554,0.0948165856791503,"L1_Linear_SVM"
0.3,"L2",0.683374869855882,0.365189518761562,0.0459631947977181,0.0904791007163548,"L1_Linear_SVM"
0.4,"L2",0.67609083743261,0.352466632583024,0.0476653450869261,0.0931828980317794,"L1_Linear_SVM"
0.5,"L2",0.671692164375709,0.344729693048863,0.0481289902383794,0.0940662783598319,"L1_Linear_SVM"
0.6,"L2",0.667011473758309,0.335922665019133,0.0477688888722506,0.0931378555412089,"L1_Linear_SVM"
0.7,"L2",0.666712586991068,0.335362899887335,0.0484758763922995,0.0948044996504632,"L1_Linear_SVM"
0.8,"L2",0.666049191315014,0.334065305397453,0.0478978549018064,0.094037472352914,"L1_Linear_SVM"
0.9,"L2",0.666609698318559,0.335118057507656,0.0478118537102088,0.0937092945668851,"L1_Linear_SVM"
1,"L2",0.666351239477822,0.334472257063686,0.0480969677591811,0.0946132454215421,"L1_Linear_SVM"
0.1,"L2",0.708957304299076,0.399202321337288,0.0406090114856242,0.0861161749728655,"L1_Linear_SVM"
0.2,"L2",0.714577591185186,0.418287021674777,0.0446390155390773,0.0901790055731535,"L1_Linear_SVM"
0.3,"L2",0.705766764880689,0.402976148541325,0.0455577803002865,0.0912775221951487,"L1_Linear_SVM"
0.4,"L2",0.702250197060324,0.397000517847244,0.045374236213655,0.0907753814677282,"L1_Linear_SVM"
0.5,"L2",0.700217714774677,0.393479059976423,0.0457948504457094,0.0914234455770704,"L1_Linear_SVM"
0.6,"L2",0.699115433090117,0.391661465717165,0.0456925215398656,0.0912930966793026,"L1_Linear_SVM"
0.7,"L2",0.698375763477029,0.390464386929821,0.0467091324418797,0.0934591225702713,"L1_Linear_SVM"
0.8,"L2",0.697894059526971,0.389539288457979,0.046792974001237,0.093859443318505,"L1_Linear_SVM"
0.9,"L2",0.697404532176684,0.388680880337373,0.048666109821741,0.0979001078752987,"L1_Linear_SVM"
1,"L2",0.697455506518798,0.388875977150866,0.0479839257859702,0.0965570625833968,"L1_Linear_SVM"
0.1,"L2",0.698011153403558,0.375647990294607,0.0397887898159034,0.0854338404422703,"L1_Linear_SVM"
0.2,"L2",0.70961917407487,0.409653128557555,0.0454932259644638,0.0924571650237172,"L1_Linear_SVM"
0.3,"L2",0.713008974148215,0.419108615921267,0.048041426227155,0.0971176514286441,"L1_Linear_SVM"
0.4,"L2",0.715850516572036,0.425875218585557,0.0488486192002921,0.098476593524587,"L1_Linear_SVM"
0.5,"L2",0.718537681727555,0.431853683855934,0.0496281124508951,0.100030316345856,"L1_Linear_SVM"
0.6,"L2",0.718667825845041,0.432401637875241,0.0503833097739265,0.101464933597536,"L1_Linear_SVM"
0.7,"L2",0.718610634091647,0.432478990029541,0.0505118116761371,0.101844812758128,"L1_Linear_SVM"
0.8,"L2",0.715860843797553,0.427117052812794,0.050215909106006,0.101333084031328,"L1_Linear_SVM"
0.9,"L2",0.714970540008515,0.425432792530943,0.0493075410578434,0.0994859373499503,"L1_Linear_SVM"
1,"L2",0.715069226132517,0.425566456656448,0.0492816543197119,0.0996005828531658,"L1_Linear_SVM"
0.1,"L2",0.689255638875892,0.359944573924928,0.0440067328810288,0.088305512784782,"L1_Linear_SVM"
0.2,"L2",0.691922655403668,0.373574760587805,0.0505272797890214,0.0992009243591457,"L1_Linear_SVM"
0.3,"L2",0.681383666965945,0.355612031535103,0.0529100620441195,0.102354996508619,"L1_Linear_SVM"
0.4,"L2",0.678234929627335,0.350527124326868,0.0534574580295004,0.103569169108033,"L1_Linear_SVM"
0.5,"L2",0.675515615186501,0.345830467339109,0.0516010926559836,0.0996928581672035,"L1_Linear_SVM"
0.6,"L2",0.675012873202747,0.34503687014536,0.0521952131986343,0.100872284891397,"L1_Linear_SVM"
0.7,"L2",0.673874007848691,0.342877501020382,0.051749970757326,0.100481303470058,"L1_Linear_SVM"
0.8,"L2",0.672799306179053,0.34076241964223,0.0504931889359964,0.098381912034857,"L1_Linear_SVM"
0.9,"L2",0.672695102365988,0.340642407142564,0.051539596857989,0.10058144399328,"L1_Linear_SVM"
1,"L2",0.672004341649911,0.339209102358758,0.0506870184481507,0.0992318414209859,"L1_Linear_SVM"
0.1,"L2",0.694395869952832,0.369726405270738,0.0419200923360485,0.0883288398150946,"L1_Linear_SVM"
0.2,"L2",0.690145997462453,0.370307409557182,0.0456717124437999,0.0934886776518915,"L1_Linear_SVM"
0.3,"L2",0.682410521967484,0.357852307164842,0.0482630865157165,0.0973868022262528,"L1_Linear_SVM"
0.4,"L2",0.677679223729857,0.349548452488144,0.0483638902616358,0.0975426721453428,"L1_Linear_SVM"
0.5,"L2",0.672947643074225,0.340610612315126,0.0484040226771833,0.0975121832991491,"L1_Linear_SVM"
0.6,"L2",0.669714943284563,0.334366988231433,0.0475961557173147,0.095910951660876,"L1_Linear_SVM"
0.7,"L2",0.668298161753858,0.331680702216722,0.0469255754071374,0.0946783368013556,"L1_Linear_SVM"
0.8,"L2",0.666718138401683,0.328636442644555,0.0468161643993725,0.0944652258282432,"L1_Linear_SVM"
0.9,"L2",0.665134776615789,0.325398681408786,0.0456172591152256,0.0922080985256941,"L1_Linear_SVM"
1,"L2",0.664809608113406,0.324968772065846,0.0458164356246373,0.0924860591945887,"L1_Linear_SVM"
0.1,"L2",0.69689933694997,0.375240674470881,0.0415473651003237,0.0868744621829848,"L1_Linear_SVM"
0.2,"L2",0.703253476481325,0.396791691284735,0.0434048460404524,0.087652574569299,"L1_Linear_SVM"
0.3,"L2",0.691021682958392,0.374660311367615,0.04443158417353,0.0883698174135701,"L1_Linear_SVM"
0.4,"L2",0.682773277355556,0.359402434189939,0.0476709006223923,0.0936106185398949,"L1_Linear_SVM"
0.5,"L2",0.679191340305264,0.352889599194589,0.0483713718129346,0.094338379647796,"L1_Linear_SVM"
0.6,"L2",0.677593124175403,0.350016069202559,0.0497474695026472,0.0969414332411722,"L1_Linear_SVM"
0.7,"L2",0.675216513444362,0.345514800741913,0.0504555769629096,0.0981961936867555,"L1_Linear_SVM"
0.8,"L2",0.675268077913648,0.34570077596092,0.0502837124678993,0.0981812689294387,"L1_Linear_SVM"
0.9,"L2",0.674176249910427,0.343432499374011,0.0495838079228482,0.0969733719403097,"L1_Linear_SVM"
1,"L2",0.672879226258973,0.340652052039228,0.0486319133469123,0.0958198182486884,"L1_Linear_SVM"
0.1,"L2",0.700116398369563,0.395149024762813,0.051011292368969,0.100369677263,"L1_Linear_SVM"
0.2,"L2",0.666872857100705,0.331716659053463,0.0518391509337898,0.102234221072223,"L1_Linear_SVM"
0.3,"L2",0.652835818190249,0.307681418162773,0.0539669096603548,0.105594963455142,"L1_Linear_SVM"
0.4,"L2",0.649018192777686,0.30188887991251,0.0523773449631858,0.101935094984128,"L1_Linear_SVM"
0.5,"L2",0.647369659875989,0.299395748678522,0.0532805465975285,0.103735286090105,"L1_Linear_SVM"
0.6,"L2",0.644407440660605,0.293816157508667,0.0521248074009244,0.101563186744485,"L1_Linear_SVM"
0.7,"L2",0.642281216673622,0.289547904623483,0.0519851343465737,0.101101786340038,"L1_Linear_SVM"
0.8,"L2",0.642626508512585,0.289992346109674,0.0525966347005159,0.102431380589046,"L1_Linear_SVM"
0.9,"L2",0.643043989765509,0.290323447649954,0.0523975193471687,0.102295109112423,"L1_Linear_SVM"
1,"L2",0.642609007026729,0.289072223245994,0.0516365826985707,0.101084516038368,"L1_Linear_SVM"
0.1,"L2",0.710612476131463,0.401196926497994,0.0390170342671383,0.0831003258420851,"L1_Linear_SVM"
0.2,"L2",0.699848720899354,0.388303609907385,0.0447444173311016,0.0918131304573246,"L1_Linear_SVM"
0.3,"L2",0.688252376315667,0.368439138542107,0.0461208183900984,0.0936522836946657,"L1_Linear_SVM"
0.4,"L2",0.684684378912227,0.363003839651283,0.0475328087658273,0.0956776452764914,"L1_Linear_SVM"
0.5,"L2",0.682730067400953,0.359893213441766,0.0483663419534408,0.0970501832070281,"L1_Linear_SVM"
0.6,"L2",0.681099453289327,0.357097843881337,0.048866590147851,0.0978060480305156,"L1_Linear_SVM"
0.7,"L2",0.680639554538289,0.356308267396118,0.0493099851246593,0.0987820162111663,"L1_Linear_SVM"
0.8,"L2",0.679981351981352,0.355121787164386,0.0492872108564195,0.0987894904966325,"L1_Linear_SVM"
0.9,"L2",0.680053646775166,0.355225897339175,0.0493222006679095,0.0990908276490708,"L1_Linear_SVM"
1,"L2",0.680409434447409,0.355953821498746,0.0509885025084862,0.102323480383275,"L1_Linear_SVM"
0.1,"L2",0.699262218793864,0.378327324534036,0.0405990795533836,0.0862988246401994,"L1_Linear_SVM"
0.2,"L2",0.694467296416663,0.378455865131337,0.0452397413305715,0.0922642721997264,"L1_Linear_SVM"
0.3,"L2",0.68492646172393,0.362143342639729,0.0464187615168613,0.0937566483664164,"L1_Linear_SVM"
0.4,"L2",0.678303051379001,0.350197315880811,0.0462318097878682,0.0928644827970142,"L1_Linear_SVM"
0.5,"L2",0.672912893014159,0.340143604953568,0.0455751234786404,0.0911553993391114,"L1_Linear_SVM"
0.6,"L2",0.668561683042696,0.331863645539392,0.0457822359374451,0.0914529380842808,"L1_Linear_SVM"
0.7,"L2",0.664865012624506,0.32463272470221,0.0463294714555167,0.09244632433226,"L1_Linear_SVM"
0.8,"L2",0.662140172064223,0.319248266012307,0.046988226145653,0.0936997733377561,"L1_Linear_SVM"
0.9,"L2",0.660510755067717,0.316060960351249,0.0477591101478645,0.0954522056702198,"L1_Linear_SVM"
1,"L2",0.660086900441331,0.315359189957041,0.0464249613406821,0.0928168297001973,"L1_Linear_SVM"
0.1,"L2",0.69966262851073,0.378526028238326,0.0383077920683953,0.0812649130029624,"L1_Linear_SVM"
0.2,"L2",0.688035917668829,0.364287865668327,0.0400564025568709,0.0816501637206006,"L1_Linear_SVM"
0.3,"L2",0.682296479891417,0.355994991671752,0.0431029395654698,0.086979692047509,"L1_Linear_SVM"
0.4,"L2",0.681033519223393,0.354920745498819,0.0418534392004922,0.0839346936439516,"L1_Linear_SVM"
0.5,"L2",0.680009218629472,0.353521164575185,0.0435334193152512,0.0872821871231474,"L1_Linear_SVM"
0.6,"L2",0.679047517882961,0.351948805746026,0.0443673207471015,0.0890949461899035,"L1_Linear_SVM"
0.7,"L2",0.678230191749179,0.350504843888829,0.044431086607357,0.0892567909767747,"L1_Linear_SVM"
0.8,"L2",0.67918322184145,0.352596674703112,0.0447491140668176,0.0899311610543715,"L1_Linear_SVM"
0.9,"L2",0.67902874340849,0.352478715630947,0.0444211684734576,0.0890549177574309,"L1_Linear_SVM"
1,"L2",0.678040103356559,0.350608733273052,0.0444757904647085,0.0891723494534161,"L1_Linear_SVM"
0.1,"L2",0.71041796178505,0.402131140773884,0.0425386211087498,0.0893857110351879,"L1_Linear_SVM"
0.2,"L2",0.70475047737073,0.398600153159938,0.0427880825273897,0.0866343253818762,"L1_Linear_SVM"
0.3,"L2",0.695137693530099,0.38238876280017,0.0458594531934475,0.0921884466566812,"L1_Linear_SVM"
0.4,"L2",0.692412254412254,0.378132781772538,0.0472140642886791,0.0947729547241041,"L1_Linear_SVM"
0.5,"L2",0.688719862416065,0.371410833575271,0.0507463250894988,0.101475483707615,"L1_Linear_SVM"
0.6,"L2",0.687143700181675,0.368575762357437,0.0513946302840039,0.10245114674521,"L1_Linear_SVM"
0.7,"L2",0.685074533061875,0.364588688252074,0.0502279780593698,0.100208806480565,"L1_Linear_SVM"
0.8,"L2",0.681888145609665,0.3582347392649,0.0505830535499866,0.101016362444102,"L1_Linear_SVM"
0.9,"L2",0.681664200778125,0.357918730161169,0.0485304494303254,0.0969547527758985,"L1_Linear_SVM"
1,"L2",0.677515897604505,0.349631076522783,0.0496751773424723,0.0992854483128053,"L1_Linear_SVM"
0.1,"L2",0.691820306276002,0.362963087052716,0.0408377640332818,0.0852199841057902,"L1_Linear_SVM"
0.2,"L2",0.684947971859364,0.359285244878186,0.0446521776880115,0.0893068105858463,"L1_Linear_SVM"
0.3,"L2",0.677652811323697,0.348167401096492,0.0460185580504322,0.0910092300177624,"L1_Linear_SVM"
0.4,"L2",0.676413004716802,0.347267920346495,0.048510919881476,0.0954025593446324,"L1_Linear_SVM"
0.5,"L2",0.675423808259251,0.346287254635514,0.0494675385624118,0.0965715452702799,"L1_Linear_SVM"
0.6,"L2",0.674759029999536,0.345422508535745,0.050311970256303,0.0982832615751859,"L1_Linear_SVM"
0.7,"L2",0.67515820044934,0.346538157447946,0.0498116022705868,0.0973370154054816,"L1_Linear_SVM"
0.8,"L2",0.674998436162993,0.34630896602569,0.0515658834434749,0.100913137505028,"L1_Linear_SVM"
0.9,"L2",0.674454806796579,0.345281026157535,0.0490776522271571,0.0961404514908476,"L1_Linear_SVM"
1,"L2",0.674591117743016,0.34538735635938,0.0486408822437711,0.0957448246364295,"L1_Linear_SVM"
0.1,"L2",0.702187925998053,0.384189565143895,0.0408588048706746,0.085749827087014,"L1_Linear_SVM"
0.2,"L2",0.694914562231018,0.379089075784891,0.0454765996594079,0.09265848830605,"L1_Linear_SVM"
0.3,"L2",0.683247878703575,0.358474003147827,0.0455040217112803,0.0921339645220059,"L1_Linear_SVM"
0.4,"L2",0.679846035820719,0.352577587123365,0.0461324039433706,0.0933472912656119,"L1_Linear_SVM"
0.5,"L2",0.675933045857096,0.345229361478885,0.0468491448477855,0.0949720246521405,"L1_Linear_SVM"
0.6,"L2",0.6723133912501,0.338183811445447,0.0470569632237006,0.0954665084998944,"L1_Linear_SVM"
0.7,"L2",0.670736588306209,0.335193957641828,0.0475277516710219,0.0965181816173103,"L1_Linear_SVM"
0.8,"L2",0.668599543916,0.3309608081092,0.0483116743797681,0.0979483334733959,"L1_Linear_SVM"
0.9,"L2",0.668296062587202,0.330306481404761,0.0477545478873732,0.0968288956757299,"L1_Linear_SVM"
1,"L2",0.666512234600842,0.326845652027767,0.0464488186399185,0.0942630138506825,"L1_Linear_SVM"
0.1,"L2",0.712511606536923,0.418009723208638,0.0515948989004633,0.0993472590154283,"L1_Linear_SVM"
0.2,"L2",0.680628721489481,0.356765096984038,0.04774514667284,0.0939949250363232,"L1_Linear_SVM"
0.3,"L2",0.6665926267825,0.329862816045365,0.0493379656887956,0.096662738316026,"L1_Linear_SVM"
0.4,"L2",0.657074760682356,0.311582188530374,0.0489250892433237,0.0959110030986691,"L1_Linear_SVM"
0.5,"L2",0.653919009260781,0.305942870917806,0.0498589254728712,0.097988272908997,"L1_Linear_SVM"
0.6,"L2",0.652314967732689,0.303036138839079,0.0500141338168026,0.0984417579025664,"L1_Linear_SVM"
0.7,"L2",0.650555764910195,0.299758627443842,0.0495082898272767,0.0974230488720167,"L1_Linear_SVM"
0.8,"L2",0.649159115146457,0.296891152555566,0.0490384120951062,0.0965692645235605,"L1_Linear_SVM"
0.9,"L2",0.647737873940406,0.293963898150639,0.0477913423134765,0.0943730013449361,"L1_Linear_SVM"
1,"L2",0.647909428124618,0.29429822401367,0.0490886489696894,0.0969622711075139,"L1_Linear_SVM"
0.1,"L2",0.692214136074896,0.38115232736344,0.0520813527739934,0.101923629032384,"L1_Linear_SVM"
0.2,"L2",0.715523636700852,0.426372421232669,0.0480430803887606,0.0964916895927176,"L1_Linear_SVM"
0.3,"L2",0.709083907653528,0.415891860588262,0.0479701563294051,0.0957821353929407,"L1_Linear_SVM"
0.4,"L2",0.709032376905795,0.417203942219598,0.0473826249389712,0.094506574204879,"L1_Linear_SVM"
0.5,"L2",0.707180764383296,0.414218928923399,0.0467866252772119,0.0930232178089335,"L1_Linear_SVM"
0.6,"L2",0.705662733890582,0.411467045266233,0.0471377799921457,0.0935766955176542,"L1_Linear_SVM"
0.7,"L2",0.703369006520905,0.406864798158593,0.0462496242669403,0.0916992166993073,"L1_Linear_SVM"
0.8,"L2",0.703010407314205,0.406050174739279,0.0479201470792026,0.0950622235412606,"L1_Linear_SVM"
0.9,"L2",0.703444032760489,0.406868946557921,0.0481763842205481,0.095779492454156,"L1_Linear_SVM"
1,"L2",0.703781269363548,0.407212408826457,0.0485209901342688,0.0966330682161458,"L1_Linear_SVM"
0.1,"L2",0.704111158883311,0.390927631162925,0.0433300519906513,0.0901674683898135,"L1_Linear_SVM"
0.2,"L2",0.707936822671,0.406079533356766,0.0438082489455644,0.0901461631575348,"L1_Linear_SVM"
0.3,"L2",0.706877426371097,0.406677259946548,0.0442748286041129,0.0902818435237406,"L1_Linear_SVM"
0.4,"L2",0.701207429701101,0.396323578887601,0.0429501657228397,0.0871826229944148,"L1_Linear_SVM"
0.5,"L2",0.694993044929754,0.384528579312133,0.0441844859810846,0.0893385792838666,"L1_Linear_SVM"
0.6,"L2",0.692216281608687,0.379284487533458,0.044527843093603,0.0901710441536678,"L1_Linear_SVM"
0.7,"L2",0.688270033763705,0.371643399137971,0.044856707020658,0.0906790401509643,"L1_Linear_SVM"
0.8,"L2",0.687436563436563,0.370135059305607,0.0451522450595568,0.0912830734175662,"L1_Linear_SVM"
0.9,"L2",0.685682178580913,0.366713445137596,0.0458100133639185,0.092603956441932,"L1_Linear_SVM"
1,"L2",0.68527609099761,0.366062766900215,0.045274047754196,0.091376056625502,"L1_Linear_SVM"
0.1,"L2",0.703214384771347,0.385162796520957,0.0434613227365221,0.0928806845942535,"L1_Linear_SVM"
0.2,"L2",0.691385854651677,0.37063114767073,0.0451799353837715,0.0922743891354194,"L1_Linear_SVM"
0.3,"L2",0.680261502210869,0.351602508787912,0.0449892494881874,0.090661102848214,"L1_Linear_SVM"
0.4,"L2",0.674360179904484,0.341489100181669,0.0465608877633625,0.0934409499101302,"L1_Linear_SVM"
0.5,"L2",0.670466238402947,0.334321580018211,0.0472517949409564,0.0945980709240243,"L1_Linear_SVM"
0.6,"L2",0.668754448083562,0.331328408648515,0.0471073908818113,0.0941435097104138,"L1_Linear_SVM"
0.7,"L2",0.667769719731745,0.329612430222312,0.0473750730272919,0.0948767483313638,"L1_Linear_SVM"
0.8,"L2",0.667129027091052,0.328445775562261,0.047139689953666,0.0942999339506917,"L1_Linear_SVM"
0.9,"L2",0.666165985912821,0.326485637434355,0.0480782529185267,0.0963757095957849,"L1_Linear_SVM"
1,"L2",0.665632026201646,0.325654895285243,0.0475517922392498,0.095391963537334,"L1_Linear_SVM"
0.1,"L2",0.70131413312426,0.382302428053904,0.040055949753813,0.0846725146145791,"L1_Linear_SVM"
0.2,"L2",0.685563482930572,0.36014607877724,0.0455771990680037,0.0932440236528446,"L1_Linear_SVM"
0.3,"L2",0.68978648777383,0.371220988716705,0.046953096632919,0.0953733557042456,"L1_Linear_SVM"
0.4,"L2",0.690572954471689,0.373706130637818,0.0471837793847409,0.0956601771941664,"L1_Linear_SVM"
0.5,"L2",0.689311334235385,0.371712256659744,0.0492337961005023,0.0998818845542139,"L1_Linear_SVM"
0.6,"L2",0.688537774461825,0.370292872293452,0.0487738925608613,0.0988862628289964,"L1_Linear_SVM"
0.7,"L2",0.688211606958442,0.369758388557542,0.0478992540144448,0.0972576327234506,"L1_Linear_SVM"
0.8,"L2",0.686967846499492,0.367432876689004,0.0488634267252519,0.0990787982709901,"L1_Linear_SVM"
0.9,"L2",0.685565320755194,0.364626333247944,0.0481341071393237,0.0976552127390447,"L1_Linear_SVM"
1,"L2",0.685740230233901,0.365009363608364,0.0476683819151169,0.0967240386280629,"L1_Linear_SVM"
0.1,"L2",0.698478407668281,0.37790454181284,0.0441439436917797,0.0924910221122498,"L1_Linear_SVM"
0.2,"L2",0.70961050342063,0.408799042729289,0.0470534148643724,0.0963790584251068,"L1_Linear_SVM"
0.3,"L2",0.699865455219886,0.39208416887132,0.0466702024656489,0.0950014159763073,"L1_Linear_SVM"
0.4,"L2",0.692596302431746,0.37876070742185,0.047288487550019,0.0957441025599461,"L1_Linear_SVM"
0.5,"L2",0.690603649515042,0.375438686758546,0.048231894810708,0.0973852521934868,"L1_Linear_SVM"
0.6,"L2",0.688466680998327,0.371639696013669,0.0486468969647031,0.0979642184653351,"L1_Linear_SVM"
0.7,"L2",0.686941552118767,0.368740574661321,0.0488047697335827,0.0982826902911287,"L1_Linear_SVM"
0.8,"L2",0.684661098395276,0.364151159750889,0.0488511045356496,0.098521883295167,"L1_Linear_SVM"
0.9,"L2",0.684682187011301,0.364372773755926,0.0496381666484173,0.0999934476894871,"L1_Linear_SVM"
1,"L2",0.684199252224569,0.363371096290044,0.0481749163161277,0.0973693604383116,"L1_Linear_SVM"
0.1,"L2",0.724972369402749,0.432035517607781,0.0401488209915262,0.0850139629902246,"L1_Linear_SVM"
0.2,"L2",0.712210051551824,0.414215545384336,0.0429621141510969,0.0870288275035687,"L1_Linear_SVM"
0.3,"L2",0.701064075165341,0.395691476684682,0.0455789305677237,0.0908548345512392,"L1_Linear_SVM"
0.4,"L2",0.700567706555048,0.396541802651703,0.0473051297897267,0.0939891677810198,"L1_Linear_SVM"
0.5,"L2",0.698582919190514,0.393405576602026,0.0480623930552614,0.0951015956682159,"L1_Linear_SVM"
0.6,"L2",0.698371649447599,0.393544911559466,0.0487557992732859,0.0964524760283231,"L1_Linear_SVM"
0.7,"L2",0.69777320991245,0.392749206009847,0.0478748303660058,0.0947014087312718,"L1_Linear_SVM"
0.8,"L2",0.697738046763363,0.392724542111315,0.0477539112687841,0.0945511573909367,"L1_Linear_SVM"
0.9,"L2",0.696788439408693,0.391023786191417,0.0487175548976357,0.0964809569362468,"L1_Linear_SVM"
1,"L2",0.696283716283716,0.390040625636766,0.047760488809251,0.0945185432903212,"L1_Linear_SVM"
0.1,"L2",0.692722138620873,0.364829419417034,0.0387827940236088,0.0802398754654188,"L1_Linear_SVM"
0.2,"L2",0.683359935423227,0.354907678589113,0.0435158448336407,0.0883015817294117,"L1_Linear_SVM"
0.3,"L2",0.672511716131969,0.33630516733469,0.0430740164110805,0.0865331509460677,"L1_Linear_SVM"
0.4,"L2",0.673120626209234,0.338784626267412,0.0441295234859422,0.0888856390512974,"L1_Linear_SVM"
0.5,"L2",0.672233909550365,0.337644571533531,0.0456984150941999,0.092093070264656,"L1_Linear_SVM"
0.6,"L2",0.672560700902473,0.338780217675611,0.0460051480812881,0.0925641284606915,"L1_Linear_SVM"
0.7,"L2",0.670579209819716,0.335017948402659,0.0456798438526449,0.0919665898038564,"L1_Linear_SVM"
0.8,"L2",0.66912975631963,0.332312102418463,0.0471885546107075,0.0950468980134304,"L1_Linear_SVM"
0.9,"L2",0.667984972833074,0.330137656202504,0.0475937844085906,0.0958246687494306,"L1_Linear_SVM"
1,"L2",0.667544139404899,0.329328533671711,0.0475809946280421,0.0958185240139055,"L1_Linear_SVM"
0.1,"L2",0.680434599156118,0.338169538407981,0.040750875039754,0.0855665930508379,"L1_Linear_SVM"
0.2,"L2",0.674279694988556,0.337298176365383,0.0468810226738029,0.0950824387396928,"L1_Linear_SVM"
0.3,"L2",0.665333122573629,0.322027590861777,0.0487441057821619,0.0983465502652646,"L1_Linear_SVM"
0.4,"L2",0.661793721046886,0.316253895735031,0.047927939651912,0.0961445943243282,"L1_Linear_SVM"
0.5,"L2",0.65848007688514,0.310217896034833,0.04980628606086,0.0999573394350156,"L1_Linear_SVM"
0.6,"L2",0.654536509903598,0.302599938141491,0.0506091658339257,0.101629743802002,"L1_Linear_SVM"
0.7,"L2",0.653079481699735,0.299852958244777,0.0508266323159653,0.102101586472033,"L1_Linear_SVM"
0.8,"L2",0.651214494366393,0.29622104570069,0.0499430249690259,0.100586141494884,"L1_Linear_SVM"
0.9,"L2",0.648545829697728,0.290980919348358,0.0507347154167106,0.102041587955233,"L1_Linear_SVM"
1,"L2",0.648388779996375,0.290729309988095,0.0487564971936151,0.0980044450796938,"L1_Linear_SVM"
0.1,"L2",0.682417679367046,0.345096042219638,0.0419444934082737,0.0876960749497673,"L1_Linear_SVM"
0.2,"L2",0.667251706099807,0.322806261098299,0.0462107549551646,0.0936811092517167,"L1_Linear_SVM"
0.3,"L2",0.656181729662742,0.303915629309443,0.0457335096184694,0.0915106694204739,"L1_Linear_SVM"
0.4,"L2",0.653424225563466,0.299556781678602,0.0474285590028,0.0950871300092672,"L1_Linear_SVM"
0.5,"L2",0.653237572554028,0.299888014571965,0.046735675585161,0.0936177276353247,"L1_Linear_SVM"
0.6,"L2",0.65305938365432,0.29993370019017,0.0478925600688368,0.0958872526884512,"L1_Linear_SVM"
0.7,"L2",0.652652048373567,0.299236222759611,0.0477049494830398,0.0954079241166885,"L1_Linear_SVM"
0.8,"L2",0.651955162980479,0.298149817722534,0.0468632286456899,0.0938980911230431,"L1_Linear_SVM"
0.9,"L2",0.650430316518924,0.295317541274959,0.0471393236761365,0.0942101615710047,"L1_Linear_SVM"
1,"L2",0.64985102661052,0.294264935662375,0.0471490316216038,0.0943533059351385,"L1_Linear_SVM"
0.1,"L2",0.709508154292964,0.398334077671215,0.0411968270365932,0.0882746242247617,"L1_Linear_SVM"
0.2,"L2",0.705182134321375,0.398697934755355,0.0433825655805621,0.0888291844611743,"L1_Linear_SVM"
0.3,"L2",0.683071026020393,0.357761673167504,0.0442198675573641,0.0894796951111373,"L1_Linear_SVM"
0.4,"L2",0.676932042640903,0.34698999949356,0.0460030535483624,0.0924586920406137,"L1_Linear_SVM"
0.5,"L2",0.675599468042506,0.345203334580071,0.0483452877812763,0.0968192601542227,"L1_Linear_SVM"
0.6,"L2",0.672987695848455,0.340416114870032,0.0480704152634672,0.0959221631795601,"L1_Linear_SVM"
0.7,"L2",0.672600800043838,0.340010346308818,0.0476515842321621,0.0953306460446747,"L1_Linear_SVM"
0.8,"L2",0.67212864350839,0.339211221638481,0.0484123174599067,0.096721723427661,"L1_Linear_SVM"
0.9,"L2",0.671331133002019,0.33775275059914,0.047247150951259,0.0945263324835903,"L1_Linear_SVM"
1,"L2",0.670649527687502,0.336321759459565,0.0470356772644756,0.0942756600325943,"L1_Linear_SVM"
0.1,"L2",0.706729262298883,0.392024199123544,0.0400547676682341,0.0854260017723188,"L1_Linear_SVM"
0.2,"L2",0.700559562800069,0.388963512207077,0.0440694802408537,0.0909324019111072,"L1_Linear_SVM"
0.3,"L2",0.697794943453171,0.387052090923577,0.0463228600934351,0.0945965170813416,"L1_Linear_SVM"
0.4,"L2",0.695136947440745,0.383004630108555,0.0457601934816018,0.0932072119960939,"L1_Linear_SVM"
0.5,"L2",0.691540961148556,0.376470747411332,0.0458527428071943,0.0931812770905915,"L1_Linear_SVM"
0.6,"L2",0.690036988328128,0.373942917694079,0.045532033862197,0.092243481200684,"L1_Linear_SVM"
0.7,"L2",0.688208593094669,0.370587136467838,0.0462462279206625,0.0935760022822352,"L1_Linear_SVM"
0.8,"L2",0.688240784531924,0.370691312278594,0.0458123472946273,0.092663962783389,"L1_Linear_SVM"
0.9,"L2",0.686476978717485,0.36741532329378,0.0469436025239502,0.0947758798612433,"L1_Linear_SVM"
1,"L2",0.686695979126359,0.368014344260104,0.046348580871047,0.093532706891857,"L1_Linear_SVM"
0.1,"L2",0.690006305930357,0.361566228185324,0.0428495133120301,0.0879821353327552,"L1_Linear_SVM"
0.2,"L2",0.685246019802982,0.360563879043022,0.0442686583887177,0.0890439729183311,"L1_Linear_SVM"
0.3,"L2",0.680764067156472,0.354516240092702,0.0455792991145066,0.0915110372332816,"L1_Linear_SVM"
0.4,"L2",0.676769542693593,0.347736293370582,0.0451671646942543,0.0905089158135109,"L1_Linear_SVM"
0.5,"L2",0.672981769285567,0.34082455975736,0.0465268904227546,0.0932355197866109,"L1_Linear_SVM"
0.6,"L2",0.670535059876832,0.336238789479521,0.0476585034286327,0.0955076056516178,"L1_Linear_SVM"
0.7,"L2",0.668618107630766,0.332559920685189,0.0484801174594264,0.0971243853633764,"L1_Linear_SVM"
0.8,"L2",0.668409409156245,0.332242235532038,0.0478866804165523,0.0959215704689037,"L1_Linear_SVM"
0.9,"L2",0.667399680488288,0.330331528852635,0.0480916977346851,0.0963403396189358,"L1_Linear_SVM"
1,"L2",0.667782373744399,0.331252649665022,0.0484581955983193,0.0969147135542349,"L1_Linear_SVM"
0.1,"L2",0.685955487550424,0.348935039938667,0.0418387519479932,0.0895988410206976,"L1_Linear_SVM"
0.2,"L2",0.684704679286958,0.357549829544804,0.0451307042339232,0.0927514621316692,"L1_Linear_SVM"
0.3,"L2",0.681893435678246,0.354887981226103,0.045328816435733,0.0923792440896506,"L1_Linear_SVM"
0.4,"L2",0.680561358472751,0.35363450832529,0.0454701803039393,0.0923307428585172,"L1_Linear_SVM"
0.5,"L2",0.679646505393341,0.352375228556055,0.0466825855833012,0.0948424241239075,"L1_Linear_SVM"
0.6,"L2",0.676825933560111,0.347062455912596,0.0470268145463578,0.0953125693491632,"L1_Linear_SVM"
0.7,"L2",0.678248274931819,0.350076523258893,0.0478763109761059,0.0970226278322663,"L1_Linear_SVM"
0.8,"L2",0.677000910481923,0.347697428330323,0.047229039812933,0.095610986184586,"L1_Linear_SVM"
0.9,"L2",0.677124580061289,0.348003735735318,0.0476942812333986,0.0964323249720018,"L1_Linear_SVM"
1,"L2",0.675085016249573,0.343934813501203,0.0476310653206032,0.0962272252502156,"L1_Linear_SVM"
0.1,"L2",0.684161665338881,0.346799224190852,0.0435386593396875,0.0913101814048868,"L1_Linear_SVM"
0.2,"L2",0.679743370553497,0.347564879964991,0.0459325887844757,0.0933646724509184,"L1_Linear_SVM"
0.3,"L2",0.670171524677854,0.331909390854288,0.0474440793274256,0.0953567428811867,"L1_Linear_SVM"
0.4,"L2",0.662665477981934,0.318463707784606,0.047599637119811,0.0954231304678212,"L1_Linear_SVM"
0.5,"L2",0.657100650404448,0.308298018299761,0.0483016341020702,0.0960895059542976,"L1_Linear_SVM"
0.6,"L2",0.654720460973626,0.304037532167439,0.0486961090103055,0.0965173515413808,"L1_Linear_SVM"
0.7,"L2",0.650646374722324,0.296071404033249,0.0479397189878609,0.0952715317770899,"L1_Linear_SVM"
0.8,"L2",0.648694427934934,0.292285371547035,0.0482541739443082,0.0959071848522387,"L1_Linear_SVM"
0.9,"L2",0.646304176835822,0.287639312050443,0.0485562176699045,0.096671163370301,"L1_Linear_SVM"
1,"L2",0.646299266134709,0.287479160008033,0.0493739202541992,0.0985814021759756,"L1_Linear_SVM"
0.1,"L2",0.712470411445095,0.414818112165731,0.0462546335440381,0.0933432319564531,"L1_Linear_SVM"
0.2,"L2",0.678713130751105,0.349768297929681,0.0465937172912811,0.0929037334480861,"L1_Linear_SVM"
0.3,"L2",0.669059320426409,0.333421341610644,0.0461203258474864,0.091525999284188,"L1_Linear_SVM"
0.4,"L2",0.666874690710134,0.330757577506848,0.0464294063890588,0.0915841363684665,"L1_Linear_SVM"
0.5,"L2",0.66391226495024,0.326218249879365,0.046407140004793,0.0913296311616214,"L1_Linear_SVM"
0.6,"L2",0.662601010803543,0.324309939866888,0.0462649360713438,0.0910634912613068,"L1_Linear_SVM"
0.7,"L2",0.660795445061268,0.321205127294492,0.0466275499854912,0.0918678826338377,"L1_Linear_SVM"
0.8,"L2",0.660348486956082,0.320751909018432,0.0471993470738601,0.0931584520365022,"L1_Linear_SVM"
0.9,"L2",0.660578990629624,0.321141989256171,0.0466850639745502,0.0921251140286042,"L1_Linear_SVM"
1,"L2",0.662160270109637,0.324363259990762,0.0475627298620112,0.0938900865949051,"L1_Linear_SVM"
0.1,"L2",0.702167823737444,0.399650451854378,0.0507856807833545,0.099843825648181,"L1_Linear_SVM"
0.2,"L2",0.689277102644191,0.376850344275729,0.0473261922808161,0.0933444710337157,"L1_Linear_SVM"
0.3,"L2",0.682134232855752,0.364313939024675,0.0489475621643721,0.0961016778494698,"L1_Linear_SVM"
0.4,"L2",0.681816744436998,0.364406624908231,0.0495000666686835,0.0965469114886704,"L1_Linear_SVM"
0.5,"L2",0.681870905465842,0.364823461538059,0.0514377040558241,0.100536343849425,"L1_Linear_SVM"
0.6,"L2",0.681146663463119,0.36366565977784,0.0516310637650939,0.101057355229767,"L1_Linear_SVM"
0.7,"L2",0.679964470129027,0.361525389867745,0.0512957555142112,0.100354086245465,"L1_Linear_SVM"
0.8,"L2",0.679643179605205,0.361035901233072,0.052325216810684,0.102608463900192,"L1_Linear_SVM"
0.9,"L2",0.678908336389349,0.35948275811913,0.0518205791691724,0.101679222387958,"L1_Linear_SVM"
1,"L2",0.678511985904391,0.358490824090586,0.0520569585225963,0.102252544476112,"L1_Linear_SVM"
0.1,"L2",0.707417388518654,0.394650443769409,0.0399100549185105,0.0848083573539098,"L1_Linear_SVM"
0.2,"L2",0.699723280938471,0.38854644721118,0.0458216099116264,0.0938274697724665,"L1_Linear_SVM"
0.3,"L2",0.693134418324292,0.377859713140535,0.0473651246376421,0.0961694363575456,"L1_Linear_SVM"
0.4,"L2",0.691093720625366,0.374955434517436,0.0482029117881419,0.0975192380840078,"L1_Linear_SVM"
0.5,"L2",0.689335150081986,0.372106119394589,0.0498237893676349,0.100540010301735,"L1_Linear_SVM"
0.6,"L2",0.686963749330838,0.367798290146952,0.0508159641143173,0.102581229854159,"L1_Linear_SVM"
0.7,"L2",0.686723415824682,0.36753736465236,0.0509788609155284,0.102895749429,"L1_Linear_SVM"
0.8,"L2",0.685119707296923,0.364402547961878,0.0506163386845021,0.102086643369656,"L1_Linear_SVM"
0.9,"L2",0.685406736723192,0.365223234840036,0.0498709259632403,0.100627496351435,"L1_Linear_SVM"
1,"L2",0.685405354139531,0.365243636226181,0.050628072743007,0.102158971730718,"L1_Linear_SVM"
0.1,"L2",0.689597975863799,0.377918908986352,0.0595985384008862,0.113374215778764,"L1_Linear_SVM"
0.2,"L2",0.678620080341599,0.358056090289082,0.0507163783936894,0.0987414982004941,"L1_Linear_SVM"
0.3,"L2",0.665129655154972,0.333726671583568,0.0511160511897711,0.0987847349859469,"L1_Linear_SVM"
0.4,"L2",0.657806240173329,0.320353108384965,0.0521755976964788,0.100221233723042,"L1_Linear_SVM"
0.5,"L2",0.652797308177055,0.311032500390729,0.0531675252686892,0.102420431036062,"L1_Linear_SVM"
0.6,"L2",0.64897840134549,0.303717374485219,0.0521666686467572,0.10035911003671,"L1_Linear_SVM"
0.7,"L2",0.647787263369542,0.301136095244313,0.0515708816639396,0.0992348823361322,"L1_Linear_SVM"
0.8,"L2",0.648269949459823,0.301747959478269,0.0523093554974405,0.10093384531099,"L1_Linear_SVM"
0.9,"L2",0.648296564195298,0.301338439041007,0.0512797897201719,0.0993127293112736,"L1_Linear_SVM"
1,"L2",0.647489999452025,0.29922353409158,0.0503142157310066,0.0977965791216721,"L1_Linear_SVM"
0.1,"L2",0.715332089851077,0.41097201716273,0.0433503925947025,0.0920840436602493,"L1_Linear_SVM"
0.2,"L2",0.705895741389412,0.40167238888146,0.0459081198020428,0.0936178110688097,"L1_Linear_SVM"
0.3,"L2",0.700530507467216,0.394209789445517,0.0462581855376525,0.0936033883813358,"L1_Linear_SVM"
0.4,"L2",0.698259757120517,0.391305312444264,0.0475793346713374,0.0957494867712687,"L1_Linear_SVM"
0.5,"L2",0.697361229487812,0.39015806451993,0.0485233411054281,0.0973147632312981,"L1_Linear_SVM"
0.6,"L2",0.695732845213858,0.387324419313141,0.0488739068225248,0.0979783153283364,"L1_Linear_SVM"
0.7,"L2",0.693643521035926,0.383341037934872,0.0497432400170039,0.099599184339132,"L1_Linear_SVM"
0.8,"L2",0.692445891661082,0.381146921991449,0.0504255469908418,0.100997852497785,"L1_Linear_SVM"
0.9,"L2",0.691987240607494,0.380307417905515,0.0496343603784695,0.0992157078407074,"L1_Linear_SVM"
1,"L2",0.69005936257835,0.376433518168381,0.0488573215704724,0.0976732512030053,"L1_Linear_SVM"
0.1,"L2",0.690537188549847,0.361067038792175,0.0421560519333127,0.0886873395098315,"L1_Linear_SVM"
0.2,"L2",0.704092987181595,0.398545171378531,0.046741367964077,0.0944747022847486,"L1_Linear_SVM"
0.3,"L2",0.687766718513554,0.369237575144285,0.0479135824332606,0.0954184882985184,"L1_Linear_SVM"
0.4,"L2",0.678224252540708,0.351799331562598,0.0474096065869501,0.0932859128320484,"L1_Linear_SVM"
0.5,"L2",0.672347589119741,0.340678821111846,0.0464977824528114,0.0912686086442112,"L1_Linear_SVM"
0.6,"L2",0.669329645038506,0.335089953229741,0.0463638072292134,0.0911093222509898,"L1_Linear_SVM"
0.7,"L2",0.666952427319516,0.33055933117793,0.0469584167071396,0.0922306172998832,"L1_Linear_SVM"
0.8,"L2",0.66499105114295,0.326655553108332,0.0462012145463692,0.0908706953276648,"L1_Linear_SVM"
0.9,"L2",0.662831029729764,0.322334372246096,0.0450406313486002,0.088583667592864,"L1_Linear_SVM"
1,"L2",0.662423395170231,0.321545366861122,0.0455237154486191,0.0899934392189603,"L1_Linear_SVM"
0.1,"L2",0.70183891214271,0.386462874579676,0.0458454312946799,0.0903989196724078,"L1_Linear_SVM"
0.2,"L2",0.693193523775802,0.376419089572937,0.0526513112523822,0.101803732543465,"L1_Linear_SVM"
0.3,"L2",0.687108376855212,0.367993040110366,0.0544805429420558,0.105007363801689,"L1_Linear_SVM"
0.4,"L2",0.68619179976142,0.367893916785122,0.0539144624609037,0.103536968028632,"L1_Linear_SVM"
0.5,"L2",0.686419057735513,0.369160529396048,0.0527959084383803,0.101541006447661,"L1_Linear_SVM"
0.6,"L2",0.687631642618984,0.372011764344291,0.0533744243413417,0.103109790505895,"L1_Linear_SVM"
0.7,"L2",0.687654661793902,0.37232262234344,0.0527573019620724,0.10205004792401,"L1_Linear_SVM"
0.8,"L2",0.688167166167166,0.373329158234242,0.0505271096063102,0.0981214442336193,"L1_Linear_SVM"
0.9,"L2",0.687222018487841,0.371420952026836,0.0528848243566125,0.10321992307823,"L1_Linear_SVM"
1,"L2",0.688473867904248,0.374080328729437,0.0527778297512294,0.103254164837494,"L1_Linear_SVM"
0.1,"L2",0.705070182981575,0.390462375565453,0.0408172714432304,0.0863863435116979,"L1_Linear_SVM"
0.2,"L2",0.691107546461977,0.370704475886526,0.0464634500348318,0.0948824119784359,"L1_Linear_SVM"
0.3,"L2",0.681937244190409,0.355387110317143,0.0477500974737233,0.0967105449350034,"L1_Linear_SVM"
0.4,"L2",0.680127707735303,0.35321582305614,0.0467122210822055,0.0941856179277074,"L1_Linear_SVM"
0.5,"L2",0.678566307110611,0.350667711930515,0.0471266011301494,0.0949599548953827,"L1_Linear_SVM"
0.6,"L2",0.676555187428605,0.347046086664395,0.0477414502785038,0.0961876028664743,"L1_Linear_SVM"
0.7,"L2",0.675510354624279,0.345100238555823,0.0480272473670812,0.0967867473678363,"L1_Linear_SVM"
0.8,"L2",0.674456159873881,0.34317670490215,0.0489121883411428,0.0985189678372048,"L1_Linear_SVM"
0.9,"L2",0.673547389319541,0.341559580205166,0.0484293054306648,0.0974580343319188,"L1_Linear_SVM"
1,"L2",0.673488574716423,0.341449007220417,0.0497614406967191,0.100236682897103,"L1_Linear_SVM"
0.1,"L2",0.723951811901179,0.436089059750494,0.0413278238940836,0.085244516675787,"L1_Linear_SVM"
0.2,"L2",0.71550070604501,0.428273314421187,0.0474851006914745,0.0946305510423441,"L1_Linear_SVM"
0.3,"L2",0.705952642294414,0.412385936487804,0.0487771445715497,0.0965369691685692,"L1_Linear_SVM"
0.4,"L2",0.699091398053423,0.399893117317586,0.0496881540579106,0.0980989991180932,"L1_Linear_SVM"
0.5,"L2",0.696589545475621,0.395649272773031,0.0494699270259144,0.0972353580599753,"L1_Linear_SVM"
0.6,"L2",0.694603826553194,0.391694423354884,0.0491555258612554,0.0964583127863242,"L1_Linear_SVM"
0.7,"L2",0.69171479575277,0.386027691928683,0.0498282880484122,0.0980707458607709,"L1_Linear_SVM"
0.8,"L2",0.690314883428808,0.383070990539769,0.0481127489221741,0.0947349737884691,"L1_Linear_SVM"
0.9,"L2",0.689274021337313,0.380658056441438,0.0467084815475433,0.0920958791272277,"L1_Linear_SVM"
1,"L2",0.688912682254454,0.379749855962766,0.0467324013628269,0.0925870495709618,"L1_Linear_SVM"
0.1,"L2",0.689587695005417,0.357751728417376,0.0438401750885032,0.0918532719848946,"L1_Linear_SVM"
0.2,"L2",0.693669802771069,0.37543241921047,0.0441412015554783,0.0902960072593221,"L1_Linear_SVM"
0.3,"L2",0.688798050051215,0.369693813265418,0.0465456746302281,0.0944523915095688,"L1_Linear_SVM"
0.4,"L2",0.684941800815218,0.363680394091887,0.0478420231229168,0.0966279058608757,"L1_Linear_SVM"
0.5,"L2",0.68218645911051,0.359087628707712,0.0478200361408805,0.0964427827847004,"L1_Linear_SVM"
0.6,"L2",0.679721674949523,0.354731534519309,0.0495447182157342,0.0997812550358766,"L1_Linear_SVM"
0.7,"L2",0.67672388792642,0.349127280492515,0.0483971028375713,0.0973649905626585,"L1_Linear_SVM"
0.8,"L2",0.6761656444821,0.348301144142611,0.0486891678297731,0.0980782940548917,"L1_Linear_SVM"
0.9,"L2",0.674886215050772,0.345809295188106,0.0494982558296172,0.0996982590065303,"L1_Linear_SVM"
1,"L2",0.674407457521382,0.344994124461027,0.0491611925579276,0.0990741371890019,"L1_Linear_SVM"
0.1,"L2",0.713726265295886,0.408684015259502,0.0428218859767864,0.0911266392325077,"L1_Linear_SVM"
0.2,"L2",0.700591467604126,0.391538689020713,0.0469628264648641,0.0959664234283346,"L1_Linear_SVM"
0.3,"L2",0.697207134637514,0.387089339484473,0.0478131322753246,0.0966297736399733,"L1_Linear_SVM"
0.4,"L2",0.691686790003246,0.376731073641538,0.0465194800478332,0.0938102835268986,"L1_Linear_SVM"
0.5,"L2",0.687492954303081,0.368629908933034,0.0463443355812129,0.0934924573783371,"L1_Linear_SVM"
0.6,"L2",0.683521023280517,0.360889559410224,0.0476596511733257,0.0963245394923378,"L1_Linear_SVM"
0.7,"L2",0.6805739450423,0.355122496145386,0.0478350507477754,0.0967296480378551,"L1_Linear_SVM"
0.8,"L2",0.679276348124449,0.352627055182795,0.0483026315430862,0.0975838940383687,"L1_Linear_SVM"
0.9,"L2",0.67886376914225,0.351783418840827,0.0475199409430664,0.0960453035186498,"L1_Linear_SVM"
1,"L2",0.677241227127303,0.348553963877126,0.0486042088243648,0.0983783032293933,"L1_Linear_SVM"
0.1,"L2",0.702287973629746,0.38316540205136,0.0410018141346239,0.0874815810344013,"L1_Linear_SVM"
0.2,"L2",0.697369356382015,0.382163175156141,0.0440465144436535,0.0906980106352944,"L1_Linear_SVM"
0.3,"L2",0.687788624877232,0.366065741922709,0.0459375118359108,0.0938565006785958,"L1_Linear_SVM"
0.4,"L2",0.684500023183568,0.360606363831926,0.0490252986308525,0.0997570235507073,"L1_Linear_SVM"
0.5,"L2",0.682484700953055,0.357057085032622,0.0487374158006428,0.098962876672637,"L1_Linear_SVM"
0.6,"L2",0.681338943756665,0.355165510038699,0.0486933575099019,0.0987346299829778,"L1_Linear_SVM"
0.7,"L2",0.680033148286313,0.352632022549447,0.0490455839185494,0.0994813590829238,"L1_Linear_SVM"
0.8,"L2",0.678839363168477,0.350415553629919,0.0494752213688684,0.10030988472874,"L1_Linear_SVM"
0.9,"L2",0.678051016494055,0.349017318390037,0.0500369134214723,0.101524432793783,"L1_Linear_SVM"
1,"L2",0.677137933796162,0.347137788876008,0.0509707600435628,0.103356294139663,"L1_Linear_SVM"
0.1,"L2",0.70303320729903,0.387240204490703,0.0405111624610035,0.085109982423485,"L1_Linear_SVM"
0.2,"L2",0.69527017286511,0.379585619479573,0.0417458800973177,0.0855564673229064,"L1_Linear_SVM"
0.3,"L2",0.688562736841218,0.36808374035419,0.0433551894088514,0.0881213471683054,"L1_Linear_SVM"
0.4,"L2",0.686561312105616,0.365282779054014,0.0424716513806749,0.0860241458488011,"L1_Linear_SVM"
0.5,"L2",0.685261325172718,0.363252303176046,0.0454195036447362,0.0916420003135355,"L1_Linear_SVM"
0.6,"L2",0.683503403769227,0.360056783169551,0.0448259420033227,0.0904785636080943,"L1_Linear_SVM"
0.7,"L2",0.681509536876626,0.356280792660445,0.04429608814722,0.0892149553457514,"L1_Linear_SVM"
0.8,"L2",0.68082866500588,0.35492143852666,0.0446173620265203,0.0898958366542969,"L1_Linear_SVM"
0.9,"L2",0.680032667754187,0.353445815426549,0.045263249962823,0.0909285691643231,"L1_Linear_SVM"
1,"L2",0.67952600563993,0.352557162015528,0.04541743718472,0.0913673588836537,"L1_Linear_SVM"
0.1,"L2",0.688999435163992,0.356371209741217,0.0429025950662334,0.0903512475457211,"L1_Linear_SVM"
0.2,"L2",0.680467397581322,0.349347219956249,0.0450348246874939,0.0914039652029218,"L1_Linear_SVM"
0.3,"L2",0.674757120516614,0.341757974910291,0.0458506910503561,0.0918157192014555,"L1_Linear_SVM"
0.4,"L2",0.670113439303313,0.334125089167952,0.0461230373104467,0.091927532629285,"L1_Linear_SVM"
0.5,"L2",0.666549079612371,0.327642872927619,0.0478772206177008,0.0954599912606903,"L1_Linear_SVM"
0.6,"L2",0.664130658371165,0.323048482553212,0.0478142018207062,0.0952206816027386,"L1_Linear_SVM"
0.7,"L2",0.661691106361992,0.318439487934168,0.0473206781856741,0.0942546838374401,"L1_Linear_SVM"
0.8,"L2",0.659904964234078,0.315023554295554,0.0478433793610906,0.0953891198533278,"L1_Linear_SVM"
0.9,"L2",0.660246146258805,0.31569709803408,0.048029687680617,0.0959617932359553,"L1_Linear_SVM"
1,"L2",0.658355791887437,0.311906587344228,0.0472185933473937,0.0943924698547663,"L1_Linear_SVM"
0.1,"L2",0.699975096633324,0.382959913724465,0.0409085201338389,0.0852658306600373,"L1_Linear_SVM"
0.2,"L2",0.720385116992712,0.432008386152276,0.044898035200021,0.0912553188603049,"L1_Linear_SVM"
0.3,"L2",0.719746721632798,0.43271889369326,0.0463158583176584,0.0934514996137883,"L1_Linear_SVM"
0.4,"L2",0.715195475410665,0.424239248247443,0.0462834253793824,0.0933312445763366,"L1_Linear_SVM"
0.5,"L2",0.712497940877688,0.419157586312255,0.0453194195058335,0.0913324516178671,"L1_Linear_SVM"
0.6,"L2",0.708627085994175,0.411410909793169,0.0458919841862433,0.0927035087482865,"L1_Linear_SVM"
0.7,"L2",0.706786040963256,0.407879204573152,0.0456292132513471,0.0923642333380881,"L1_Linear_SVM"
0.8,"L2",0.705359231485814,0.405048513130066,0.0453815766395554,0.0918602674481573,"L1_Linear_SVM"
0.9,"L2",0.705534473964854,0.405484755124881,0.044420980991811,0.0898306981707453,"L1_Linear_SVM"
1,"L2",0.703652941994714,0.401710745586327,0.0453219283606382,0.0917276958550562,"L1_Linear_SVM"
0.1,"L2",0.68175452817225,0.365954465428869,0.0591185289356159,0.112709475970193,"L1_Linear_SVM"
0.2,"L2",0.661770727163132,0.32936978600435,0.0510799866495419,0.0970715588723422,"L1_Linear_SVM"
0.3,"L2",0.657317943659716,0.32426520661598,0.0506344376313207,0.0959408730824504,"L1_Linear_SVM"
0.4,"L2",0.653410812815876,0.318755456566327,0.0516025509365092,0.0972839645035351,"L1_Linear_SVM"
0.5,"L2",0.651622449280677,0.31595790748946,0.0516745440352377,0.0972634439445555,"L1_Linear_SVM"
0.6,"L2",0.650356377799416,0.313924266121306,0.0509184624791783,0.0958002161252322,"L1_Linear_SVM"
0.7,"L2",0.65037085699111,0.313993240631253,0.0529195942250158,0.0998097452982605,"L1_Linear_SVM"
0.8,"L2",0.651419635217104,0.315640734180734,0.0519791423019117,0.0983097531884916,"L1_Linear_SVM"
0.9,"L2",0.654147746768,0.320319775423082,0.0495368497655843,0.0937566318833735,"L1_Linear_SVM"
1,"L2",0.655236619920164,0.321991560604884,0.0502708646036976,0.0952281466261017,"L1_Linear_SVM"
0.1,"L2",0.676538701804525,0.35566929983952,0.0546307788072978,0.103771621239744,"L1_Linear_SVM"
0.2,"L2",0.668435922727062,0.337586256152328,0.0499859240624481,0.0976590323479452,"L1_Linear_SVM"
0.3,"L2",0.674510523232042,0.349479325036201,0.0514481177372517,0.101024850162855,"L1_Linear_SVM"
0.4,"L2",0.675190590000717,0.350919324822027,0.0494866105118302,0.097355133459761,"L1_Linear_SVM"
0.5,"L2",0.674022378465416,0.348439812155945,0.0504479712921551,0.0996134404091439,"L1_Linear_SVM"
0.6,"L2",0.672168784801696,0.344803545024991,0.050366320734859,0.0992753417822539,"L1_Linear_SVM"
0.7,"L2",0.66974608513849,0.339741285473119,0.0506931842386513,0.0999274451967077,"L1_Linear_SVM"
0.8,"L2",0.667180427167769,0.334621849934979,0.0504938004203471,0.0996269776852029,"L1_Linear_SVM"
0.9,"L2",0.666745752138157,0.333418659790301,0.0505072042165027,0.0996842535691183,"L1_Linear_SVM"
1,"L2",0.666742881590983,0.333383934106515,0.050151402534212,0.0991045160250014,"L1_Linear_SVM"
0.1,"L2",0.726239671720684,0.437863080484239,0.0426911918824583,0.0887499185947636,"L1_Linear_SVM"
0.2,"L2",0.700768674363611,0.393854022891875,0.0471035492674088,0.0958063943716461,"L1_Linear_SVM"
0.3,"L2",0.697380855431488,0.389403579343201,0.0472983339858336,0.0955412765211977,"L1_Linear_SVM"
0.4,"L2",0.694540581781088,0.384400378159849,0.0473448774360797,0.095682809590833,"L1_Linear_SVM"
0.5,"L2",0.689913862508799,0.37565052167598,0.0476844222223583,0.0962265965099203,"L1_Linear_SVM"
0.6,"L2",0.687799280887888,0.37166680502277,0.0478760021765172,0.0966631580068708,"L1_Linear_SVM"
0.7,"L2",0.686953034307465,0.370177199815106,0.047066921219837,0.0948555385135337,"L1_Linear_SVM"
0.8,"L2",0.684865417283139,0.365992991364314,0.0471594458850678,0.0949856354904196,"L1_Linear_SVM"
0.9,"L2",0.685367484835839,0.367055304469337,0.0475748877858975,0.0958835167103817,"L1_Linear_SVM"
1,"L2",0.683666055463524,0.363831110794833,0.0482042690738752,0.0970210426859376,"L1_Linear_SVM"
0.1,"L2",0.701257017244359,0.38139821751753,0.0427313457066733,0.0903603772476984,"L1_Linear_SVM"
0.2,"L2",0.675645105948903,0.337542354185976,0.04275636601031,0.0877979377015655,"L1_Linear_SVM"
0.3,"L2",0.667286127374735,0.324241697029015,0.0470852845660161,0.0959332198767393,"L1_Linear_SVM"
0.4,"L2",0.667297403018922,0.325594533399644,0.0465974665428996,0.0944965568519251,"L1_Linear_SVM"
0.5,"L2",0.668019398323196,0.327822698076159,0.0475489062579431,0.0964179204212473,"L1_Linear_SVM"
0.6,"L2",0.667310845272871,0.326874214375225,0.0478995456379257,0.0969396123324002,"L1_Linear_SVM"
0.7,"L2",0.667743223021704,0.327979241599443,0.0474304992968349,0.0961639558718312,"L1_Linear_SVM"
0.8,"L2",0.667792216222596,0.328363774066328,0.0479904677718282,0.0968939790086325,"L1_Linear_SVM"
0.9,"L2",0.667622807572175,0.328089669081059,0.0492116874684227,0.0996121910494926,"L1_Linear_SVM"
1,"L2",0.669292087659176,0.331578152846995,0.0490074413119233,0.0991025607453365,"L1_Linear_SVM"
0.1,"L2",0.696290388935959,0.382657944946651,0.0478637557128748,0.0961359878949748,"L1_Linear_SVM"
0.2,"L2",0.664965304737457,0.324305957089663,0.0506066780529991,0.100520808474064,"L1_Linear_SVM"
0.3,"L2",0.665342994558184,0.329486007665283,0.0525070758555188,0.102842839251505,"L1_Linear_SVM"
0.4,"L2",0.66281162297618,0.326363003653448,0.0517305376578259,0.100935390179226,"L1_Linear_SVM"
0.5,"L2",0.659172793451274,0.320176264699803,0.0513313346453064,0.099962324299649,"L1_Linear_SVM"
0.6,"L2",0.657101413354578,0.316632890213912,0.0502445317149778,0.0978766355991359,"L1_Linear_SVM"
0.7,"L2",0.654526840248359,0.31192149804674,0.0494816314258012,0.0962301532359612,"L1_Linear_SVM"
0.8,"L2",0.653775195268866,0.310453987734855,0.0488825252283983,0.0954366428151862,"L1_Linear_SVM"
0.9,"L2",0.652441760770875,0.307648456227641,0.0500237054102639,0.0978365133564607,"L1_Linear_SVM"
1,"L2",0.650968862361267,0.304625784905045,0.0498828505781954,0.0976250835019352,"L1_Linear_SVM"
0.1,"L2",0.718755139375393,0.424604481383539,0.0446762415122846,0.0913706271224106,"L1_Linear_SVM"
0.2,"L2",0.700935499100056,0.391234059914918,0.0455207973180944,0.0927732274838687,"L1_Linear_SVM"
0.3,"L2",0.693489088970102,0.378889562467039,0.0454046788072865,0.0923436815092355,"L1_Linear_SVM"
0.4,"L2",0.690291733582873,0.373983703895638,0.0475180998510233,0.0961881034829241,"L1_Linear_SVM"
0.5,"L2",0.688379325316034,0.370836418623691,0.0478563409651773,0.0969785549115324,"L1_Linear_SVM"
0.6,"L2",0.686238360795323,0.366982697487568,0.0481887054437984,0.0973364855285002,"L1_Linear_SVM"
0.7,"L2",0.684069883702795,0.363044423006951,0.0476263184122622,0.0962224484610807,"L1_Linear_SVM"
0.8,"L2",0.68259110088224,0.36022907555076,0.0468842112034317,0.094656607299481,"L1_Linear_SVM"
0.9,"L2",0.683589604488339,0.362415463683683,0.04590582194849,0.0925902231609932,"L1_Linear_SVM"
1,"L2",0.682486956081893,0.360215702646859,0.0480085984748417,0.0967708555909857,"L1_Linear_SVM"
0.1,"L2",0.698757571542382,0.382127062627625,0.0432109782541611,0.0890376969032812,"L1_Linear_SVM"
0.2,"L2",0.697371025598874,0.386895637923207,0.0457142896448435,0.0920028921042508,"L1_Linear_SVM"
0.3,"L2",0.695834368163482,0.385493370187016,0.0466430545022602,0.0939456620985218,"L1_Linear_SVM"
0.4,"L2",0.692552325311819,0.379358432012267,0.0452290706736438,0.090915579133739,"L1_Linear_SVM"
0.5,"L2",0.69009303354873,0.375000818415395,0.0447521592554766,0.0897893313964006,"L1_Linear_SVM"
0.6,"L2",0.688312425970654,0.371863388265996,0.0463839685691336,0.0928890982596002,"L1_Linear_SVM"
0.7,"L2",0.688646117595485,0.372652113187237,0.0455560856861624,0.0914096496215544,"L1_Linear_SVM"
0.8,"L2",0.686793489211211,0.36905632691982,0.0450933991758224,0.0904890352539509,"L1_Linear_SVM"
0.9,"L2",0.68744305483546,0.370523987583376,0.0456295604257511,0.091676792238926,"L1_Linear_SVM"
1,"L2",0.685781138692531,0.367154058713918,0.0460817430622604,0.0925200738291355,"L1_Linear_SVM"
0.1,"L2",0.696944195045461,0.372830821896444,0.0423754591788083,0.0907534508185832,"L1_Linear_SVM"
0.2,"L2",0.687233020144413,0.362886900364545,0.0450399177950709,0.0921583461712993,"L1_Linear_SVM"
0.3,"L2",0.675494282089219,0.342940711097386,0.042465297767264,0.0859444862265153,"L1_Linear_SVM"
0.4,"L2",0.665533862761711,0.324583274605932,0.0441604183318598,0.0889621314531696,"L1_Linear_SVM"
0.5,"L2",0.661056036790214,0.316458329332119,0.0447176014782225,0.0899671188255255,"L1_Linear_SVM"
0.6,"L2",0.656899560355257,0.308408151142729,0.0453007808045314,0.0910492250265926,"L1_Linear_SVM"
0.7,"L2",0.652830060235124,0.300467767123394,0.0449977168232741,0.0903525098930043,"L1_Linear_SVM"
0.8,"L2",0.652196242575989,0.299274869043973,0.044523704863066,0.0895761230107814,"L1_Linear_SVM"
0.9,"L2",0.649524007637932,0.294053544201954,0.0444345292545449,0.0890964163683781,"L1_Linear_SVM"
1,"L2",0.648915105991055,0.292952525231103,0.045145886267334,0.0908157485814125,"L1_Linear_SVM"
0.1,"L2",0.709201549505347,0.39956138963072,0.0419479138638057,0.0883600251520624,"L1_Linear_SVM"
0.2,"L2",0.692870020275084,0.376345099883395,0.0450490593235563,0.0921130599757234,"L1_Linear_SVM"
0.3,"L2",0.680342884963138,0.353350275990997,0.0470181837698038,0.0949698934466786,"L1_Linear_SVM"
0.4,"L2",0.67258053339066,0.338470806588212,0.0478120855977323,0.0964637285794875,"L1_Linear_SVM"
0.5,"L2",0.668532121886552,0.330708742125005,0.0484865513473972,0.0979142404127794,"L1_Linear_SVM"
0.6,"L2",0.666270392055202,0.326464787312562,0.0496425774800155,0.100233267042166,"L1_Linear_SVM"
0.7,"L2",0.665146397905892,0.324362827546606,0.0490591727624309,0.0989416028640143,"L1_Linear_SVM"
0.8,"L2",0.663081408043433,0.320279963983931,0.0489798483580289,0.0987811546641179,"L1_Linear_SVM"
0.9,"L2",0.66207564165792,0.318374004648895,0.0488772785655162,0.09845100107885,"L1_Linear_SVM"
1,"L2",0.662402441440416,0.318941987752056,0.049274287374863,0.0994098005991481,"L1_Linear_SVM"
0.1,"L2",0.688481227633126,0.357264615873495,0.0399239139777322,0.0850731988683247,"L1_Linear_SVM"
0.2,"L2",0.703275610465484,0.396716574201647,0.0453999125884987,0.0928669749643995,"L1_Linear_SVM"
0.3,"L2",0.692366013733102,0.377377041797254,0.0469597733915733,0.0952139780475351,"L1_Linear_SVM"
0.4,"L2",0.690277671695393,0.374114876954546,0.0466667379725982,0.0943922416766629,"L1_Linear_SVM"
0.5,"L2",0.687782036528872,0.369679802708686,0.0470884573237239,0.0951504646183897,"L1_Linear_SVM"
0.6,"L2",0.686263382187433,0.36698677216758,0.0468242184998385,0.0944814194264991,"L1_Linear_SVM"
0.7,"L2",0.684658400671059,0.364025713891917,0.0468589633824503,0.0946026760507103,"L1_Linear_SVM"
0.8,"L2",0.682394841445474,0.359670412532616,0.0470715213172905,0.094874502149651,"L1_Linear_SVM"
0.9,"L2",0.681908294237408,0.358657338770582,0.0466108507685262,0.094146215073854,"L1_Linear_SVM"
1,"L2",0.681691831375376,0.358164057570514,0.0477737286769377,0.0966240285322564,"L1_Linear_SVM"
0.1,"L2",0.685164030062764,0.349585834667243,0.040609106149712,0.0854705461752783,"L1_Linear_SVM"
0.2,"L2",0.685595758671708,0.359669935039978,0.0445371084503028,0.0914919099771922,"L1_Linear_SVM"
0.3,"L2",0.677178627279893,0.345982283942673,0.0422180618575922,0.0860637115274119,"L1_Linear_SVM"
0.4,"L2",0.67233327853581,0.337706612772693,0.0435557876015036,0.0882704975956444,"L1_Linear_SVM"
0.5,"L2",0.668952557990533,0.331606869919991,0.0449878305811957,0.0911040995027032,"L1_Linear_SVM"
0.6,"L2",0.666354384012612,0.326802773248486,0.0448821531507173,0.0908882084015983,"L1_Linear_SVM"
0.7,"L2",0.663407297344006,0.321241859387653,0.045894131311272,0.0927653229470572,"L1_Linear_SVM"
0.8,"L2",0.661523476523477,0.317615783985229,0.0450371955734631,0.0911793955739887,"L1_Linear_SVM"
0.9,"L2",0.659542250997947,0.31369529477758,0.0456192219758,0.0923706792844304,"L1_Linear_SVM"
1,"L2",0.658831493401114,0.312449622277099,0.0440459404359913,0.0891056900882119,"L1_Linear_SVM"
0.1,"L2",0.697906287805022,0.37812430628974,0.0424900894056283,0.0889390058793186,"L1_Linear_SVM"
0.2,"L2",0.698236392299683,0.387339615364018,0.049108131272106,0.0991271601989982,"L1_Linear_SVM"
0.3,"L2",0.704371447118283,0.402364974873011,0.0478650857240473,0.0960281378655414,"L1_Linear_SVM"
0.4,"L2",0.704148459135801,0.402787057993633,0.0494946889554422,0.0995168380993902,"L1_Linear_SVM"
0.5,"L2",0.7025917710981,0.399901005359008,0.0505185175750216,0.101762823274909,"L1_Linear_SVM"
0.6,"L2",0.70068822738443,0.39633394076226,0.0518016921630896,0.104398940098234,"L1_Linear_SVM"
0.7,"L2",0.697814152092633,0.390649897436332,0.0517851939505594,0.104460442906736,"L1_Linear_SVM"
0.8,"L2",0.69682392291253,0.388649667843147,0.0501684716086422,0.101338207941292,"L1_Linear_SVM"
0.9,"L2",0.695132146334678,0.385459568587247,0.0497971366064517,0.10063390435448,"L1_Linear_SVM"
1,"L2",0.695821865897815,0.386814940609263,0.0485390775632707,0.0980649771622074,"L1_Linear_SVM"
0.1,"L2",0.698386621817002,0.374816172491943,0.0417427525062165,0.0890160942492401,"L1_Linear_SVM"
0.2,"L2",0.702639284765867,0.395018895861926,0.0463108457720672,0.0948529304636797,"L1_Linear_SVM"
0.3,"L2",0.702036941960993,0.396952086415499,0.047892153431326,0.0973780522079007,"L1_Linear_SVM"
0.4,"L2",0.697450334475651,0.389039465631704,0.046645499734546,0.0943951431702063,"L1_Linear_SVM"
0.5,"L2",0.693396422143258,0.38132127067569,0.045705350063178,0.0924946971231269,"L1_Linear_SVM"
0.6,"L2",0.689504204656103,0.373820771306946,0.0460792385819645,0.0932609068642696,"L1_Linear_SVM"
0.7,"L2",0.687269865155941,0.369465979096964,0.046247098503387,0.0937566394159541,"L1_Linear_SVM"
0.8,"L2",0.686889734737836,0.368930530009761,0.0441050671556389,0.0893447480206087,"L1_Linear_SVM"
0.9,"L2",0.684293474458031,0.363727217181759,0.0449456182938,0.0911285380591051,"L1_Linear_SVM"
1,"L2",0.685038311899071,0.365350331336397,0.0456288599290569,0.0923709415997614,"L1_Linear_SVM"
0.1,"L2",0.70619524357499,0.390935643497385,0.0396154971536281,0.0845026122105841,"L1_Linear_SVM"
0.2,"L2",0.691797341898608,0.371999268173887,0.0484049820488249,0.0988387528433678,"L1_Linear_SVM"
0.3,"L2",0.682364281288332,0.356357891349905,0.0475082885504041,0.0962680799696305,"L1_Linear_SVM"
0.4,"L2",0.675246496119914,0.343343068043697,0.0484192701723786,0.0978716923933507,"L1_Linear_SVM"
0.5,"L2",0.671030657106606,0.335652042600648,0.047828985788398,0.0965019992028481,"L1_Linear_SVM"
0.6,"L2",0.66793538950501,0.329796593583555,0.0450594718022141,0.0909143991670158,"L1_Linear_SVM"
0.7,"L2",0.666460227536177,0.327079854348438,0.0465388435788747,0.0935988542103323,"L1_Linear_SVM"
0.8,"L2",0.663912977318041,0.322132222743327,0.0472021686039654,0.095093081926978,"L1_Linear_SVM"
0.9,"L2",0.663459620548228,0.321187060469959,0.0466989682706342,0.0941678789985721,"L1_Linear_SVM"
1,"L2",0.662588415803606,0.319550713143495,0.045973635447607,0.0926844673954807,"L1_Linear_SVM"
0.1,"L2",0.679999873544177,0.338238184668463,0.0436066874495124,0.0924809196522891,"L1_Linear_SVM"
0.2,"L2",0.691750098003263,0.373051513928128,0.04755105566818,0.0975719338554221,"L1_Linear_SVM"
0.3,"L2",0.68643847713468,0.36497195998804,0.0474895163802872,0.0966963423644714,"L1_Linear_SVM"
0.4,"L2",0.681819303059809,0.356815135854028,0.0483823635449709,0.0980691669102003,"L1_Linear_SVM"
0.5,"L2",0.678725245218916,0.351189749068816,0.0478147422748709,0.0964908367865246,"L1_Linear_SVM"
0.6,"L2",0.67696082398614,0.348026521328731,0.0480181077982329,0.0966845150816132,"L1_Linear_SVM"
0.7,"L2",0.675767371868638,0.345868441744863,0.0487483955791573,0.0979830002070453,"L1_Linear_SVM"
0.8,"L2",0.67636877468523,0.347277483677543,0.048617012694681,0.0977742900944801,"L1_Linear_SVM"
0.9,"L2",0.674428352238479,0.34360453656871,0.0480472192836379,0.0965668026694096,"L1_Linear_SVM"
1,"L2",0.673543599860056,0.34188032072578,0.0479749096775828,0.0963697286464033,"L1_Linear_SVM"
0.1,"L2",0.683767966211004,0.357926446232243,0.0503113683312578,0.100865449739152,"L1_Linear_SVM"
0.2,"L2",0.677397724638231,0.351363217637599,0.0459014855468913,0.0915711355272023,"L1_Linear_SVM"
0.3,"L2",0.677237420807041,0.352496367975215,0.0461887244215364,0.0925449849662586,"L1_Linear_SVM"
0.4,"L2",0.678630116718724,0.355948162226517,0.0456886337392006,0.0913897769887907,"L1_Linear_SVM"
0.5,"L2",0.678756416579201,0.356425763712717,0.0463309715543454,0.0925306660631781,"L1_Linear_SVM"
0.6,"L2",0.677862133646944,0.354756786426774,0.046892331208205,0.0935394518630198,"L1_Linear_SVM"
0.7,"L2",0.676653076880925,0.352195089224435,0.046642768956246,0.0932922775655971,"L1_Linear_SVM"
0.8,"L2",0.676854925665052,0.352562422260661,0.0454666997726609,0.0910197276189255,"L1_Linear_SVM"
0.9,"L2",0.675533925989622,0.349902320184081,0.0456768003679222,0.0914533756404107,"L1_Linear_SVM"
1,"L2",0.674519977912383,0.347876517825347,0.0456132068725039,0.0912321211176196,"L1_Linear_SVM"
0.1,"L2",0.711530258770765,0.405553126311888,0.0420605887654056,0.0885576264852666,"L1_Linear_SVM"
0.2,"L2",0.703616876794092,0.398777849889983,0.0459313844038335,0.0930753406568913,"L1_Linear_SVM"
0.3,"L2",0.696580200390327,0.387234767087685,0.0464517446482982,0.0929809345876126,"L1_Linear_SVM"
0.4,"L2",0.693822961848278,0.382671020043766,0.045409495249304,0.0908972875426076,"L1_Linear_SVM"
0.5,"L2",0.692493472771954,0.380473947394132,0.0449438604317453,0.0899037061075409,"L1_Linear_SVM"
0.6,"L2",0.69239055880828,0.380481668727403,0.0456505217404933,0.0913767041294888,"L1_Linear_SVM"
0.7,"L2",0.69140385774563,0.378711676291455,0.0459564357012972,0.0920431745325138,"L1_Linear_SVM"
0.8,"L2",0.692578185527553,0.380975775430113,0.0457394059854917,0.0918155089539252,"L1_Linear_SVM"
0.9,"L2",0.690617424769324,0.377243217477426,0.0451624920117418,0.0906022622784414,"L1_Linear_SVM"
1,"L2",0.690898236784313,0.377693500844525,0.0460358654505175,0.0924904864345626,"L1_Linear_SVM"
