"cost","loss","epsilon","ROC","Sens","Spec","ROCSD","SensSD","SpecSD","model"
0.01,"L2_dual",0.1,0.736135091537531,0.217600600600601,0.959851335656214,0.0533912433476704,0.0836735989022811,0.0383962392609385,"L2_Logistic_Regression"
0.05,"L2_dual",0.1,0.75279457593482,0.492498498498499,0.873016260162602,0.0510502164713776,0.0744065176101855,0.0519152801013554,"L2_Logistic_Regression"
0.1,"L2_dual",0.1,0.758302922260239,0.536067567567568,0.847998838559814,0.0497470776538056,0.0761135138854165,0.055382126545264,"L2_Logistic_Regression"
0.5,"L2_dual",0.1,0.763694292724781,0.570927927927928,0.818693379790941,0.0476349928289875,0.0816897165342571,0.0584353816475688,"L2_Logistic_Regression"
1,"L2_dual",0.1,0.76389786127591,0.57396996996997,0.813062717770035,0.0474818499642301,0.0816397302440399,0.0596238539348158,"L2_Logistic_Regression"
5,"L2_dual",0.1,0.762434083909694,0.578307807807808,0.801778164924506,0.0473224921598525,0.0803609713799034,0.0617607251236421,"L2_Logistic_Regression"
0.01,"L2_dual",0.1,0.689379609574732,0.166085585585586,0.95349593495935,0.0591821594252108,0.079790198195119,0.0390544828185372,"L2_Logistic_Regression"
0.05,"L2_dual",0.1,0.70399456337871,0.444361861861862,0.850524970963995,0.0561256907390669,0.0788791347136686,0.0572851360167064,"L2_Logistic_Regression"
0.1,"L2_dual",0.1,0.709154444514201,0.496684684684685,0.816003484320557,0.0544133540460307,0.07951016775492,0.0598534282995559,"L2_Logistic_Regression"
0.5,"L2_dual",0.1,0.713453979240565,0.542471471471471,0.779353077816492,0.0522031278279296,0.0806807315714486,0.0639217050402433,"L2_Logistic_Regression"
1,"L2_dual",0.1,0.713580187330187,0.550908408408408,0.771554006968641,0.0517186854488699,0.0810916603735759,0.0669610304489586,"L2_Logistic_Regression"
5,"L2_dual",0.1,0.712521207618769,0.556512012012012,0.759142857142857,0.0510436916788422,0.0819107630517388,0.068715466606251,"L2_Logistic_Regression"
0.01,"L2_dual",0.1,0.711886484916973,0.294522522522523,0.925066202090592,0.0584335830651791,0.0743363502565521,0.0428022449737192,"L2_Logistic_Regression"
0.05,"L2_dual",0.1,0.722591629957484,0.474539039039039,0.847029036004646,0.0567487104098371,0.0840293215595872,0.0579889119387478,"L2_Logistic_Regression"
0.1,"L2_dual",0.1,0.726677655006923,0.511915915915916,0.821368176538908,0.0557876302276086,0.0853555337356203,0.062003238938607,"L2_Logistic_Regression"
0.5,"L2_dual",0.1,0.733142741173229,0.557825825825826,0.778639953542393,0.0532672321966003,0.0885359259813993,0.0661725122283455,"L2_Logistic_Regression"
1,"L2_dual",0.1,0.733935497344034,0.570441441441441,0.767626016260163,0.0524464797148801,0.0885293523207592,0.0667870003604982,"L2_Logistic_Regression"
5,"L2_dual",0.1,0.734137939333061,0.589864864864865,0.747486643437863,0.0514986620460323,0.088178790018305,0.068775881520093,"L2_Logistic_Regression"
0.01,"L2_dual",0.1,0.719671058689351,0.248138138138138,0.949592334494774,0.0577118493434667,0.0808093737249161,0.0386997064192716,"L2_Logistic_Regression"
0.05,"L2_dual",0.1,0.731541136955771,0.493216216216216,0.849455284552846,0.0554359140494743,0.0757888770086445,0.0612903540356679,"L2_Logistic_Regression"
0.1,"L2_dual",0.1,0.735588042746579,0.53822972972973,0.821135888501742,0.0541531669234819,0.0791075228784785,0.0645546239118958,"L2_Logistic_Regression"
0.5,"L2_dual",0.1,0.739719255841207,0.570824324324324,0.795448315911731,0.0517505161643464,0.0769810468263209,0.0661452083332606,"L2_Logistic_Regression"
1,"L2_dual",0.1,0.739744692427619,0.576735735735736,0.788996515679443,0.0510623198602924,0.0765903926958475,0.0665459354985047,"L2_Logistic_Regression"
5,"L2_dual",0.1,0.738342948349046,0.581241741741742,0.778565621370499,0.0501242785463726,0.0791977534560403,0.0673401056290047,"L2_Logistic_Regression"
0.01,"L2_dual",0.1,0.720170301834936,0.243048048048048,0.946124274099884,0.0531378401822246,0.0794139692925353,0.0412432907812002,"L2_Logistic_Regression"
0.05,"L2_dual",0.1,0.73120568652276,0.499280780780781,0.832246225319396,0.0502942463177087,0.0775136119861477,0.0580009399424362,"L2_Logistic_Regression"
0.1,"L2_dual",0.1,0.73544983310837,0.536882882882883,0.807024390243902,0.0485232032796564,0.0762394125468364,0.0609942869857363,"L2_Logistic_Regression"
0.5,"L2_dual",0.1,0.740011399901644,0.571108108108108,0.783255516840883,0.0459074903206068,0.0752681989482503,0.0627144166885904,"L2_Logistic_Regression"
1,"L2_dual",0.1,0.739700664078713,0.57304954954955,0.778514518002323,0.0454400958314366,0.0754123164271748,0.0624667440312011,"L2_Logistic_Regression"
5,"L2_dual",0.1,0.738086497647473,0.576082582582583,0.771142857142857,0.0451012506774413,0.0765343834777745,0.0638401579390096,"L2_Logistic_Regression"
0.01,"L2_dual",0.1,0.715209208337257,0.345324324324324,0.91116724738676,0.0577395657545423,0.0749194196010762,0.0480090058827801,"L2_Logistic_Regression"
0.05,"L2_dual",0.1,0.72744567651275,0.498162162162162,0.83349012775842,0.0552146668117115,0.0809064788572859,0.0577286284574414,"L2_Logistic_Regression"
0.1,"L2_dual",0.1,0.730463921238311,0.528542042042042,0.811102206736353,0.0539782147841168,0.0828324514332344,0.0600716005197899,"L2_Logistic_Regression"
0.5,"L2_dual",0.1,0.730293861806057,0.558756756756757,0.773889663182346,0.0525390670233693,0.08473605315439,0.0660677815184706,"L2_Logistic_Regression"
1,"L2_dual",0.1,0.729153540299882,0.564773273273273,0.761735191637631,0.0523460228166485,0.0833369749689236,0.0671498681320926,"L2_Logistic_Regression"
5,"L2_dual",0.1,0.7260319143185,0.573214714714715,0.74197212543554,0.0523286459870655,0.0846090692656667,0.0715147258577324,"L2_Logistic_Regression"
0.01,"L2_dual",0.1,0.724922189611214,0.228963963963964,0.950118466898955,0.0518992211050563,0.0785706101782204,0.0389224311145272,"L2_Logistic_Regression"
0.05,"L2_dual",0.1,0.735902154768008,0.50110960960961,0.837775842044135,0.0496054760187377,0.0770605377538328,0.0576803946087943,"L2_Logistic_Regression"
0.1,"L2_dual",0.1,0.737987286066554,0.541924924924925,0.805304297328688,0.048505936703553,0.0778438464653904,0.0632188801100139,"L2_Logistic_Regression"
0.5,"L2_dual",0.1,0.734973443827102,0.559743243243243,0.767157955865273,0.0474113667462105,0.0807044685547151,0.0683536827429349,"L2_Logistic_Regression"
1,"L2_dual",0.1,0.732272873919215,0.560702702702703,0.758963995354239,0.0477075788831629,0.0836754064028475,0.0674495542926418,"L2_Logistic_Regression"
5,"L2_dual",0.1,0.726786248792346,0.562575075075075,0.74490243902439,0.0481996369658869,0.0839333888498857,0.0690604230638905,"L2_Logistic_Regression"
0.01,"L2_dual",0.1,0.730747928241831,0.304474474474475,0.936284552845528,0.0567166216266588,0.0887519018476771,0.0455336340384126,"L2_Logistic_Regression"
0.05,"L2_dual",0.1,0.749230769968575,0.542121621621622,0.831186991869919,0.0541744463003346,0.0831222337586038,0.0630582596366075,"L2_Logistic_Regression"
0.1,"L2_dual",0.1,0.756014919972237,0.576960960960961,0.810939605110337,0.0522157804899476,0.0800120507186472,0.0643584037734021,"L2_Logistic_Regression"
0.5,"L2_dual",0.1,0.763497893363747,0.604684684684685,0.792032520325203,0.049519983941006,0.0821883983304594,0.0654780592514685,"L2_Logistic_Regression"
1,"L2_dual",0.1,0.763861805184976,0.60706006006006,0.786248548199768,0.0493101135901617,0.0832655118943193,0.0691621928413754,"L2_Logistic_Regression"
5,"L2_dual",0.1,0.763493822219432,0.608528528528529,0.779067363530778,0.0486408465483911,0.0846468836905985,0.0712392249656463,"L2_Logistic_Regression"
0.01,"L2_dual",0.1,0.699465422739813,0.187968468468468,0.960987224157956,0.055670981770465,0.0768430533730423,0.0352539205212435,"L2_Logistic_Regression"
0.05,"L2_dual",0.1,0.709388893248649,0.426441441441441,0.864380952380952,0.0537957406397074,0.0753948532729487,0.0579689380642305,"L2_Logistic_Regression"
0.1,"L2_dual",0.1,0.712491508930533,0.472046546546547,0.833088269454123,0.0531791214150748,0.0754204356482339,0.0612490857180734,"L2_Logistic_Regression"
0.5,"L2_dual",0.1,0.713801825344508,0.506738738738739,0.792981416957027,0.0511958218111412,0.0769986947280403,0.0620070281950052,"L2_Logistic_Regression"
1,"L2_dual",0.1,0.712538569928814,0.51037987987988,0.784745644599303,0.0506692943619477,0.0783310326817671,0.0635709401788593,"L2_Logistic_Regression"
5,"L2_dual",0.1,0.708733104184324,0.517714714714715,0.774015098722416,0.0503279696373693,0.079254725683568,0.0641459724702326,"L2_Logistic_Regression"
0.01,"L2_dual",0.1,0.708592048494488,0.234382882882883,0.962449477351916,0.0590974069371696,0.0830218896436626,0.0367092624533284,"L2_Logistic_Regression"
0.05,"L2_dual",0.1,0.725492553529139,0.492336336336336,0.868720092915215,0.0556661708451801,0.0765592016979298,0.0574040871442721,"L2_Logistic_Regression"
0.1,"L2_dual",0.1,0.731587383550798,0.532489489489489,0.840400696864111,0.0544302221721852,0.0763202473750335,0.0610575590258029,"L2_Logistic_Regression"
0.5,"L2_dual",0.1,0.738211488491976,0.56353003003003,0.802063879210221,0.0524518710055855,0.0747030322900566,0.0651212285130488,"L2_Logistic_Regression"
1,"L2_dual",0.1,0.739081054050566,0.568103603603604,0.794976771196283,0.0521689045846353,0.076109403019872,0.0653513189224293,"L2_Logistic_Regression"
5,"L2_dual",0.1,0.739406763034812,0.570084084084084,0.781678281068525,0.0515866745834319,0.0783832160662511,0.0699833720072636,"L2_Logistic_Regression"
0.01,"L2_dual",0.1,0.739803161175112,0.239953453453453,0.962644599303136,0.0520124742410195,0.0808199905962582,0.035372557318959,"L2_Logistic_Regression"
0.05,"L2_dual",0.1,0.753786860902715,0.487196696696697,0.873853658536585,0.0504904250836003,0.0776407153439434,0.0578588867822876,"L2_Logistic_Regression"
0.1,"L2_dual",0.1,0.758766706602072,0.527084084084084,0.844879210220674,0.0492136794601173,0.0775747674957586,0.062336273432774,"L2_Logistic_Regression"
0.5,"L2_dual",0.1,0.764218683840635,0.563244744744745,0.813353077816492,0.0469614485508145,0.0779438132297461,0.063913344892279,"L2_Logistic_Regression"
1,"L2_dual",0.1,0.764023178230495,0.568454954954955,0.80617537746806,0.0464667941078909,0.0778802768889933,0.0638584580457141,"L2_Logistic_Regression"
5,"L2_dual",0.1,0.762093161977308,0.570388888888889,0.795708478513357,0.0459477937820705,0.0785131142547088,0.0640828462505703,"L2_Logistic_Regression"
0.01,"L2_dual",0.1,0.729201546494229,0.278177177177177,0.942842044134727,0.0559035908089522,0.0950799896602509,0.0421660893452369,"L2_Logistic_Regression"
0.05,"L2_dual",0.1,0.744680710327052,0.533280780780781,0.840736353077816,0.0523384129583718,0.080124395204105,0.0586121289214534,"L2_Logistic_Regression"
0.1,"L2_dual",0.1,0.749405203984472,0.566219219219219,0.812876887340302,0.0506226385385352,0.0781157916200133,0.0610722282406923,"L2_Logistic_Regression"
0.5,"L2_dual",0.1,0.752046623278331,0.585542042042042,0.785865272938444,0.0483612893232026,0.0798912779821692,0.0636799809534947,"L2_Logistic_Regression"
1,"L2_dual",0.1,0.750890584835707,0.585430930930931,0.777594657375145,0.0479713351489993,0.0798955649972826,0.0649444897115872,"L2_Logistic_Regression"
5,"L2_dual",0.1,0.747026136763942,0.587267267267267,0.766241579558653,0.0476380183478116,0.0813940504834914,0.0687109042285421,"L2_Logistic_Regression"
0.01,"L2_dual",0.1,0.727489974294852,0.313280780780781,0.938202090592335,0.0535877503419468,0.0702096933175656,0.041050942838214,"L2_Logistic_Regression"
0.05,"L2_dual",0.1,0.740494979299857,0.473135135135135,0.875469221835075,0.0510524226220491,0.0734192506110634,0.0519840863316888,"L2_Logistic_Regression"
0.1,"L2_dual",0.1,0.744425531803581,0.49837987987988,0.859585365853659,0.0499800916263705,0.0736291006683573,0.0552213212984147,"L2_Logistic_Regression"
0.5,"L2_dual",0.1,0.747146257756014,0.52631981981982,0.835126596980255,0.0489983824667419,0.0752621184130403,0.059484599652404,"L2_Logistic_Regression"
1,"L2_dual",0.1,0.746761623121379,0.531361861861862,0.828290360046458,0.0488227360821814,0.0757143539659706,0.0600559315050079,"L2_Logistic_Regression"
5,"L2_dual",0.1,0.744760114644261,0.542333333333333,0.811205574912892,0.0488105142624063,0.077606397798103,0.0625965164140226,"L2_Logistic_Regression"
0.01,"L2_dual",0.1,0.706469054420274,0.271678678678679,0.94058768873403,0.0540723248979319,0.0987541042237912,0.0498027081406642,"L2_Logistic_Regression"
0.05,"L2_dual",0.1,0.71933470752983,0.512136636636637,0.821802555168409,0.0520060535843688,0.0782622734519398,0.0647483535815326,"L2_Logistic_Regression"
0.1,"L2_dual",0.1,0.724335003993541,0.545516516516517,0.791639953542393,0.0509037432789694,0.0806527579636398,0.0642845509384918,"L2_Logistic_Regression"
0.5,"L2_dual",0.1,0.72878750091555,0.575298798798799,0.759605110336818,0.0494591828670796,0.0834973776590438,0.0731433835968374,"L2_Logistic_Regression"
1,"L2_dual",0.1,0.728881948150241,0.580358858858859,0.751620209059233,0.0489281946069917,0.085375251783689,0.0744601441444821,"L2_Logistic_Regression"
5,"L2_dual",0.1,0.727015781460903,0.584001501501502,0.739515679442509,0.0485610172831081,0.0880322443200744,0.0772837368162906,"L2_Logistic_Regression"
0.01,"L2_dual",0.1,0.722670233822673,0.267801801801802,0.940660859465738,0.0563128730702137,0.0835957184509415,0.0437244636024386,"L2_Logistic_Regression"
0.05,"L2_dual",0.1,0.735491731278317,0.51931981981982,0.827452961672474,0.0533474214552885,0.075054803738037,0.059855396025472,"L2_Logistic_Regression"
0.1,"L2_dual",0.1,0.740023730176169,0.555225225225225,0.801752613240418,0.0517438561086012,0.0755079027499558,0.0624626340010552,"L2_Logistic_Regression"
0.5,"L2_dual",0.1,0.743124269740123,0.579480480480481,0.769458768873403,0.0490016327875753,0.0777817150228227,0.0641752530882243,"L2_Logistic_Regression"
1,"L2_dual",0.1,0.741928567940763,0.581767267267267,0.758936120789779,0.0486900778739348,0.0796868193884097,0.0664814776804867,"L2_Logistic_Regression"
5,"L2_dual",0.1,0.738057091935141,0.587960960960961,0.743598141695703,0.048217303322283,0.0789435005443484,0.0672678970578837,"L2_Logistic_Regression"
0.01,"L2_dual",0.1,0.712451182890207,0.240672672672673,0.948262485481998,0.0562520372047564,0.0832956111354003,0.0398936277762581,"L2_Logistic_Regression"
0.05,"L2_dual",0.1,0.729548534597315,0.49690990990991,0.845996515679442,0.0535678551873123,0.0736521443825365,0.0579803728059567,"L2_Logistic_Regression"
0.1,"L2_dual",0.1,0.73554286254896,0.539415915915916,0.820973286875726,0.0520894677743132,0.0739120085560261,0.0605486897979297,"L2_Logistic_Regression"
0.5,"L2_dual",0.1,0.742647447970619,0.574436936936937,0.794053426248548,0.0489348272406794,0.0780717107733176,0.061960756602931,"L2_Logistic_Regression"
1,"L2_dual",0.1,0.743137270545807,0.577153153153153,0.787825783972125,0.0481572338496336,0.0784936426585878,0.0625294080478122,"L2_Logistic_Regression"
5,"L2_dual",0.1,0.742328941310649,0.579412912912913,0.777919860627178,0.0472755452963073,0.0824152781176711,0.0665367871365595,"L2_Logistic_Regression"
0.01,"L2_dual",0.1,0.716135067122872,0.28187987987988,0.939551684088269,0.0554993499066224,0.0829651847534962,0.042299624675379,"L2_Logistic_Regression"
0.05,"L2_dual",0.1,0.729201423548985,0.521930930930931,0.830061556329849,0.0529788410726403,0.0753178230190607,0.0597112232452134,"L2_Logistic_Regression"
0.1,"L2_dual",0.1,0.732626326675107,0.554747747747748,0.80564343786295,0.0517270880039563,0.0752387162015827,0.0604152546154344,"L2_Logistic_Regression"
0.5,"L2_dual",0.1,0.733603908786836,0.577719219219219,0.776536585365854,0.050355724762526,0.0763132234817119,0.0602322848416295,"L2_Logistic_Regression"
1,"L2_dual",0.1,0.732272857352126,0.57898048048048,0.769845528455285,0.0501256597346567,0.0760933622759655,0.0627309464990747,"L2_Logistic_Regression"
5,"L2_dual",0.1,0.729281150488468,0.580995495495495,0.760102206736353,0.049910653190673,0.0775434520748199,0.0641424758365077,"L2_Logistic_Regression"
0.01,"L2_dual",0.1,0.725164096151901,0.284690690690691,0.928538908246225,0.0546909937779291,0.0902801998539618,0.0485554894178062,"L2_Logistic_Regression"
0.05,"L2_dual",0.1,0.741912150826785,0.527321321321321,0.844660859465738,0.0516058464520878,0.0785985040384331,0.0571712910733281,"L2_Logistic_Regression"
0.1,"L2_dual",0.1,0.746842943989285,0.564432432432432,0.820447154471545,0.0501927894165173,0.0777076577046329,0.0580051644430471,"L2_Logistic_Regression"
0.5,"L2_dual",0.1,0.749149429045771,0.58528978978979,0.785045296167247,0.048854716144078,0.0820528233405705,0.0636904562476539,"L2_Logistic_Regression"
1,"L2_dual",0.1,0.748193882035345,0.587903903903904,0.778349593495935,0.0484697915295807,0.0838224842298171,0.0652190774587634,"L2_Logistic_Regression"
5,"L2_dual",0.1,0.74571552998992,0.588753753753754,0.766400696864111,0.0486856603763793,0.0880923922222712,0.0678403709289084,"L2_Logistic_Regression"
0.01,"L2_dual",0.1,0.74418107654693,0.266355855855856,0.959880371660859,0.0535390728393941,0.0748480781583364,0.032249843225014,"L2_Logistic_Regression"
0.05,"L2_dual",0.1,0.758636597398793,0.514695195195195,0.880399535423926,0.0523517224089263,0.0775176056040588,0.0537062789931025,"L2_Logistic_Regression"
0.1,"L2_dual",0.1,0.763439479549236,0.555012012012012,0.856484320557491,0.0518207858573105,0.079253567869227,0.0579485304017764,"L2_Logistic_Regression"
0.5,"L2_dual",0.1,0.767589474491914,0.581100600600601,0.826569105691057,0.0510686445872011,0.082313950678326,0.0610073061416607,"L2_Logistic_Regression"
1,"L2_dual",0.1,0.766891007732471,0.582548048048048,0.818196283391405,0.0508694004420498,0.0823377636937799,0.0609472283991594,"L2_Logistic_Regression"
5,"L2_dual",0.1,0.764154560483829,0.582713213213213,0.804349593495935,0.0507933932448358,0.0837848246802029,0.0626320827105219,"L2_Logistic_Regression"
0.01,"L2_dual",0.1,0.708962689170006,0.383082582582583,0.894756097560976,0.0563959553106451,0.0800853869068223,0.052864602810602,"L2_Logistic_Regression"
0.05,"L2_dual",0.1,0.720052999863976,0.532232732732733,0.809425087108014,0.0546708809765815,0.0850488300133856,0.0643293698727682,"L2_Logistic_Regression"
0.1,"L2_dual",0.1,0.724094623369014,0.562024024024024,0.787029036004646,0.0540091342350197,0.0850541384962389,0.0650601985172288,"L2_Logistic_Regression"
0.5,"L2_dual",0.1,0.727936025747001,0.594136636636637,0.755499419279907,0.0523361488319212,0.0858055747438381,0.0677718120836833,"L2_Logistic_Regression"
1,"L2_dual",0.1,0.728023779005486,0.602138138138138,0.743297328687573,0.0518571539460742,0.0846182540160623,0.0683024885393868,"L2_Logistic_Regression"
5,"L2_dual",0.1,0.72662156668864,0.612318318318318,0.724292682926829,0.0514711290749468,0.0814348525505322,0.0699683410408223,"L2_Logistic_Regression"
0.01,"L2_dual",0.1,0.714436707613537,0.259573573573574,0.94202787456446,0.0591297721086221,0.0909595838043541,0.0466528208860186,"L2_Logistic_Regression"
0.05,"L2_dual",0.1,0.729162875418973,0.499099099099099,0.847436701509872,0.0566454925432429,0.0815153623971884,0.0660950195656056,"L2_Logistic_Regression"
0.1,"L2_dual",0.1,0.734855982288909,0.533274774774775,0.825514518002323,0.0553055147454425,0.0778815293743564,0.0709581057594791,"L2_Logistic_Regression"
0.5,"L2_dual",0.1,0.74062001984563,0.554166666666667,0.803408826945412,0.0532891931045509,0.0812450167034532,0.0696672381060153,"L2_Logistic_Regression"
1,"L2_dual",0.1,0.740963420737811,0.555352852852853,0.797204413472706,0.0527153853873352,0.0814941492439474,0.0706816960768008,"L2_Logistic_Regression"
5,"L2_dual",0.1,0.739835005737445,0.55624024024024,0.785098722415796,0.0516781643405673,0.0824164551746722,0.070282254748445,"L2_Logistic_Regression"
0.01,"L2_dual",0.1,0.720338841454695,0.376087087087087,0.888326364692218,0.0579476820193916,0.0781486037769209,0.0514444398469804,"L2_Logistic_Regression"
0.05,"L2_dual",0.1,0.729510704955827,0.532147147147147,0.810770034843206,0.0563860545182291,0.0785051588233143,0.0621084458981753,"L2_Logistic_Regression"
0.1,"L2_dual",0.1,0.732458662495248,0.561154654654655,0.785795586527294,0.0551224843431908,0.080524073922088,0.0631077355648686,"L2_Logistic_Regression"
0.5,"L2_dual",0.1,0.733423732094464,0.594156156156156,0.737475029036005,0.052806804255328,0.0836121533256744,0.0691928047382939,"L2_Logistic_Regression"
1,"L2_dual",0.1,0.732139664054298,0.602636636636637,0.723936120789779,0.0521426228268754,0.0853164788908407,0.0714797826837433,"L2_Logistic_Regression"
5,"L2_dual",0.1,0.729069517252444,0.615947447447447,0.701250871080139,0.051115647480393,0.085326743796261,0.0736361236168499,"L2_Logistic_Regression"
0.01,"L2_dual",0.1,0.721593956325664,0.250974474474474,0.955219512195122,0.0555746830905689,0.0895272787908961,0.0423819379235218,"L2_Logistic_Regression"
0.05,"L2_dual",0.1,0.73222340110145,0.497695195195195,0.854221835075494,0.0520331443427055,0.0801536552025315,0.0645159741298293,"L2_Logistic_Regression"
0.1,"L2_dual",0.1,0.735339350674717,0.53371021021021,0.82454587688734,0.0508157904861744,0.0809670634826935,0.0655515087310858,"L2_Logistic_Regression"
0.5,"L2_dual",0.1,0.73685458193385,0.568472972972973,0.787617886178862,0.0487097473319982,0.0875896079342125,0.0715739859541528,"L2_Logistic_Regression"
1,"L2_dual",0.1,0.736444536871366,0.572660660660661,0.779326364692218,0.0484206436321431,0.0884713419654028,0.0732232025126135,"L2_Logistic_Regression"
5,"L2_dual",0.1,0.734889949182632,0.577123123123123,0.76750987224158,0.0482194772290425,0.0911021628110677,0.0777718893343178,"L2_Logistic_Regression"
0.01,"L2_dual",0.1,0.716578126907395,0.289785285285285,0.91844831591173,0.0565681915972355,0.0797173570890283,0.049356687397908,"L2_Logistic_Regression"
0.05,"L2_dual",0.1,0.727587605898582,0.539788288288288,0.817332171893148,0.0543177685468133,0.0785329021166333,0.0593903135719952,"L2_Logistic_Regression"
0.1,"L2_dual",0.1,0.731399059338084,0.575094594594595,0.796371660859466,0.0528563788142736,0.080497492156292,0.0632677498427104,"L2_Logistic_Regression"
0.5,"L2_dual",0.1,0.734133910914399,0.586978978978979,0.774355400696864,0.0505436070812417,0.0829403981349326,0.0653058602121174,"L2_Logistic_Regression"
1,"L2_dual",0.1,0.733728654612801,0.586965465465465,0.771392566782811,0.0501121201523428,0.0835621715225915,0.0665524878124866,"L2_Logistic_Regression"
5,"L2_dual",0.1,0.732113649363649,0.587968468468469,0.764771196283391,0.0495560975837207,0.0843762164110396,0.0676069702295791,"L2_Logistic_Regression"
0.01,"L2_dual",0.1,0.712446345300004,0.260217717717718,0.943192799070848,0.0552305816731618,0.0884066042013195,0.0434803803258576,"L2_Logistic_Regression"
0.05,"L2_dual",0.1,0.725046479406235,0.512869369369369,0.836077816492451,0.0527109918550486,0.0766870409456288,0.0598849393657836,"L2_Logistic_Regression"
0.1,"L2_dual",0.1,0.728153105195788,0.544974474474474,0.805595818815331,0.0516218587725753,0.0770711477407542,0.0649137390406055,"L2_Logistic_Regression"
0.5,"L2_dual",0.1,0.727999312901752,0.562582582582583,0.769075493612079,0.0507449508515638,0.0781295558740433,0.0655754754721211,"L2_Logistic_Regression"
1,"L2_dual",0.1,0.726540878857952,0.56254954954955,0.759743321718931,0.0506382214814369,0.0795836251339306,0.0674373813106882,"L2_Logistic_Regression"
5,"L2_dual",0.1,0.722826270521392,0.563791291291291,0.745191637630662,0.0506558441344,0.0782115078208235,0.0688449297663991,"L2_Logistic_Regression"
0.01,"L2_dual",0.1,0.727403757415953,0.232626126126126,0.966526132404181,0.0573045150826667,0.0877388567600097,0.0350743864545882,"L2_Logistic_Regression"
0.05,"L2_dual",0.1,0.742917880423978,0.496941441441441,0.87155981416957,0.0539468638853959,0.0867279505160205,0.0585665637695551,"L2_Logistic_Regression"
0.1,"L2_dual",0.1,0.748214476671794,0.543487987987988,0.844607433217189,0.0526372277477062,0.0840599027333249,0.0614718289850485,"L2_Logistic_Regression"
0.5,"L2_dual",0.1,0.753615643518083,0.575226726726727,0.815739837398374,0.0502581698724471,0.0830583511870209,0.0633352672731946,"L2_Logistic_Regression"
1,"L2_dual",0.1,0.753697110001988,0.577492492492492,0.808760743321719,0.0498867216950939,0.083306009111229,0.0633398741768888,"L2_Logistic_Regression"
5,"L2_dual",0.1,0.752516346485859,0.579612612612613,0.798746806039489,0.0488581419243352,0.0836145954380035,0.0626965886764664,"L2_Logistic_Regression"
0.01,"L2_dual",0.1,0.708848379738624,0.220812312312312,0.947905923344948,0.0596819496556781,0.0815376097352818,0.040859163973878,"L2_Logistic_Regression"
0.05,"L2_dual",0.1,0.722298211975041,0.50536036036036,0.851221835075494,0.0564262954028648,0.074062711267857,0.061181723720346,"L2_Logistic_Regression"
0.1,"L2_dual",0.1,0.727765507667947,0.547581081081081,0.824790940766551,0.0551835073719531,0.0741203013413059,0.0651781981678643,"L2_Logistic_Regression"
0.5,"L2_dual",0.1,0.735778290485608,0.576324324324324,0.795,0.0528927339726553,0.0744137702771215,0.0661211845638098,"L2_Logistic_Regression"
1,"L2_dual",0.1,0.737320658637732,0.579630630630631,0.790826945412311,0.0524039770829833,0.0752267246757384,0.0656623459763103,"L2_Logistic_Regression"
5,"L2_dual",0.1,0.738995313257508,0.583962462462462,0.780817653890825,0.0517461273965697,0.0769573909542463,0.0662300390468605,"L2_Logistic_Regression"
0.01,"L2_dual",0.1,0.705590516474663,0.211345345345345,0.965326364692218,0.0565356112065719,0.0744720445290071,0.03230721195526,"L2_Logistic_Regression"
0.05,"L2_dual",0.1,0.718892236312968,0.455756756756757,0.858131242740999,0.0531599522890459,0.0746647092762088,0.0556312491717393,"L2_Logistic_Regression"
0.1,"L2_dual",0.1,0.722502174648516,0.508145645645646,0.82324506387921,0.0519143449390584,0.0785709404606617,0.059542200218954,"L2_Logistic_Regression"
0.5,"L2_dual",0.1,0.725405133356353,0.54292042042042,0.792814169570267,0.0507924136363619,0.0808387613005518,0.0629925900531733,"L2_Logistic_Regression"
1,"L2_dual",0.1,0.725819918350406,0.547268768768769,0.787405342624855,0.0506248518004004,0.0815589173220668,0.0642649145808834,"L2_Logistic_Regression"
5,"L2_dual",0.1,0.725781004000516,0.55204954954955,0.780082462253194,0.0503504065533827,0.0809848226841319,0.0656418022456047,"L2_Logistic_Regression"
0.01,"L2_dual",0.1,0.710027051441686,0.258540540540541,0.946993031358885,0.0544971592443199,0.0844425173863115,0.0384910951799782,"L2_Logistic_Regression"
0.05,"L2_dual",0.1,0.725365449944718,0.496644144144144,0.838650406504065,0.0523217702611398,0.0753042125260333,0.0595827582770382,"L2_Logistic_Regression"
0.1,"L2_dual",0.1,0.729917528155333,0.535477477477478,0.80979674796748,0.0511128736185436,0.0756803164707174,0.0627864730933173,"L2_Logistic_Regression"
0.5,"L2_dual",0.1,0.733818750806556,0.5686996996997,0.783555168408827,0.0492590580110348,0.0779601233682564,0.0638838505124447,"L2_Logistic_Regression"
1,"L2_dual",0.1,0.733685092758263,0.573102102102102,0.778515679442509,0.0488871685803473,0.0790644684814647,0.0646590286253684,"L2_Logistic_Regression"
5,"L2_dual",0.1,0.732041967054162,0.578840840840841,0.771570267131243,0.0485534425982099,0.0786134962657921,0.0652848255591521,"L2_Logistic_Regression"
0.01,"L2_dual",0.1,0.715826218204267,0.225692192192192,0.952688734030197,0.0551950648972101,0.0768470550293134,0.0408698374321767,"L2_Logistic_Regression"
0.05,"L2_dual",0.1,0.730436763418471,0.478848348348348,0.844159117305459,0.0536446468928488,0.0747565705645542,0.0572075106656703,"L2_Logistic_Regression"
0.1,"L2_dual",0.1,0.735254107766303,0.526990990990991,0.815418118466899,0.0526567373869067,0.0753004798363419,0.0603627306191061,"L2_Logistic_Regression"
0.5,"L2_dual",0.1,0.738891263214434,0.561448948948949,0.777369337979094,0.0503534800081414,0.0780097357952327,0.0629288034302914,"L2_Logistic_Regression"
1,"L2_dual",0.1,0.738543188659042,0.566061561561562,0.767843205574913,0.0498970110051942,0.0777067744556283,0.0642994685698028,"L2_Logistic_Regression"
5,"L2_dual",0.1,0.7361789585753,0.570355855855856,0.752579558652729,0.0496732860133199,0.0788411870701634,0.0640505268292114,"L2_Logistic_Regression"
0.01,"L2_dual",0.1,0.724881729290266,0.401987987987988,0.888501742160279,0.0565850416099446,0.082124760579917,0.052062879571453,"L2_Logistic_Regression"
0.05,"L2_dual",0.1,0.740691764935667,0.576453453453453,0.814540069686411,0.0539155610642766,0.0735491945603811,0.0590435849827858,"L2_Logistic_Regression"
0.1,"L2_dual",0.1,0.746202177787544,0.608378378378378,0.79718931475029,0.052533609979194,0.0753068572356819,0.060590729667502,"L2_Logistic_Regression"
0.5,"L2_dual",0.1,0.752413423876839,0.642078078078078,0.761879210220674,0.0500571835789372,0.0762079934151627,0.0626776558827279,"L2_Logistic_Regression"
1,"L2_dual",0.1,0.753271400320181,0.650385885885886,0.748693379790941,0.0495186352713719,0.0774689626900546,0.0641443257599227,"L2_Logistic_Regression"
5,"L2_dual",0.1,0.752535318419465,0.663094594594595,0.724387921022067,0.0487576093113655,0.0766075434520904,0.0662894155800348,"L2_Logistic_Regression"
0.01,"L2_dual",0.1,0.699269926721146,0.256707207207207,0.946795586527294,0.058742051009869,0.0817231714492929,0.0442769067556105,"L2_Logistic_Regression"
0.05,"L2_dual",0.1,0.714968265303631,0.490635135135135,0.83937049941928,0.0558674713574891,0.0791586986697271,0.0662730913096592,"L2_Logistic_Regression"
0.1,"L2_dual",0.1,0.719740494850251,0.52554954954955,0.806830429732869,0.0541342174047208,0.0783984708756108,0.068886047470971,"L2_Logistic_Regression"
0.5,"L2_dual",0.1,0.722192734546393,0.546075075075075,0.775766550522648,0.0511177102706436,0.0789926917737812,0.0725218831721666,"L2_Logistic_Regression"
1,"L2_dual",0.1,0.721342984099082,0.548509009009009,0.767910569105691,0.0503084666273106,0.080489071605064,0.0740748270476742,"L2_Logistic_Regression"
5,"L2_dual",0.1,0.718068754294364,0.55272972972973,0.755970963995354,0.0496300244673576,0.0825071595254,0.0762018055760226,"L2_Logistic_Regression"
0.01,"L2_dual",0.1,0.710748573486378,0.204325825825826,0.954879210220674,0.061757580722874,0.079967068723318,0.0356659864793119,"L2_Logistic_Regression"
0.05,"L2_dual",0.1,0.72667924631949,0.487279279279279,0.859842044134727,0.0592409905818786,0.0806021407024108,0.0580970833520389,"L2_Logistic_Regression"
0.1,"L2_dual",0.1,0.731954608789975,0.531304804804805,0.831032520325203,0.0576841459795725,0.0822715712684884,0.0586554444608237,"L2_Logistic_Regression"
0.5,"L2_dual",0.1,0.736672241928339,0.559717717717718,0.801807200929152,0.0544180905291518,0.0843401061058784,0.0589191314589875,"L2_Logistic_Regression"
1,"L2_dual",0.1,0.736486580657312,0.562596096096096,0.796110336817654,0.0538305963223092,0.0832118168979134,0.0587831751845765,"L2_Logistic_Regression"
5,"L2_dual",0.1,0.73461249489908,0.564945945945946,0.785152148664344,0.052876006772317,0.084473742529341,0.0609605259484297,"L2_Logistic_Regression"
0.01,"L2_dual",0.1,0.714799655927705,0.309929429429429,0.926783972125436,0.052976379360449,0.0727191150506707,0.043988385333149,"L2_Logistic_Regression"
0.05,"L2_dual",0.1,0.72403136411673,0.482237237237237,0.84150406504065,0.0505793749676883,0.0774207492004109,0.0596786322540778,"L2_Logistic_Regression"
0.1,"L2_dual",0.1,0.726872814452083,0.510160660660661,0.824790940766551,0.0498130531356823,0.0797369888892066,0.0615758635003298,"L2_Logistic_Regression"
0.5,"L2_dual",0.1,0.729175655620778,0.522073573573574,0.814176538908246,0.048479716546327,0.0783632277468578,0.0639431321835693,"L2_Logistic_Regression"
1,"L2_dual",0.1,0.728654073934562,0.521355855855856,0.812032520325203,0.0486437878180395,0.0778165463079906,0.0645135451270955,"L2_Logistic_Regression"
5,"L2_dual",0.1,0.726599894319407,0.520165165165165,0.808434378629501,0.0489051938686567,0.0777067397010683,0.0656674792143731,"L2_Logistic_Regression"
0.01,"L2_dual",0.1,0.720021022764925,0.250361861861862,0.945383275261324,0.0575773689868648,0.0890349085036808,0.0424268501910738,"L2_Logistic_Regression"
0.05,"L2_dual",0.1,0.734196900733486,0.50606006006006,0.823707317073171,0.0544817010844323,0.0794631461184049,0.0615100587957235,"L2_Logistic_Regression"
0.1,"L2_dual",0.1,0.739488688165517,0.546088588588589,0.797707317073171,0.0532898326723065,0.0763486059031435,0.0628640157726889,"L2_Logistic_Regression"
0.5,"L2_dual",0.1,0.745760843596209,0.577933933933934,0.775297328687573,0.0518973270101229,0.0789978160646135,0.0659872569565743,"L2_Logistic_Regression"
1,"L2_dual",0.1,0.74651851503071,0.583522522522523,0.772142857142857,0.0515443444299291,0.079508738459439,0.0651246500669203,"L2_Logistic_Regression"
5,"L2_dual",0.1,0.746118242807267,0.584693693693694,0.764486643437863,0.0508908722408845,0.0816055617332766,0.0675012540396823,"L2_Logistic_Regression"
0.01,"L2_dual",0.1,0.712019943288236,0.196244744744745,0.961061556329849,0.0563352625843331,0.0863942654011787,0.0365443491247862,"L2_Logistic_Regression"
0.05,"L2_dual",0.1,0.722515697753503,0.486495495495496,0.854823461091754,0.0542504262683722,0.0789845060597719,0.0610449308081862,"L2_Logistic_Regression"
0.1,"L2_dual",0.1,0.724702413214608,0.531135135135135,0.823178861788618,0.0527564202710658,0.0785125595893515,0.0655342974165512,"L2_Logistic_Regression"
0.5,"L2_dual",0.1,0.723964818477014,0.557444444444444,0.783149825783972,0.0508316208675885,0.0805890822113954,0.0714897446177699,"L2_Logistic_Regression"
1,"L2_dual",0.1,0.722665279390889,0.557914414414414,0.774780487804878,0.0502920490499487,0.0830020887492717,0.0726985714502538,"L2_Logistic_Regression"
5,"L2_dual",0.1,0.719460672344819,0.558073573573574,0.762192799070848,0.0496881999512832,0.0822039754825617,0.0734961079500546,"L2_Logistic_Regression"
0.01,"L2_dual",0.1,0.718447087331234,0.23103003003003,0.956379790940767,0.0579617923684975,0.0891564051478658,0.0402584258562452,"L2_Logistic_Regression"
0.05,"L2_dual",0.1,0.731146102548542,0.510656156156156,0.841157955865273,0.0554945744455477,0.0806571929274199,0.0633138503289828,"L2_Logistic_Regression"
0.1,"L2_dual",0.1,0.735374177313202,0.556268768768769,0.808822299651568,0.0543148996781905,0.0781238202436238,0.065981476735042,"L2_Logistic_Regression"
0.5,"L2_dual",0.1,0.739126040674821,0.584366366366366,0.778336817653891,0.0524095741287942,0.0788094993161727,0.0671969370568585,"L2_Logistic_Regression"
1,"L2_dual",0.1,0.739346144053461,0.587674174174174,0.771918699186992,0.0518526367345262,0.0794260796045088,0.067686625644829,"L2_Logistic_Regression"
5,"L2_dual",0.1,0.738321069327167,0.591600600600601,0.76397212543554,0.0510071847711723,0.0786394552131028,0.0710602696354259,"L2_Logistic_Regression"
0.01,"L2_dual",0.1,0.717628195268439,0.256070570570571,0.948926829268293,0.0555652214351388,0.0735707894241731,0.0379212157727089,"L2_Logistic_Regression"
0.05,"L2_dual",0.1,0.727679480874603,0.483813813813814,0.862376306620209,0.0536608664233766,0.075394713946793,0.056714909362732,"L2_Logistic_Regression"
0.1,"L2_dual",0.1,0.730643089954066,0.519355855855856,0.833911730545877,0.0525307652027064,0.0781888359279106,0.0585347301891095,"L2_Logistic_Regression"
0.5,"L2_dual",0.1,0.733331515313223,0.538846846846847,0.800557491289199,0.0501565194303545,0.0823055837410968,0.0602767367103494,"L2_Logistic_Regression"
1,"L2_dual",0.1,0.733269034714157,0.538743243243243,0.793229965156794,0.0498611853235797,0.0817583841539805,0.0608463517161684,"L2_Logistic_Regression"
5,"L2_dual",0.1,0.732208345104687,0.538899399399399,0.78150987224158,0.0492861229633532,0.0795223713084185,0.06263295807311,"L2_Logistic_Regression"
0.01,"L2_dual",0.1,0.706338252887033,0.185921921921922,0.957485481997677,0.0560659681086667,0.0747603340672032,0.0378643957262795,"L2_Logistic_Regression"
0.05,"L2_dual",0.1,0.719416592550739,0.450436936936937,0.839962833914053,0.0521475684436872,0.0828330650559034,0.0633588410007381,"L2_Logistic_Regression"
0.1,"L2_dual",0.1,0.723964928342977,0.498163663663664,0.808912891986063,0.0512457901889009,0.0832837004870447,0.0635914640703305,"L2_Logistic_Regression"
0.5,"L2_dual",0.1,0.729798517158273,0.537222222222222,0.780427409988386,0.0502873752548918,0.0859520191701463,0.0641894504592936,"L2_Logistic_Regression"
1,"L2_dual",0.1,0.730675208309355,0.541873873873874,0.775355400696864,0.0497690745894012,0.0835870731703433,0.0632473217375532,"L2_Logistic_Regression"
5,"L2_dual",0.1,0.730620312821532,0.544684684684685,0.769193960511034,0.0495876776861932,0.0861978613406531,0.0655523662950902,"L2_Logistic_Regression"
0.01,"L2_dual",0.1,0.718663468346395,0.232444444444444,0.944451800232288,0.0570778615016789,0.080619976703486,0.0397498253135345,"L2_Logistic_Regression"
0.05,"L2_dual",0.1,0.735201161091405,0.524555555555556,0.840666666666667,0.0556077627999139,0.0806693556690931,0.059549690961994,"L2_Logistic_Regression"
0.1,"L2_dual",0.1,0.741500960019253,0.563812312312312,0.817209059233449,0.0545291850243242,0.0802333222088271,0.0627606188055132,"L2_Logistic_Regression"
0.5,"L2_dual",0.1,0.749475386536362,0.587127627627628,0.795249709639954,0.0527087389047997,0.0820847133110816,0.0644962422200583,"L2_Logistic_Regression"
1,"L2_dual",0.1,0.750651820810357,0.587654654654655,0.791758420441347,0.0520257177002903,0.0816488169474745,0.0647465433266232,"L2_Logistic_Regression"
5,"L2_dual",0.1,0.750565772218211,0.589487987987988,0.785528455284553,0.051902274010899,0.0810519426567651,0.0640863888470697,"L2_Logistic_Regression"
0.01,"L2_dual",0.1,0.733050020403679,0.368216216216216,0.910192799070848,0.0560293118502164,0.0735110203842177,0.0497506499822623,"L2_Logistic_Regression"
0.05,"L2_dual",0.1,0.747967833687346,0.540162162162162,0.841350754936121,0.0532987960177279,0.0846722717765501,0.0622728946792208,"L2_Logistic_Regression"
0.1,"L2_dual",0.1,0.753048594762009,0.57213963963964,0.822459930313589,0.0515835812024924,0.0841791567073822,0.0642930381515859,"L2_Logistic_Regression"
0.5,"L2_dual",0.1,0.756889192328217,0.598211711711712,0.787564459930314,0.0486668601095542,0.0818519224348982,0.0685343677539189,"L2_Logistic_Regression"
1,"L2_dual",0.1,0.756357278009717,0.601147147147147,0.774653890824623,0.0480782420130108,0.0814891903716681,0.0699867720849288,"L2_Logistic_Regression"
5,"L2_dual",0.1,0.754308016204358,0.610408408408408,0.753840882694541,0.047450892554028,0.0804992270806046,0.0705651523536932,"L2_Logistic_Regression"
0.01,"L2_dual",0.1,0.737380698642894,0.267153153153153,0.955828106852497,0.0534952830386129,0.0890529058928029,0.0376982452594038,"L2_Logistic_Regression"
0.05,"L2_dual",0.1,0.751307916801819,0.519339339339339,0.866106852497096,0.0513233837744096,0.0755315938729857,0.0594578083182185,"L2_Logistic_Regression"
0.1,"L2_dual",0.1,0.756722568387203,0.555749249249249,0.840608594657375,0.0497964964751424,0.075270885409378,0.0621146494010607,"L2_Logistic_Regression"
0.5,"L2_dual",0.1,0.762802749613725,0.584,0.811176538908246,0.047582180477323,0.076271510027572,0.0638423565127791,"L2_Logistic_Regression"
1,"L2_dual",0.1,0.763329641488178,0.586196696696697,0.806541231126597,0.04721311334115,0.0760366461298371,0.0649919552652974,"L2_Logistic_Regression"
5,"L2_dual",0.1,0.762707347591494,0.589866366366366,0.799108013937282,0.0470091593606402,0.0743431784496121,0.0656969356004153,"L2_Logistic_Regression"
0.01,"L2_dual",0.1,0.708961190284361,0.241178678678679,0.945180023228804,0.0585363611549624,0.0869921847438624,0.0404396170365351,"L2_Logistic_Regression"
0.05,"L2_dual",0.1,0.717614633797561,0.506273273273273,0.844295005807201,0.0570044254519125,0.0774321311475605,0.0629460796213651,"L2_Logistic_Regression"
0.1,"L2_dual",0.1,0.720461821577675,0.542968468468468,0.817206736353078,0.0558598124618708,0.0752404464338604,0.06812306446961,"L2_Logistic_Regression"
0.5,"L2_dual",0.1,0.722424745302794,0.560465465465465,0.789350754936121,0.0539486792868372,0.0793635893338273,0.0664726785277901,"L2_Logistic_Regression"
1,"L2_dual",0.1,0.722076992497724,0.561387387387387,0.783376306620209,0.0533357734573361,0.0796830473935722,0.0656755491323938,"L2_Logistic_Regression"
5,"L2_dual",0.1,0.720373695123695,0.562809309309309,0.773145180023229,0.052476473454892,0.0800195248509007,0.0659639506338445,"L2_Logistic_Regression"
0.01,"L2_dual",0.1,0.696631808637906,0.229462462462462,0.939830429732869,0.056289593196013,0.0905208961388252,0.0499554767935762,"L2_Logistic_Regression"
0.05,"L2_dual",0.1,0.707998822864677,0.487908408408408,0.823009291521487,0.0538329099947044,0.0821641809061876,0.070715661162633,"L2_Logistic_Regression"
0.1,"L2_dual",0.1,0.710923357155064,0.531108108108108,0.795878048780488,0.052298000439227,0.0800036368456192,0.0725200307772489,"L2_Logistic_Regression"
0.5,"L2_dual",0.1,0.713256531793117,0.567576576576577,0.762437862950058,0.0502351304011424,0.0805601419947254,0.0751043651111878,"L2_Logistic_Regression"
1,"L2_dual",0.1,0.713188049547806,0.573509009009009,0.754011614401858,0.0497215184156901,0.0812289267528462,0.0754663336632832,"L2_Logistic_Regression"
5,"L2_dual",0.1,0.712587176898153,0.578765765765766,0.743923344947735,0.0492459939844084,0.0832313129984827,0.076706467172217,"L2_Logistic_Regression"
0.01,"L2_dual",0.1,0.71103316120999,0.282576576576577,0.924290360046458,0.0561767833672694,0.0942665150215617,0.0519977708266303,"L2_Logistic_Regression"
0.05,"L2_dual",0.1,0.722343113147991,0.51565015015015,0.810766550522648,0.0544800948350717,0.0829700230643793,0.0687109519909291,"L2_Logistic_Regression"
0.1,"L2_dual",0.1,0.726782760983981,0.547043543543544,0.789380952380952,0.0534130748422487,0.0814441360656352,0.0708423551912497,"L2_Logistic_Regression"
0.5,"L2_dual",0.1,0.731545593502911,0.569594594594595,0.767506387921022,0.0508312152771427,0.0833576052791627,0.0702756490349189,"L2_Logistic_Regression"
1,"L2_dual",0.1,0.731996445051323,0.572887387387387,0.762614401858304,0.0504540407021822,0.0844718192925788,0.0717410330976434,"L2_Logistic_Regression"
5,"L2_dual",0.1,0.731333512955464,0.576424924924925,0.754373983739837,0.049550253709626,0.0848145121752861,0.0710701422853911,"L2_Logistic_Regression"
0.01,"L2_dual",0.1,0.715935860076104,0.275936936936937,0.934034843205575,0.0586548381670317,0.0934455118821087,0.0486490180240111,"L2_Logistic_Regression"
0.05,"L2_dual",0.1,0.734025744385501,0.536441441441441,0.824519163763066,0.0565490442803939,0.0762162852055209,0.0637372058018569,"L2_Logistic_Regression"
0.1,"L2_dual",0.1,0.740008474502377,0.570864864864865,0.799530778164924,0.0551114231061432,0.0743673968305863,0.0656851786658572,"L2_Logistic_Regression"
0.5,"L2_dual",0.1,0.745351448138034,0.584004504504504,0.775567944250871,0.0520827233959598,0.0763436824893953,0.0667094915666409,"L2_Logistic_Regression"
1,"L2_dual",0.1,0.745363070387461,0.58292042042042,0.771265969802555,0.0515264341461944,0.0772888048186901,0.0671797297805968,"L2_Logistic_Regression"
5,"L2_dual",0.1,0.743891471610984,0.578202702702703,0.767610917537747,0.0508707155976861,0.0785052697671571,0.0706351437607438,"L2_Logistic_Regression"
0.01,"L2_dual",0.1,0.718490913387255,0.365521021021021,0.911267131242741,0.0550724537228676,0.079638042842704,0.0460361178828309,"L2_Logistic_Regression"
0.05,"L2_dual",0.1,0.727226379689794,0.522513513513513,0.821836236933798,0.052122440668896,0.0814622883267333,0.0612174907164238,"L2_Logistic_Regression"
0.1,"L2_dual",0.1,0.729585039743576,0.550509009009009,0.795886178861789,0.0510333513516192,0.0817524224910591,0.0647441952807143,"L2_Logistic_Regression"
0.5,"L2_dual",0.1,0.730067538793149,0.579812312312312,0.753260162601626,0.0499045145067861,0.0835469707260449,0.0681939399813276,"L2_Logistic_Regression"
1,"L2_dual",0.1,0.728778665425007,0.587429429429429,0.740736353077816,0.0497283417298641,0.0839732954571333,0.0695686637167304,"L2_Logistic_Regression"
5,"L2_dual",0.1,0.726081102879883,0.59562012012012,0.71990243902439,0.0497532047422333,0.0862801868964645,0.0711107385845059,"L2_Logistic_Regression"
0.01,"L2_dual",0.1,0.715124637703906,0.191225225225225,0.950660859465738,0.0584465189620465,0.081741231732087,0.0406302207458202,"L2_Logistic_Regression"
0.05,"L2_dual",0.1,0.731711334156456,0.44925975975976,0.850707317073171,0.0551435846637252,0.0802080647162775,0.0618414930881904,"L2_Logistic_Regression"
0.1,"L2_dual",0.1,0.736762730500535,0.502331831831832,0.820851335656214,0.0532049974127693,0.0785174419917268,0.0648328299400461,"L2_Logistic_Regression"
0.5,"L2_dual",0.1,0.740532595313083,0.543244744744745,0.789191637630662,0.0503224487435115,0.0803860397559644,0.0662561935248427,"L2_Logistic_Regression"
1,"L2_dual",0.1,0.740136898222264,0.547423423423423,0.784311265969803,0.0496674792343347,0.0801250248998574,0.0671287099480772,"L2_Logistic_Regression"
5,"L2_dual",0.1,0.737922089336723,0.555298798798799,0.77575493612079,0.0491650313245118,0.0797860720021819,0.0674099037517205,"L2_Logistic_Regression"
0.01,"L2_dual",0.1,0.699928728379948,0.273734234234234,0.932747967479675,0.0571712246369042,0.0814390088662323,0.0456464909639267,"L2_Logistic_Regression"
0.05,"L2_dual",0.1,0.709586011098206,0.515818318318318,0.813268292682927,0.0549557728318968,0.0776845287067595,0.0617587869935185,"L2_Logistic_Regression"
0.1,"L2_dual",0.1,0.712197801459997,0.55110960960961,0.784461091753775,0.0538250670836314,0.0790597336130051,0.0649992222417783,"L2_Logistic_Regression"
0.5,"L2_dual",0.1,0.712772580071361,0.572301801801802,0.755498257839721,0.0522068553671065,0.0820582936370104,0.0688953376670718,"L2_Logistic_Regression"
1,"L2_dual",0.1,0.712047264163118,0.574972972972973,0.747642276422764,0.0519463826172327,0.0833357849174995,0.0688797276989724,"L2_Logistic_Regression"
5,"L2_dual",0.1,0.709815466163027,0.577821321321321,0.735436701509872,0.0516550119573193,0.0840366821204997,0.0703715857129521,"L2_Logistic_Regression"
0.01,"L2_dual",0.1,0.72502498142742,0.251839339339339,0.942801393728223,0.0573784550550935,0.0921433414046551,0.0416267615843708,"L2_Logistic_Regression"
0.05,"L2_dual",0.1,0.738139424267473,0.528906906906907,0.8418606271777,0.0544295504272608,0.0774427816441776,0.0622147294984139,"L2_Logistic_Regression"
0.1,"L2_dual",0.1,0.743606539466296,0.567168168168168,0.815879210220674,0.0529368373844173,0.0774925555792954,0.0645548146570598,"L2_Logistic_Regression"
0.5,"L2_dual",0.1,0.750825889478329,0.599435435435435,0.792608594657375,0.050310806700098,0.0769808543948809,0.0633950988521053,"L2_Logistic_Regression"
1,"L2_dual",0.1,0.751934362934363,0.60495945945946,0.788524970963995,0.049625651913562,0.076148246502144,0.0622855747580805,"L2_Logistic_Regression"
5,"L2_dual",0.1,0.752943121693122,0.610671171171171,0.782687572590012,0.0486755062725704,0.0776804338607131,0.0620150201612338,"L2_Logistic_Regression"
0.01,"L2_dual",0.1,0.717504222863979,0.279900900900901,0.942142857142857,0.0553942934731975,0.0885602610624225,0.0469298538814713,"L2_Logistic_Regression"
0.05,"L2_dual",0.1,0.729355301294326,0.52359009009009,0.823592334494774,0.0534571269944236,0.0780421637920933,0.0654223758405972,"L2_Logistic_Regression"
0.1,"L2_dual",0.1,0.732222935479033,0.55927027027027,0.796364692218351,0.0532316854192362,0.0762688363458305,0.0667197512536435,"L2_Logistic_Regression"
0.5,"L2_dual",0.1,0.73325909271641,0.585584084084084,0.766306620209059,0.0525751739364733,0.0811213654734483,0.0673398489585754,"L2_Logistic_Regression"
1,"L2_dual",0.1,0.732676933902544,0.588824324324324,0.759371660859466,0.0523787215976533,0.0814160600524912,0.0695477726536962,"L2_Logistic_Regression"
5,"L2_dual",0.1,0.730451685134612,0.591989489489489,0.747807200929152,0.0523329386866775,0.0811893652239638,0.0712118334269722,"L2_Logistic_Regression"
0.01,"L2_dual",0.1,0.708255356401698,0.230783783783784,0.942227642276423,0.0571920735398174,0.0867408828591276,0.0485112948050393,"L2_Logistic_Regression"
0.05,"L2_dual",0.1,0.720431379986258,0.497555555555556,0.82291637630662,0.054489643690171,0.0781688545756832,0.0641518971422212,"L2_Logistic_Regression"
0.1,"L2_dual",0.1,0.724439869311821,0.541605105105105,0.796500580720093,0.0532248699028524,0.0784166951066147,0.0665767551696359,"L2_Logistic_Regression"
0.5,"L2_dual",0.1,0.727418390515951,0.571453453453453,0.768219512195122,0.0509751874765322,0.0788883098649792,0.0671752844628379,"L2_Logistic_Regression"
1,"L2_dual",0.1,0.726919415059659,0.571276276276276,0.76230081300813,0.0505483592443449,0.0794784590648792,0.070553246464818,"L2_Logistic_Regression"
5,"L2_dual",0.1,0.725045456606432,0.574040540540541,0.750288037166086,0.0503519885101892,0.0825842481820307,0.073043687571035,"L2_Logistic_Regression"
0.01,"L2_dual",0.1,0.70953846006285,0.25493993993994,0.963638792102207,0.0546572516064476,0.0797661033871361,0.0362999003028378,"L2_Logistic_Regression"
0.05,"L2_dual",0.1,0.720718076961979,0.486382882882883,0.838394889663182,0.0533583900878286,0.0767028327776643,0.0586242313071927,"L2_Logistic_Regression"
0.1,"L2_dual",0.1,0.724804182231012,0.528996996996997,0.807220673635308,0.0525354846899033,0.0774827806372604,0.0620437992747929,"L2_Logistic_Regression"
0.5,"L2_dual",0.1,0.729330155939912,0.561373873873874,0.776837398373984,0.0513352931015139,0.0781174873929767,0.0654062414542257,"L2_Logistic_Regression"
1,"L2_dual",0.1,0.73012732854806,0.564612612612613,0.770372822299652,0.0511951632920646,0.0777726433354457,0.066067352707271,"L2_Logistic_Regression"
5,"L2_dual",0.1,0.730508380331551,0.56989039039039,0.763334494773519,0.0510086176009142,0.0815603043189539,0.0673435846487393,"L2_Logistic_Regression"
0.01,"L2_dual",0.1,0.69557064555845,0.343744744744745,0.902655052264808,0.0556458782014087,0.074480676742837,0.0507389788628509,"L2_Logistic_Regression"
0.05,"L2_dual",0.1,0.703468526889259,0.482280780780781,0.825558652729384,0.0534589480902108,0.0775809021364856,0.0639909649736217,"L2_Logistic_Regression"
0.1,"L2_dual",0.1,0.706065860285372,0.506297297297297,0.803551684088269,0.052785019170054,0.0774919014167079,0.0643878027903965,"L2_Logistic_Regression"
0.5,"L2_dual",0.1,0.708567604189555,0.529364864864865,0.771946573751452,0.0509471670028349,0.0761531139674044,0.0638259264117651,"L2_Logistic_Regression"
1,"L2_dual",0.1,0.708668325991497,0.536534534534535,0.764771196283391,0.0505652280759677,0.0760258744919185,0.0639831134002851,"L2_Logistic_Regression"
5,"L2_dual",0.1,0.708048994988019,0.548645645645646,0.747392566782811,0.0501431998638395,0.077897568238877,0.0662119765203781,"L2_Logistic_Regression"
0.01,"L2_dual",0.1,0.736637998625803,0.307726726726727,0.930979094076655,0.0547001307561946,0.07345476076674,0.0419119590965148,"L2_Logistic_Regression"
0.05,"L2_dual",0.1,0.751838496161667,0.496213213213213,0.863807200929152,0.0526309184848653,0.0751421239770465,0.0565315139743883,"L2_Logistic_Regression"
0.1,"L2_dual",0.1,0.756463380628015,0.529196696696697,0.84430081300813,0.05124515757743,0.0757538578218429,0.0608391382832914,"L2_Logistic_Regression"
0.5,"L2_dual",0.1,0.758584471230813,0.562273273273273,0.815548199767712,0.0492139498463516,0.0767687847291496,0.064192379809892,"L2_Logistic_Regression"
1,"L2_dual",0.1,0.757955931541297,0.569764264264264,0.805556329849013,0.0487686568299394,0.0772770432511556,0.0664473845359481,"L2_Logistic_Regression"
5,"L2_dual",0.1,0.75475793389208,0.580749249249249,0.788566782810685,0.0485092848086004,0.0792808655389504,0.0675020178817171,"L2_Logistic_Regression"
0.01,"L2_dual",0.1,0.727047947773558,0.251705705705706,0.959422764227642,0.0541418055712211,0.0901523365653309,0.0411133692326464,"L2_Logistic_Regression"
0.05,"L2_dual",0.1,0.736520930338003,0.506572072072072,0.849425087108014,0.0510074928745007,0.0806875375148993,0.0621967212148151,"L2_Logistic_Regression"
0.1,"L2_dual",0.1,0.739710153533324,0.551492492492493,0.817025551684088,0.0496327474045796,0.0795653076484667,0.0636596193536288,"L2_Logistic_Regression"
0.5,"L2_dual",0.1,0.741298200639664,0.579070570570571,0.784023228803717,0.0473689801952378,0.0773107624843889,0.0680196506648165,"L2_Logistic_Regression"
1,"L2_dual",0.1,0.740333066515993,0.582274774774775,0.777761904761905,0.0470784134592807,0.0778304897419604,0.0674104873982869,"L2_Logistic_Regression"
5,"L2_dual",0.1,0.737166464373781,0.585,0.766894308943089,0.0465877178912263,0.0779038653793314,0.0666745419488831,"L2_Logistic_Regression"
0.01,"L2_dual",0.1,0.719065732980367,0.198496996996997,0.953032520325203,0.0598359298078772,0.0710556748191107,0.0386475273248696,"L2_Logistic_Regression"
0.05,"L2_dual",0.1,0.734313279307182,0.476153153153153,0.848612078977933,0.0566590427776348,0.0772472777182746,0.0592891982370432,"L2_Logistic_Regression"
0.1,"L2_dual",0.1,0.739762702598068,0.524842342342342,0.818790940766551,0.0547381298961152,0.0764684332156234,0.0638965063235279,"L2_Logistic_Regression"
0.5,"L2_dual",0.1,0.744843756648635,0.563864864864865,0.787361207897793,0.051924583285851,0.0771031420531947,0.0644564994769821,"L2_Logistic_Regression"
1,"L2_dual",0.1,0.744492543937666,0.567957957957958,0.779213704994193,0.0513445890177242,0.0779381837245096,0.0654770032738745,"L2_Logistic_Regression"
5,"L2_dual",0.1,0.742630207733866,0.574364864864865,0.765377468060395,0.0507912889667366,0.0806643861118073,0.0664795058931715,"L2_Logistic_Regression"
0.01,"L2_dual",0.1,0.72475581156069,0.22839039039039,0.954060394889663,0.0546136387718819,0.077945675014871,0.0405160366531708,"L2_Logistic_Regression"
0.05,"L2_dual",0.1,0.736643995040337,0.510957957957958,0.841034843205575,0.0533820796272936,0.0810470858915523,0.0596420440269263,"L2_Logistic_Regression"
0.1,"L2_dual",0.1,0.740821283827381,0.556156156156156,0.812434378629501,0.0522549982233853,0.0787272088683045,0.0622662620043836,"L2_Logistic_Regression"
0.5,"L2_dual",0.1,0.743484522850376,0.586057057057057,0.784229965156794,0.0503103299381591,0.0767816882744165,0.0625021531906832,"L2_Logistic_Regression"
1,"L2_dual",0.1,0.742859214615312,0.588612612612613,0.778982578397213,0.0497513227932905,0.0773091577753098,0.0636694976520611,"L2_Logistic_Regression"
5,"L2_dual",0.1,0.740768459225776,0.592465465465466,0.766779326364692,0.049038581548898,0.0792406164119075,0.064704614016022,"L2_Logistic_Regression"
0.01,"L2_dual",0.1,0.702937494114323,0.235157657657658,0.943737514518002,0.0631412331481098,0.0827041980191337,0.0423840391105995,"L2_Logistic_Regression"
0.05,"L2_dual",0.1,0.718175321663127,0.507007507507508,0.836418118466899,0.0602596946347261,0.0769798828692029,0.0637765221343396,"L2_Logistic_Regression"
0.1,"L2_dual",0.1,0.723626290925071,0.54453003003003,0.809673635307782,0.0584857323713093,0.078235312549319,0.0669156250036341,"L2_Logistic_Regression"
0.5,"L2_dual",0.1,0.730063199959541,0.56577027027027,0.783551684088269,0.0553864954449851,0.0818064470919247,0.0675535583970814,"L2_Logistic_Regression"
1,"L2_dual",0.1,0.730761118261118,0.568052552552553,0.778037166085947,0.0544766656003764,0.0810667614874729,0.0683224216027005,"L2_Logistic_Regression"
5,"L2_dual",0.1,0.730311790884962,0.570704204204204,0.769333333333333,0.053326717432673,0.0801558014172447,0.0698894274331649,"L2_Logistic_Regression"
0.01,"L2_dual",0.1,0.727565003156467,0.278351351351351,0.943859465737515,0.0539707665196129,0.0757347344600641,0.0417343346838367,"L2_Logistic_Regression"
0.05,"L2_dual",0.1,0.739304701042506,0.511692192192192,0.835598141695703,0.0514326582165691,0.0758698405555371,0.060158175326534,"L2_Logistic_Regression"
0.1,"L2_dual",0.1,0.742704370747054,0.550774774774775,0.806321718931475,0.0498328018271981,0.0774551437068498,0.0608135525624554,"L2_Logistic_Regression"
0.5,"L2_dual",0.1,0.746361601148187,0.580711711711712,0.784492450638792,0.0481307918173412,0.0777422621169939,0.0601252480938634,"L2_Logistic_Regression"
1,"L2_dual",0.1,0.746832795338893,0.585602102102102,0.782233449477352,0.0477779827038691,0.0788648554717277,0.0611677608262614,"L2_Logistic_Regression"
5,"L2_dual",0.1,0.746796427961062,0.590202702702703,0.776623693379791,0.0477831743741498,0.0791826746559666,0.0634995886719021,"L2_Logistic_Regression"
0.01,"L2_dual",0.1,0.707083519931081,0.207364864864865,0.951358885017422,0.0559484256492957,0.0741881549824828,0.0387072306269608,"L2_Logistic_Regression"
0.05,"L2_dual",0.1,0.723017406779602,0.463124624624625,0.84106968641115,0.0522296382633107,0.0716188869401773,0.058953226569776,"L2_Logistic_Regression"
0.1,"L2_dual",0.1,0.728313651630725,0.505481981981982,0.808371660859466,0.0504216963593594,0.0739190714907365,0.0631601970107313,"L2_Logistic_Regression"
0.5,"L2_dual",0.1,0.732141481202457,0.534806306306306,0.774176538908246,0.0475561006332152,0.0789997599280932,0.0638093209992694,"L2_Logistic_Regression"
1,"L2_dual",0.1,0.731831969600262,0.537144144144144,0.768242740998839,0.0471361483494686,0.0803141145134283,0.0627669700406239,"L2_Logistic_Regression"
5,"L2_dual",0.1,0.72933554983555,0.546786786786787,0.75746806039489,0.0466665701879983,0.0803361358438621,0.0652335974512672,"L2_Logistic_Regression"
0.01,"L2_dual",0.1,0.682854003829614,0.217061561561562,0.949527293844367,0.0567241402521784,0.0817171191975544,0.0393901389084209,"L2_Logistic_Regression"
0.05,"L2_dual",0.1,0.693804769926721,0.443827327327327,0.842459930313589,0.0558049478816095,0.0782771369502634,0.0609855434888743,"L2_Logistic_Regression"
0.1,"L2_dual",0.1,0.697163677614897,0.483456456456456,0.809695702671312,0.0551562148737878,0.0799839422679493,0.0665621560182768,"L2_Logistic_Regression"
0.5,"L2_dual",0.1,0.700692302058156,0.517570570570571,0.776672473867596,0.054351978485642,0.0827877098687015,0.0666299268477062,"L2_Logistic_Regression"
1,"L2_dual",0.1,0.700815504528919,0.524345345345345,0.768534262485482,0.0542506706910736,0.0849535641993587,0.0683461262170989,"L2_Logistic_Regression"
5,"L2_dual",0.1,0.700200972749753,0.532292792792793,0.755766550522648,0.0542930167869845,0.0873997422549841,0.0725437978853944,"L2_Logistic_Regression"
0.01,"L2_dual",0.1,0.697032388660437,0.18472972972973,0.958684088269454,0.0549541809317492,0.0792849748437871,0.037876525348858,"L2_Logistic_Regression"
0.05,"L2_dual",0.1,0.709476689232787,0.468417417417417,0.841934959349594,0.0524916299564239,0.0758585358265815,0.0612803832621366,"L2_Logistic_Regression"
0.1,"L2_dual",0.1,0.713073833415297,0.516057057057057,0.805023228803717,0.0511239110649729,0.0777425218939479,0.0649575945006953,"L2_Logistic_Regression"
0.5,"L2_dual",0.1,0.716422099800149,0.553018018018018,0.773550522648084,0.0490007662929064,0.0787379814188962,0.0650720517844731,"L2_Logistic_Regression"
1,"L2_dual",0.1,0.715854534848437,0.556878378378378,0.767581881533101,0.0485740718640788,0.0794858237051456,0.0648150957714584,"L2_Logistic_Regression"
5,"L2_dual",0.1,0.714317257152623,0.558133633633634,0.75786643437863,0.0482075844463198,0.0787812706749298,0.0644614659549537,"L2_Logistic_Regression"
0.01,"L2_dual",0.1,0.717675567553616,0.290618618618619,0.939758420441347,0.0562478197334024,0.0900965504272408,0.0477310007006096,"L2_Logistic_Regression"
0.05,"L2_dual",0.1,0.733570841747671,0.531178678678679,0.838278745644599,0.0550924213492676,0.0794449294236798,0.0597456367711938,"L2_Logistic_Regression"
0.1,"L2_dual",0.1,0.739294278599157,0.56560960960961,0.813775842044135,0.0541211321596823,0.0795557250273657,0.0613943263759963,"L2_Logistic_Regression"
0.5,"L2_dual",0.1,0.746240951753147,0.592412912912913,0.788759581881533,0.052320488465581,0.0836522727796232,0.0659393039304,"L2_Logistic_Regression"
1,"L2_dual",0.1,0.746780458158507,0.592522522522523,0.782965156794425,0.0520288511907349,0.0854472382852254,0.0677769229210582,"L2_Logistic_Regression"
5,"L2_dual",0.1,0.746403050262806,0.593821321321321,0.773477351916376,0.051843141017586,0.0882028269976509,0.0717821553631576,"L2_Logistic_Regression"
0.01,"L2_dual",0.1,0.708666037117257,0.186171171171171,0.965527293844367,0.054726561740765,0.0738203431374258,0.033456439413295,"L2_Logistic_Regression"
0.05,"L2_dual",0.1,0.722716761186273,0.47145045045045,0.844142857142857,0.0511705773127079,0.0729203537753601,0.0657055274988159,"L2_Logistic_Regression"
0.1,"L2_dual",0.1,0.726521099496709,0.518294294294294,0.806963995354239,0.0494360561260312,0.0781492082154367,0.0672556693411479,"L2_Logistic_Regression"
0.5,"L2_dual",0.1,0.729377297157785,0.551331831831832,0.769885017421603,0.047679154658446,0.0804458700121461,0.0674892494520651,"L2_Logistic_Regression"
1,"L2_dual",0.1,0.729263165604629,0.554866366366366,0.762887340301974,0.0476927211201297,0.0795704358741511,0.0672647817719345,"L2_Logistic_Regression"
5,"L2_dual",0.1,0.728316347706592,0.562743243243243,0.754425087108014,0.0475677161062021,0.0802183508804112,0.0669214173069333,"L2_Logistic_Regression"
0.01,"L2_dual",0.1,0.709387474582597,0.241156156156156,0.949807200929152,0.0572681267872628,0.0949591169526905,0.0415622387018467,"L2_Logistic_Regression"
0.05,"L2_dual",0.1,0.722979459424581,0.505612612612613,0.831844367015099,0.0541644486749563,0.0864637575027313,0.0643847760527429,"L2_Logistic_Regression"
0.1,"L2_dual",0.1,0.726555522421376,0.551207207207207,0.797160278745645,0.052711375620991,0.0844609279693237,0.0687134440772448,"L2_Logistic_Regression"
0.5,"L2_dual",0.1,0.728550684831173,0.585684684684685,0.760404181184669,0.0505571222818049,0.0840303430424795,0.0730261591752529,"L2_Logistic_Regression"
1,"L2_dual",0.1,0.728370955450224,0.590094594594595,0.751261324041812,0.0500389775330787,0.0840732628809228,0.0742808857227414,"L2_Logistic_Regression"
5,"L2_dual",0.1,0.727165084073621,0.595423423423423,0.739663182346109,0.0492375052247005,0.0856396556062943,0.076894568506763,"L2_Logistic_Regression"
0.01,"L2_dual",0.1,0.720490573325939,0.204321321321321,0.961692218350755,0.0537995006400296,0.0720966559066966,0.0342496562097963,"L2_Logistic_Regression"
0.05,"L2_dual",0.1,0.732159953507515,0.473845345345345,0.863176538908246,0.0517836621998739,0.0823133964172529,0.0575865096954167,"L2_Logistic_Regression"
0.1,"L2_dual",0.1,0.736413445675641,0.520635135135135,0.83681881533101,0.0506436051576138,0.0815581322441201,0.0594819459875769,"L2_Logistic_Regression"
0.5,"L2_dual",0.1,0.741331354874038,0.555564564564565,0.80690243902439,0.0493967723625143,0.0801929433302012,0.061990284854975,"L2_Logistic_Regression"
1,"L2_dual",0.1,0.741965596258279,0.559846846846847,0.800637630662021,0.0489948312107958,0.0803351155998873,0.0619700717993432,"L2_Logistic_Regression"
5,"L2_dual",0.1,0.741661543948129,0.566804804804805,0.79072706155633,0.0488345881778491,0.0822023508747734,0.0639831468623588,"L2_Logistic_Regression"
0.01,"L2_dual",0.1,0.718001952300733,0.235833333333333,0.951411149825784,0.0564792286911954,0.0763683209951512,0.0410058346630166,"L2_Logistic_Regression"
0.05,"L2_dual",0.1,0.731546100107076,0.48736036036036,0.832371660859466,0.0534439659734102,0.0757472642171362,0.0646617421453065,"L2_Logistic_Regression"
0.1,"L2_dual",0.1,0.734911005081737,0.53171021021021,0.803715447154472,0.0517654183283728,0.0756514572259054,0.0681112105149683,"L2_Logistic_Regression"
0.5,"L2_dual",0.1,0.735925026071368,0.555417417417417,0.772191637630662,0.0492848756155474,0.0762686913891424,0.06878737208184,"L2_Logistic_Regression"
1,"L2_dual",0.1,0.734710414247,0.558966966966967,0.763242740998839,0.0487424485957533,0.0780232022569987,0.0697398163137976,"L2_Logistic_Regression"
5,"L2_dual",0.1,0.732014212819091,0.563481981981982,0.750246225319396,0.048100697157177,0.0791336288151633,0.071301399915065,"L2_Logistic_Regression"
0.01,"L2_dual",0.1,0.712538135696672,0.274456456456456,0.935243902439024,0.0603472454511638,0.0655690080555904,0.0414467608541213,"L2_Logistic_Regression"
0.05,"L2_dual",0.1,0.731911305033256,0.427282282282282,0.876428571428571,0.0572788475002995,0.0777796740769007,0.0507676754483738,"L2_Logistic_Regression"
0.1,"L2_dual",0.1,0.738477168806437,0.465307807807808,0.85684668989547,0.0552079478705782,0.0807446470386791,0.0537824073533903,"L2_Logistic_Regression"
0.5,"L2_dual",0.1,0.745374552252601,0.514873873873874,0.827270615563299,0.0519361681425067,0.0845171700048498,0.0597906873594353,"L2_Logistic_Regression"
1,"L2_dual",0.1,0.746122987970549,0.526662162162162,0.818717770034843,0.051097273333038,0.0819932894311798,0.0600731791968608,"L2_Logistic_Regression"
5,"L2_dual",0.1,0.744997388503486,0.544597597597598,0.803493612078978,0.0501766171404511,0.0808284618736536,0.0629791607397459,"L2_Logistic_Regression"
0.01,"L2_dual",0.1,0.701003377942402,0.25695045045045,0.944984901277584,0.0544427736449874,0.0649886657832332,0.0384766317127774,"L2_Logistic_Regression"
0.05,"L2_dual",0.1,0.717413350632863,0.446301801801802,0.865423925667828,0.0522868940787234,0.078531015548601,0.0563700698228653,"L2_Logistic_Regression"
0.1,"L2_dual",0.1,0.722364775053799,0.48939039039039,0.838831591173055,0.0512872064215071,0.0790495559539854,0.0604723451800132,"L2_Logistic_Regression"
0.5,"L2_dual",0.1,0.726416307422405,0.532448948948949,0.802631823461092,0.049724633296431,0.0785520960260914,0.0653634561951653,"L2_Logistic_Regression"
1,"L2_dual",0.1,0.72591795192405,0.541861861861862,0.793022067363531,0.0496000818524026,0.078950100826765,0.0652828112514603,"L2_Logistic_Regression"
5,"L2_dual",0.1,0.723865334847042,0.552298798798799,0.776428571428571,0.0497463711237532,0.0762709631996015,0.0685235850308356,"L2_Logistic_Regression"
0.01,"L2_dual",0.1,0.714011317938147,0.19681981981982,0.957135888501742,0.0565301532025222,0.0708484742866241,0.037521052259236,"L2_Logistic_Regression"
0.05,"L2_dual",0.1,0.726930453973137,0.478840840840841,0.845540069686411,0.0537279427497368,0.0788040225109477,0.0597953926769669,"L2_Logistic_Regression"
0.1,"L2_dual",0.1,0.730861516568834,0.525834834834835,0.815290360046458,0.0521226991255412,0.0805991886914331,0.0619668499277723,"L2_Logistic_Regression"
0.5,"L2_dual",0.1,0.734651652523604,0.562241741741742,0.780463414634146,0.049200220431337,0.0831934562781622,0.0657840197753781,"L2_Logistic_Regression"
1,"L2_dual",0.1,0.734797340894902,0.565608108108108,0.773346109175377,0.0484014788561954,0.0847018407023316,0.0684166776691214,"L2_Logistic_Regression"
5,"L2_dual",0.1,0.733725442341296,0.569762762762763,0.762571428571429,0.0474880430347782,0.0832116645574191,0.0684088955464225,"L2_Logistic_Regression"
0.01,"L2_dual",0.1,0.705406356705137,0.342612612612613,0.912452961672474,0.0538621281831465,0.0758868173906845,0.0467278500787893,"L2_Logistic_Regression"
0.05,"L2_dual",0.1,0.715052262192506,0.512285285285285,0.796686411149826,0.0509188346604291,0.0801577783826644,0.0656848649279714,"L2_Logistic_Regression"
0.1,"L2_dual",0.1,0.717700560316414,0.543354354354354,0.766113821138211,0.0499717601633438,0.0820256513619026,0.0692065535090431,"L2_Logistic_Regression"
0.5,"L2_dual",0.1,0.719240364057437,0.576141141141141,0.732516840882695,0.0490075191110979,0.0838503976817126,0.0702957597808908,"L2_Logistic_Regression"
1,"L2_dual",0.1,0.718794034452571,0.58287987987988,0.724389082462253,0.0490214464082462,0.0846156159711194,0.0703088067652218,"L2_Logistic_Regression"
5,"L2_dual",0.1,0.716790087997405,0.588105105105105,0.713103368176539,0.0493213840962363,0.0835229950811629,0.07383787896115,"L2_Logistic_Regression"
0.01,"L2_dual",0.1,0.746012126237736,0.255340840840841,0.963321718931475,0.0533957549612556,0.0839391937828328,0.0359338039737207,"L2_Logistic_Regression"
0.05,"L2_dual",0.1,0.760793827799925,0.5151996996997,0.859950058072009,0.0501655008172871,0.0761391722748242,0.0600594263756866,"L2_Logistic_Regression"
0.1,"L2_dual",0.1,0.766081356617942,0.554965465465465,0.828513356562137,0.0486022736980857,0.0766089911950805,0.0624204066909581,"L2_Logistic_Regression"
0.5,"L2_dual",0.1,0.772017846243456,0.585372372372372,0.800322880371661,0.0462667252510341,0.0794581159759278,0.0651031200946045,"L2_Logistic_Regression"
1,"L2_dual",0.1,0.772173403368525,0.58866966966967,0.795487804878049,0.0459013204977178,0.0801806197552519,0.0661745655918423,"L2_Logistic_Regression"
5,"L2_dual",0.1,0.771701239567093,0.594487987987988,0.790501742160279,0.0455226442689855,0.0832194814786826,0.0683946739078004,"L2_Logistic_Regression"
0.01,"L2_dual",0.1,0.712634844775089,0.258213213213213,0.956969802555168,0.0565037111149242,0.0965798959955739,0.0396989489930139,"L2_Logistic_Regression"
0.05,"L2_dual",0.1,0.723591838354034,0.506788288288288,0.835170731707317,0.0544162050803308,0.0759163337943489,0.0598540833835987,"L2_Logistic_Regression"
0.1,"L2_dual",0.1,0.726983070178192,0.544708708708709,0.798477351916376,0.0530198324758828,0.075718681471405,0.0618247984897351,"L2_Logistic_Regression"
0.5,"L2_dual",0.1,0.72936599665868,0.575445945945946,0.759570267131243,0.051032801886563,0.0787880817551909,0.0688696140960261,"L2_Logistic_Regression"
1,"L2_dual",0.1,0.728605463477415,0.580755255255255,0.751491289198606,0.0506387825248442,0.0803550864140832,0.0698286514508498,"L2_Logistic_Regression"
5,"L2_dual",0.1,0.726330399214546,0.585645645645646,0.739778164924506,0.0502728212210648,0.0816443662753093,0.0710441121925736,"L2_Logistic_Regression"
0.01,"L2_dual",0.1,0.71117188791579,0.237381381381381,0.962260162601626,0.0574685144932119,0.0789667975681463,0.0383505470786068,"L2_Logistic_Regression"
0.05,"L2_dual",0.1,0.728352853724805,0.492597597597598,0.862511033681765,0.0543715533121447,0.078427875844506,0.0586184356374448,"L2_Logistic_Regression"
0.1,"L2_dual",0.1,0.734013247568126,0.540734234234234,0.829973286875726,0.0521639476744101,0.0782963012319426,0.0640793931154032,"L2_Logistic_Regression"
0.5,"L2_dual",0.1,0.740247981430908,0.5781996996997,0.800040650406504,0.0491180648474676,0.0789532387733325,0.0686284806879974,"L2_Logistic_Regression"
1,"L2_dual",0.1,0.740754339705559,0.582693693693694,0.793817653890825,0.0488207215680154,0.0811573924479904,0.0713950174319885,"L2_Logistic_Regression"
5,"L2_dual",0.1,0.740719520042691,0.585783783783784,0.78282462253194,0.0486120716315241,0.0841326519917541,0.0760715013741731,"L2_Logistic_Regression"
0.01,"L2_dual",0.1,0.691386232050866,0.182881381381381,0.963051103368177,0.0524091366940519,0.0717413883761261,0.0378785122710474,"L2_Logistic_Regression"
0.05,"L2_dual",0.1,0.701257461294047,0.454627627627628,0.829236933797909,0.0494199848255277,0.0775062443845606,0.0662881205423219,"L2_Logistic_Regression"
0.1,"L2_dual",0.1,0.703564240198387,0.504118618618619,0.788450638792102,0.0483220472015214,0.0796934073745882,0.0692619557051352,"L2_Logistic_Regression"
0.5,"L2_dual",0.1,0.704366931391322,0.543815315315315,0.747652729384437,0.0474584498062212,0.078039859060876,0.0708942633971261,"L2_Logistic_Regression"
1,"L2_dual",0.1,0.704100760167833,0.549039039039039,0.740228803716609,0.0475086297204875,0.0793204585493912,0.0733782064073039,"L2_Logistic_Regression"
5,"L2_dual",0.1,0.702657057754619,0.554466966966967,0.730455284552845,0.0474949396253308,0.0800898303994192,0.0739114513172447,"L2_Logistic_Regression"
0.01,"L2_dual",0.1,0.726107314631705,0.322417417417417,0.915544715447154,0.0585290056329093,0.0734219392041765,0.0441700446735924,"L2_Logistic_Regression"
0.05,"L2_dual",0.1,0.743933775238653,0.50212012012012,0.846717770034843,0.05559189929898,0.0823969807883666,0.0556155772176461,"L2_Logistic_Regression"
0.1,"L2_dual",0.1,0.749513362665802,0.53272972972973,0.823638792102207,0.0537158662487405,0.081497890274719,0.0593300671237424,"L2_Logistic_Regression"
0.5,"L2_dual",0.1,0.753319804996634,0.569585585585586,0.781692218350755,0.0506505153127793,0.08372074782673,0.0622277644696111,"L2_Logistic_Regression"
1,"L2_dual",0.1,0.752552804546707,0.580414414414414,0.767907084785134,0.0498867443749496,0.0832550533992337,0.0645831015160968,"L2_Logistic_Regression"
5,"L2_dual",0.1,0.749585304817012,0.597998498498499,0.744458768873403,0.0489938369404351,0.0832103431890918,0.0689111713413611,"L2_Logistic_Regression"
0.01,"L2_dual",0.1,0.722695455036918,0.253373873873874,0.935037166085947,0.056219340509086,0.0788694973080548,0.0486767469002757,"L2_Logistic_Regression"
0.05,"L2_dual",0.1,0.740045941411795,0.536279279279279,0.824745644599303,0.0536500410705814,0.0777343038042215,0.0650688943613897,"L2_Logistic_Regression"
0.1,"L2_dual",0.1,0.746377097480756,0.576391891891892,0.798121951219512,0.0526772156906446,0.0787932265203422,0.0685587908901348,"L2_Logistic_Regression"
0.5,"L2_dual",0.1,0.753796894455431,0.608542042042042,0.780038327526132,0.051256711081521,0.0801327782989794,0.0663696421219958,"L2_Logistic_Regression"
1,"L2_dual",0.1,0.754369578637871,0.610058558558559,0.776821138211382,0.0508641639096588,0.0814686541976933,0.0676132663907342,"L2_Logistic_Regression"
5,"L2_dual",0.1,0.753537775580459,0.607069069069069,0.770689895470383,0.0504118802284902,0.0817245082940554,0.067805774618436,"L2_Logistic_Regression"
0.01,"L2_dual",0.1,0.728791810102786,0.272028528528529,0.937075493612079,0.0535197187077401,0.0869855286484424,0.0423680219696065,"L2_Logistic_Regression"
0.05,"L2_dual",0.1,0.745851327808645,0.526115615615616,0.833700348432056,0.0507468596010522,0.0751357883827065,0.0594557585509732,"L2_Logistic_Regression"
0.1,"L2_dual",0.1,0.751721697307063,0.566097597597598,0.814803716608595,0.0491263281132855,0.076181894833046,0.0614825058252168,"L2_Logistic_Regression"
0.5,"L2_dual",0.1,0.757476282903112,0.584578078078078,0.795891986062718,0.0470152258968546,0.07350699586385,0.0618108371623543,"L2_Logistic_Regression"
1,"L2_dual",0.1,0.75717382626529,0.586342342342342,0.79162950058072,0.0466895360070575,0.0749270807157824,0.0618528687672479,"L2_Logistic_Regression"
5,"L2_dual",0.1,0.754615460408143,0.584837837837838,0.783112659698026,0.0463870793132914,0.0764220607974549,0.0629262165022962,"L2_Logistic_Regression"
0.01,"L2_dual",0.1,0.738236192638632,0.259516516516517,0.945047619047619,0.0561781433924536,0.0739972818748231,0.0420598889974929,"L2_Logistic_Regression"
0.05,"L2_dual",0.1,0.749906008796253,0.52639039039039,0.851350754936121,0.0539483457056809,0.0795675883517963,0.0635337195463435,"L2_Logistic_Regression"
0.1,"L2_dual",0.1,0.754762591860153,0.570376876876877,0.829407665505226,0.0524879507243037,0.0792993445596298,0.0668594852735906,"L2_Logistic_Regression"
0.5,"L2_dual",0.1,0.761833560912829,0.597848348348348,0.803047619047619,0.0499284813099477,0.0805558606074563,0.067960807418425,"L2_Logistic_Regression"
1,"L2_dual",0.1,0.762665644738815,0.598391891891892,0.798889663182346,0.0494360820808298,0.08010337925643,0.068016020060693,"L2_Logistic_Regression"
5,"L2_dual",0.1,0.762801944801945,0.596927927927928,0.791955865272938,0.0486815251162966,0.0808939727186295,0.0669994728046925,"L2_Logistic_Regression"
0.01,"L2_dual",0.1,0.735806127556128,0.282466966966967,0.949903600464576,0.0566291244041976,0.0836316935623698,0.0404244031767424,"L2_Logistic_Regression"
0.05,"L2_dual",0.1,0.747511735603199,0.533189189189189,0.854689895470383,0.0535376851935915,0.0822743923386783,0.0645650550234089,"L2_Logistic_Regression"
0.1,"L2_dual",0.1,0.751080653824556,0.56936036036036,0.830854819976771,0.0520861192451917,0.0809169562549427,0.0644292199117884,"L2_Logistic_Regression"
0.5,"L2_dual",0.1,0.753190422129447,0.589737237237237,0.802621370499419,0.0496691835338759,0.0780082791820603,0.0668287864640074,"L2_Logistic_Regression"
1,"L2_dual",0.1,0.752538045885607,0.58951951951952,0.795952380952381,0.0489497908726231,0.0777233302927031,0.067364396324847,"L2_Logistic_Regression"
5,"L2_dual",0.1,0.749980579883019,0.587876876876877,0.784756097560976,0.0486416290615545,0.0778007458224391,0.0674510161388477,"L2_Logistic_Regression"
0.01,"L2_dual",0.1,0.703774448664693,0.203306306306306,0.961024390243902,0.0567296463496979,0.077097627130178,0.0364105703687889,"L2_Logistic_Regression"
0.05,"L2_dual",0.1,0.716303231803232,0.467674174174174,0.853386759581881,0.0538985537871224,0.0775408069267199,0.0563857989817383,"L2_Logistic_Regression"
0.1,"L2_dual",0.1,0.719288035422182,0.516274774774775,0.816530778164924,0.0532089727474348,0.07987013756601,0.0604465367519083,"L2_Logistic_Regression"
0.5,"L2_dual",0.1,0.720139007474373,0.554382882882883,0.771141695702671,0.0519895606623786,0.0781298152162239,0.0642821402104837,"L2_Logistic_Regression"
1,"L2_dual",0.1,0.718914371688762,0.558228228228228,0.760317073170732,0.0520131924934104,0.0776841553981851,0.0658169864714272,"L2_Logistic_Regression"
5,"L2_dual",0.1,0.716183774366701,0.563548048048048,0.746878048780488,0.0516457675449636,0.0799797832368992,0.0681786853617423,"L2_Logistic_Regression"
0.01,"L2_dual",0.1,0.747355513178684,0.237483483483483,0.962610917537747,0.0516125375739079,0.0887670771046344,0.0354903628857564,"L2_Logistic_Regression"
0.05,"L2_dual",0.1,0.760851446394129,0.517701201201201,0.872344947735192,0.0495459083229436,0.0782523630770586,0.0580524963667569,"L2_Logistic_Regression"
0.1,"L2_dual",0.1,0.765931997328339,0.560232732732733,0.841371660859466,0.0480517201801448,0.0784630399831236,0.0610578909065898,"L2_Logistic_Regression"
0.5,"L2_dual",0.1,0.771934934934935,0.591555555555556,0.809730545876887,0.0464441769932531,0.0776844290949761,0.0645945646657127,"L2_Logistic_Regression"
1,"L2_dual",0.1,0.772545202868374,0.594043543543544,0.805047619047619,0.0460725349345805,0.0782267790188676,0.0635001858772582,"L2_Logistic_Regression"
5,"L2_dual",0.1,0.772034773449408,0.595457957957958,0.795396051103368,0.0459543161587512,0.0798792061702358,0.0660254226128523,"L2_Logistic_Regression"
0.01,"L2_dual",0.1,0.710018312737825,0.387647147147147,0.900385598141696,0.0562558405317484,0.0730803224258576,0.0510741886326204,"L2_Logistic_Regression"
0.05,"L2_dual",0.1,0.727526966862333,0.552585585585586,0.802529616724739,0.0531571074768183,0.0762994889408422,0.0656834844037944,"L2_Logistic_Regression"
0.1,"L2_dual",0.1,0.732954320173832,0.587142642642643,0.772484320557491,0.0516145169434365,0.0784058382491623,0.0668956021101063,"L2_Logistic_Regression"
0.5,"L2_dual",0.1,0.73681881097125,0.623996996996997,0.729149825783972,0.0500939288490296,0.0779833416986271,0.0694911502089056,"L2_Logistic_Regression"
1,"L2_dual",0.1,0.736628720183598,0.632749249249249,0.715549361207898,0.0499930550591037,0.0778958424768283,0.0716432596653358,"L2_Logistic_Regression"
5,"L2_dual",0.1,0.735113352899938,0.644471471471471,0.69649593495935,0.0499246790829171,0.0792469336260668,0.0739712916914932,"L2_Logistic_Regression"
0.01,"L2_dual",0.1,0.693275155817839,0.37675975975976,0.887260162601626,0.0570452527196788,0.0769956150060094,0.0572850645590027,"L2_Logistic_Regression"
0.05,"L2_dual",0.1,0.699462425840475,0.514644144144144,0.778315911730546,0.0548517711229524,0.0788544012308569,0.0698016559051624,"L2_Logistic_Regression"
0.1,"L2_dual",0.1,0.701270031355397,0.537408408408408,0.752421602787456,0.0538599028197137,0.0800426096849517,0.0719584739561075,"L2_Logistic_Regression"
0.5,"L2_dual",0.1,0.702270957368518,0.552117117117117,0.722414634146341,0.0519410104759224,0.0819086555542061,0.075040977355895,"L2_Logistic_Regression"
1,"L2_dual",0.1,0.702334897615385,0.552942942942943,0.717869918699187,0.0516745686747842,0.082140336118075,0.0757825294767,"L2_Logistic_Regression"
5,"L2_dual",0.1,0.701856543826056,0.553084084084084,0.70887456445993,0.0514768376574096,0.0817875152268246,0.076761456276576,"L2_Logistic_Regression"
0.01,"L2_dual",0.1,0.732860194689463,0.357600600600601,0.919218350754936,0.053671836889077,0.0743203616723079,0.0431115636324787,"L2_Logistic_Regression"
0.05,"L2_dual",0.1,0.751137907070834,0.515244744744745,0.860037166085947,0.0516188066360601,0.0790421033080235,0.0542399758171732,"L2_Logistic_Regression"
0.1,"L2_dual",0.1,0.758849506300726,0.542905405405405,0.849501742160279,0.0505377195297878,0.0796719805909703,0.0584372180048854,"L2_Logistic_Regression"
0.5,"L2_dual",0.1,0.76876317868391,0.571223723723724,0.835034843205575,0.0491246763433926,0.0830579428889594,0.0579876362274885,"L2_Logistic_Regression"
1,"L2_dual",0.1,0.769958844733235,0.578765765765766,0.830063879210221,0.048515006462357,0.0843488671954824,0.0572961830937056,"L2_Logistic_Regression"
5,"L2_dual",0.1,0.769941875673583,0.590936936936937,0.816570267131243,0.0484256179713664,0.0837946784278916,0.0612994907769025,"L2_Logistic_Regression"
0.01,"L2_dual",0.1,0.70756828169633,0.174629129129129,0.967288037166086,0.0558722336453022,0.0755606157049985,0.0321965004700663,"L2_Logistic_Regression"
0.05,"L2_dual",0.1,0.717346373376861,0.43845045045045,0.86350406504065,0.0540534754631685,0.0786901691991127,0.057826937687697,"L2_Logistic_Regression"
0.1,"L2_dual",0.1,0.721629222428003,0.493866366366366,0.825706155632985,0.0535084312041235,0.0798185129311686,0.0646196876132207,"L2_Logistic_Regression"
0.5,"L2_dual",0.1,0.728266890583964,0.545662162162162,0.78464343786295,0.0525287218555953,0.0807382833855881,0.0691820606343286,"L2_Logistic_Regression"
1,"L2_dual",0.1,0.730041787432031,0.555570570570571,0.777030197444832,0.0522080528599184,0.0817390848612118,0.0707021348517074,"L2_Logistic_Regression"
5,"L2_dual",0.1,0.732205347333396,0.567587087087087,0.768170731707317,0.0523315370655291,0.0807531077427397,0.0712381881025854,"L2_Logistic_Regression"
0.01,"L2_dual",0.1,0.701585528036748,0.315801801801802,0.915422764227642,0.0556918688657479,0.0720004472323105,0.0463277452440699,"L2_Logistic_Regression"
0.05,"L2_dual",0.1,0.713967057649984,0.488069069069069,0.810622531939605,0.0531461074583605,0.0819919205728654,0.0625415465996993,"L2_Logistic_Regression"
0.1,"L2_dual",0.1,0.717372428177306,0.527207207207207,0.782376306620209,0.0519336792516491,0.0841574319069857,0.0658314149530165,"L2_Logistic_Regression"
0.5,"L2_dual",0.1,0.71848646730354,0.575782282282282,0.737905923344948,0.050387455458328,0.0853565097322247,0.0707001653415596,"L2_Logistic_Regression"
1,"L2_dual",0.1,0.717562921806824,0.587602102102102,0.728001161440186,0.0500030096684654,0.0864366139211623,0.0714437226356189,"L2_Logistic_Regression"
5,"L2_dual",0.1,0.715012631969949,0.600746246246246,0.708923344947735,0.049789374941522,0.0854693570132484,0.0743022516858156,"L2_Logistic_Regression"
0.01,"L2_dual",0.1,0.730583642876326,0.305336336336336,0.957379790940767,0.0567987141309925,0.0704457247565131,0.0357564442701415,"L2_Logistic_Regression"
0.05,"L2_dual",0.1,0.736744040207455,0.471924924924925,0.887040650406504,0.0554900029250487,0.084112393615417,0.0555614881888091,"L2_Logistic_Regression"
0.1,"L2_dual",0.1,0.738560273688322,0.495072072072072,0.868483159117305,0.0545840339321518,0.0835359110650274,0.0579758991851325,"L2_Logistic_Regression"
0.5,"L2_dual",0.1,0.738245307153844,0.512471471471471,0.846120789779326,0.0538762679552786,0.0808750128224979,0.0602228422779693,"L2_Logistic_Regression"
1,"L2_dual",0.1,0.736978538643173,0.513295795795796,0.84081068524971,0.0537442925413364,0.0809219968134251,0.0606074867186118,"L2_Logistic_Regression"
5,"L2_dual",0.1,0.734504050217465,0.514543543543544,0.832659698025552,0.0534069246669617,0.0814622251001941,0.0622871805963395,"L2_Logistic_Regression"
0.01,"L2_dual",0.1,0.738524278634035,0.376111111111111,0.907977932636469,0.0566077652549011,0.0806629176301231,0.0488961889677554,"L2_Logistic_Regression"
0.05,"L2_dual",0.1,0.75309897005019,0.542051051051051,0.842441347270616,0.0535288589466364,0.0778533070918358,0.0575900721139798,"L2_Logistic_Regression"
0.1,"L2_dual",0.1,0.75857824985264,0.561279279279279,0.828744483159117,0.0520515463885824,0.0770749927221604,0.0587159604682221,"L2_Logistic_Regression"
0.5,"L2_dual",0.1,0.763832766564474,0.575893393393393,0.813349593495935,0.0498342238369528,0.0807553197091675,0.0602720719305762,"L2_Logistic_Regression"
1,"L2_dual",0.1,0.764262776713996,0.579972972972973,0.809233449477352,0.0492841803940958,0.0826327408066558,0.0617918223206327,"L2_Logistic_Regression"
5,"L2_dual",0.1,0.763853325450886,0.590564564564565,0.801423925667828,0.0486412543129862,0.0837871732318337,0.0640357812789059,"L2_Logistic_Regression"
0.01,"L2_dual",0.1,0.708890962390962,0.193630630630631,0.953214866434379,0.0553834343850287,0.0706945874956255,0.0351775708207847,"L2_Logistic_Regression"
0.05,"L2_dual",0.1,0.721227413824975,0.463426426426426,0.848317073170732,0.0539446237994732,0.0747392066352105,0.0579571330312459,"L2_Logistic_Regression"
0.1,"L2_dual",0.1,0.725572482761507,0.508905405405405,0.814845528455285,0.0528343039049961,0.0739718012086565,0.0621548930075894,"L2_Logistic_Regression"
0.5,"L2_dual",0.1,0.730083562656733,0.553187687687688,0.783577235772358,0.0507631397462249,0.0783020096155148,0.0635158472065959,"L2_Logistic_Regression"
1,"L2_dual",0.1,0.730754505376457,0.559812312312312,0.778844367015099,0.0502482158537145,0.0786570956826866,0.0650303032208203,"L2_Logistic_Regression"
5,"L2_dual",0.1,0.730400468412663,0.568124624624625,0.76846806039489,0.0498248051935513,0.0818454590641975,0.0650259322645361,"L2_Logistic_Regression"
0.01,"L2_dual",0.1,0.718166678873996,0.268722222222222,0.919437862950058,0.0551009058151379,0.0906678443988441,0.0522328532213231,"L2_Logistic_Regression"
0.05,"L2_dual",0.1,0.733936718948914,0.528630630630631,0.798994192799071,0.0522070120014332,0.074183814231886,0.0639249790278335,"L2_Logistic_Regression"
0.1,"L2_dual",0.1,0.739461234753918,0.566223723723724,0.776830429732869,0.0507767777573539,0.0741392210169136,0.0647783287326498,"L2_Logistic_Regression"
0.5,"L2_dual",0.1,0.745177631464217,0.583606606606607,0.753038327526132,0.0488702031368103,0.0789222161669019,0.0677541270437207,"L2_Logistic_Regression"
1,"L2_dual",0.1,0.745340274943934,0.583220720720721,0.74948199767712,0.0488013167964194,0.0810431512304998,0.0675819208002302,"L2_Logistic_Regression"
5,"L2_dual",0.1,0.743409608214486,0.584963963963964,0.744114982578397,0.0486439396937017,0.0826740144687565,0.068956269077672,"L2_Logistic_Regression"
0.01,"L2_dual",0.1,0.725369447845058,0.260025525525526,0.947365853658537,0.0555591603962096,0.0840796398977833,0.0371949848107978,"L2_Logistic_Regression"
0.05,"L2_dual",0.1,0.742094798631384,0.514596096096096,0.848094076655052,0.0527984245293826,0.0767841928038477,0.0551226760831403,"L2_Logistic_Regression"
0.1,"L2_dual",0.1,0.747847146798366,0.558369369369369,0.821445993031359,0.0511544506851381,0.0757973781500091,0.0593169568367758,"L2_Logistic_Regression"
0.5,"L2_dual",0.1,0.75596190702898,0.596681681681682,0.793631823461092,0.0480680175316122,0.0796493937280342,0.0586345384987075,"L2_Logistic_Regression"
1,"L2_dual",0.1,0.757197496276765,0.60351951951952,0.786558652729384,0.0474244370141198,0.0806546410048252,0.0589816656940408,"L2_Logistic_Regression"
5,"L2_dual",0.1,0.758556967245992,0.611597597597598,0.777941927990708,0.0466082358623948,0.0794585024576381,0.0598597045471016,"L2_Logistic_Regression"
0.01,"L2_dual",0.1,0.700499089682016,0.218795795795796,0.943692218350755,0.0551355097050064,0.0787306159023864,0.0410152420789447,"L2_Logistic_Regression"
0.05,"L2_dual",0.1,0.710164028139638,0.475726726726727,0.824867595818815,0.05113165171109,0.0759022483857084,0.0599836866765843,"L2_Logistic_Regression"
0.1,"L2_dual",0.1,0.712359760457321,0.516042042042042,0.79519512195122,0.0494801363451408,0.0759496850711907,0.0605844756954585,"L2_Logistic_Regression"
0.5,"L2_dual",0.1,0.711666222843052,0.537713213213213,0.759579558652729,0.0475723348773402,0.0782851916333304,0.0646639221182385,"L2_Logistic_Regression"
1,"L2_dual",0.1,0.710599254306571,0.539731231231231,0.752464576074332,0.0470664344075992,0.0788748316337866,0.0658588962682374,"L2_Logistic_Regression"
5,"L2_dual",0.1,0.707766665620324,0.543783783783784,0.742102206736353,0.0468844685646912,0.0811311518904655,0.0684980856142148,"L2_Logistic_Regression"
0.01,"L2_dual",0.1,0.713675755895268,0.256220720720721,0.935583042973287,0.055909296752339,0.0854801792184328,0.0432900814609626,"L2_Logistic_Regression"
0.05,"L2_dual",0.1,0.73189812809325,0.512872372372372,0.83916144018583,0.0542513378404748,0.0763472847153192,0.0635109448075228,"L2_Logistic_Regression"
0.1,"L2_dual",0.1,0.73863445762836,0.55321021021021,0.817770034843206,0.0532481265426188,0.0778637405838292,0.063807227659157,"L2_Logistic_Regression"
0.5,"L2_dual",0.1,0.74651008499789,0.580675675675676,0.794982578397213,0.0515640076656886,0.0795955045074808,0.0667651605743508,"L2_Logistic_Regression"
1,"L2_dual",0.1,0.747440456135578,0.582358858858859,0.7908606271777,0.0510745493272478,0.079584948783603,0.0678285438518469,"L2_Logistic_Regression"
5,"L2_dual",0.1,0.747176415091049,0.585572072072072,0.784012775842044,0.0505338055870592,0.0802052871919894,0.0677216042026179,"L2_Logistic_Regression"
0.01,"L2_dual",0.1,0.717040619016229,0.212672672672673,0.952053426248548,0.0540196434140794,0.074204792866727,0.035903433579641,"L2_Logistic_Regression"
0.05,"L2_dual",0.1,0.72943130587033,0.492588588588589,0.840247386759582,0.0517704897207407,0.0765695390379764,0.0577541908555102,"L2_Logistic_Regression"
0.1,"L2_dual",0.1,0.733367846941018,0.535108108108108,0.808373983739837,0.0505331510983709,0.078031512264073,0.0632823170286606,"L2_Logistic_Regression"
0.5,"L2_dual",0.1,0.735805761336249,0.567938438438438,0.775711962833914,0.0482477111450981,0.0789380664474282,0.0612198880196282,"L2_Logistic_Regression"
1,"L2_dual",0.1,0.735292665487787,0.571846846846847,0.767296167247387,0.0479805322540028,0.0780594068953315,0.0626238853887816,"L2_Logistic_Regression"
5,"L2_dual",0.1,0.733040953845832,0.576651651651652,0.754333333333333,0.0477268891978074,0.078873407050344,0.0647410397185239,"L2_Logistic_Regression"
0.01,"L2_dual",0.1,0.699846299260933,0.251445945945946,0.941401858304297,0.056246820922308,0.0793174358104735,0.0389249833546124,"L2_Logistic_Regression"
0.05,"L2_dual",0.1,0.713021184076062,0.510777777777778,0.82730081300813,0.0541111096099412,0.0747649464123509,0.0606346129175675,"L2_Logistic_Regression"
0.1,"L2_dual",0.1,0.717664782378197,0.550867867867868,0.797391405342625,0.0528442341871964,0.0743235130391921,0.0649515516299434,"L2_Logistic_Regression"
0.5,"L2_dual",0.1,0.721809152357933,0.580567567567568,0.768541231126597,0.0509268218002884,0.0773370043177794,0.0631877253536912,"L2_Logistic_Regression"
1,"L2_dual",0.1,0.721881636863344,0.584472972972973,0.762466898954704,0.0504095182436049,0.0777308405893774,0.0626690748650138,"L2_Logistic_Regression"
5,"L2_dual",0.1,0.720213170487561,0.59104954954955,0.749770034843206,0.0503296524604188,0.0784665510174888,0.0657096729431895,"L2_Logistic_Regression"
0.01,"L2_dual",0.1,0.70882220024903,0.195606606606607,0.948869918699187,0.0549864477254339,0.0791318769399927,0.0404914237167859,"L2_Logistic_Regression"
0.05,"L2_dual",0.1,0.719031312671557,0.47687987987988,0.838586527293844,0.0524970679809625,0.0737172919824221,0.0603659336752113,"L2_Logistic_Regression"
0.1,"L2_dual",0.1,0.721625102454371,0.52227027027027,0.808931475029036,0.0515907852198832,0.0773421851469743,0.061888871925069,"L2_Logistic_Regression"
0.5,"L2_dual",0.1,0.721910652813092,0.55774024024024,0.773570267131243,0.0504422413287015,0.0794221382623901,0.0654375628460169,"L2_Logistic_Regression"
1,"L2_dual",0.1,0.721197966258942,0.561546546546547,0.765486643437863,0.0505553904418833,0.0795355945555386,0.0674842932942681,"L2_Logistic_Regression"
5,"L2_dual",0.1,0.718835315280437,0.565693693693694,0.755836236933798,0.0506816936495107,0.0803717147445573,0.0680920117918793,"L2_Logistic_Regression"
0.01,"L2_dual",0.1,0.715012823799409,0.288780780780781,0.925815331010453,0.058634697269018,0.07338002648388,0.0394033943662758,"L2_Logistic_Regression"
0.05,"L2_dual",0.1,0.727578689316494,0.473336336336336,0.849857142857143,0.0562136162216393,0.0817801920002108,0.0569773986658904,"L2_Logistic_Regression"
0.1,"L2_dual",0.1,0.732041622633086,0.510226726726727,0.827372822299652,0.0551747651108331,0.0833031194398741,0.0600268859674791,"L2_Logistic_Regression"
0.5,"L2_dual",0.1,0.735965687813249,0.559672672672673,0.789264808362369,0.0536197632590234,0.0830908619507002,0.0660247792587154,"L2_Logistic_Regression"
1,"L2_dual",0.1,0.735887429241088,0.569674174174174,0.776365853658537,0.0531130805537194,0.0822290329851116,0.0680947632255377,"L2_Logistic_Regression"
5,"L2_dual",0.1,0.734084710145686,0.584932432432432,0.75674099883856,0.0529181034968759,0.0810883424570632,0.0707614039514149,"L2_Logistic_Regression"
0.01,"L2_dual",0.1,0.702265873015873,0.303959459459459,0.93839837398374,0.0602243769349582,0.0775100341200792,0.0448145369081143,"L2_Logistic_Regression"
0.05,"L2_dual",0.1,0.716163919145626,0.520533033033033,0.81839837398374,0.056751342773838,0.0769574634004471,0.0635634361033428,"L2_Logistic_Regression"
0.1,"L2_dual",0.1,0.720932060108889,0.555612612612613,0.79017537746806,0.0548320385808418,0.075967312296339,0.0680324481911955,"L2_Logistic_Regression"
0.5,"L2_dual",0.1,0.72504065302236,0.582722222222222,0.758369337979094,0.0524128106102952,0.0781424684614236,0.0674325295806864,"L2_Logistic_Regression"
1,"L2_dual",0.1,0.725106670259109,0.586048048048048,0.752060394889663,0.0519267135441158,0.0790360161726532,0.0665640782881324,"L2_Logistic_Regression"
5,"L2_dual",0.1,0.724021097752805,0.590451951951952,0.743729384436702,0.0511818397094367,0.0795325769823452,0.0665884802936325,"L2_Logistic_Regression"
