"normal","cancer","names","model"
0.786561264822134,0.786561264822134,"fit_result","L1_Linear_SVM"
0.596486894112752,0.596486894112752,"Otu00110","L1_Linear_SVM"
0.589569898065321,0.589569898065321,"Otu00002","L1_Linear_SVM"
0.58729457041814,0.58729457041814,"Otu00068","L1_Linear_SVM"
0.585734345745787,0.585734345745787,"Otu00822","L1_Linear_SVM"
0.5856433326399,0.5856433326399,"Otu00477","L1_Linear_SVM"
0.585266278344082,0.585266278344082,"Otu00361","L1_Linear_SVM"
0.584187122945704,0.584187122945704,"Otu00264","L1_Linear_SVM"
0.583732057416268,0.583732057416268,"Otu00224","L1_Linear_SVM"
0.583094965675057,0.583094965675057,"Otu00044","L1_Linear_SVM"
0.766083315997504,0.766083315997504,"fit_result","L1_Linear_SVM"
0.592404306220096,0.592404306220096,"Otu00128","L1_Linear_SVM"
0.591962242562929,0.591962242562929,"Otu00109","L1_Linear_SVM"
0.58929685874766,0.58929685874766,"Otu00002","L1_Linear_SVM"
0.587554607863532,0.587554607863532,"Otu00058","L1_Linear_SVM"
0.583211982525484,0.583211982525484,"Otu00014","L1_Linear_SVM"
0.582288849594342,0.582288849594342,"Otu00361","L1_Linear_SVM"
0.58201581027668,0.58201581027668,"Otu00108","L1_Linear_SVM"
0.581170688579155,0.581170688579155,"Otu00033","L1_Linear_SVM"
0.578427293530268,0.578427293530268,"Otu00092","L1_Linear_SVM"
0.767994591221136,0.767994591221136,"fit_result","L1_Linear_SVM"
0.594211566465571,0.594211566465571,"Otu00361","L1_Linear_SVM"
0.587203557312253,0.587203557312253,"Otu00058","L1_Linear_SVM"
0.586176409402954,0.586176409402954,"Otu00367","L1_Linear_SVM"
0.583745059288538,0.583745059288538,"Otu00264","L1_Linear_SVM"
0.582366860827959,0.582366860827959,"Otu00002","L1_Linear_SVM"
0.578791345953817,0.578791345953817,"Otu00004","L1_Linear_SVM"
0.577244123153734,0.577244123153734,"Otu00108","L1_Linear_SVM"
0.576815061368837,0.576815061368837,"Otu00822","L1_Linear_SVM"
0.57472175993343,0.57472175993343,"Otu00128","L1_Linear_SVM"
0.76158466819222,0.76158466819222,"fit_result","L1_Linear_SVM"
0.608097566049511,0.608097566049511,"Otu00002","L1_Linear_SVM"
0.606524339504889,0.606524339504889,"Otu00058","L1_Linear_SVM"
0.591897233201581,0.591897233201581,"Otu00367","L1_Linear_SVM"
0.590115976700645,0.590115976700645,"Otu00361","L1_Linear_SVM"
0.589972956105679,0.589972956105679,"Otu00014","L1_Linear_SVM"
0.589673913043478,0.589673913043478,"Otu00109","L1_Linear_SVM"
0.588009673392969,0.588009673392969,"Otu00003","L1_Linear_SVM"
0.587892656542542,0.587892656542542,"Otu00044","L1_Linear_SVM"
0.587528604118993,0.587528604118993,"Otu00822","L1_Linear_SVM"
0.781581547742875,0.781581547742875,"fit_result","L1_Linear_SVM"
0.597774079467443,0.597774079467443,"Otu00002","L1_Linear_SVM"
0.596759933430414,0.596759933430414,"Otu00367","L1_Linear_SVM"
0.59591481173289,0.59591481173289,"Otu00058","L1_Linear_SVM"
0.595693779904306,0.595693779904306,"Otu00822","L1_Linear_SVM"
0.587697628458498,0.587697628458498,"Otu00014","L1_Linear_SVM"
0.58200280840441,0.58200280840441,"Otu00005","L1_Linear_SVM"
0.581066673600999,0.581066673600999,"Otu00155","L1_Linear_SVM"
0.58070262117745,0.58070262117745,"Otu00110","L1_Linear_SVM"
0.579545454545455,0.579545454545455,"Otu00109","L1_Linear_SVM"
0.76387299771167,0.76387299771167,"fit_result","L1_Linear_SVM"
0.610970979821094,0.610970979821094,"Otu00058","L1_Linear_SVM"
0.609046702725192,0.609046702725192,"Otu00002","L1_Linear_SVM"
0.589699916788017,0.589699916788017,"Otu00264","L1_Linear_SVM"
0.587060536717287,0.587060536717287,"Otu00822","L1_Linear_SVM"
0.586137403786145,0.586137403786145,"Otu00024","L1_Linear_SVM"
0.586020386935719,0.586020386935719,"Otu00110","L1_Linear_SVM"
0.584421156646557,0.584421156646557,"Otu00092","L1_Linear_SVM"
0.582288849594342,0.582288849594342,"Otu00361","L1_Linear_SVM"
0.581898793426253,0.581898793426253,"Otu00367","L1_Linear_SVM"
0.759699396713127,0.759699396713127,"fit_result","L1_Linear_SVM"
0.624531932598294,0.624531932598294,"Otu00058","L1_Linear_SVM"
0.61145204909507,0.61145204909507,"Otu00002","L1_Linear_SVM"
0.60713542750156,0.60713542750156,"Otu00128","L1_Linear_SVM"
0.600296442687747,0.600296442687747,"Otu00367","L1_Linear_SVM"
0.595641772415228,0.595641772415228,"Otu00014","L1_Linear_SVM"
0.594848658206782,0.594848658206782,"Otu00822","L1_Linear_SVM"
0.594627626378198,0.594627626378198,"Otu00109","L1_Linear_SVM"
0.59324942791762,0.59324942791762,"Otu00017","L1_Linear_SVM"
0.591429165799875,0.591429165799875,"Otu00361","L1_Linear_SVM"
0.780268358643645,0.780268358643645,"fit_result","L1_Linear_SVM"
0.606381318909923,0.606381318909923,"Otu00002","L1_Linear_SVM"
0.602870813397129,0.602870813397129,"Otu00155","L1_Linear_SVM"
0.601713646765134,0.601713646765134,"Otu00058","L1_Linear_SVM"
0.599724360307884,0.599724360307884,"Otu00128","L1_Linear_SVM"
0.593561472852091,0.593561472852091,"Otu00108","L1_Linear_SVM"
0.592014250052007,0.592014250052007,"Otu00367","L1_Linear_SVM"
0.58897181194092,0.58897181194092,"Otu00221","L1_Linear_SVM"
0.587476596629915,0.587476596629915,"Otu00121","L1_Linear_SVM"
0.586943519866861,0.586943519866861,"Otu00110","L1_Linear_SVM"
0.779787289369669,0.779787289369669,"fit_result","L1_Linear_SVM"
0.594835656334512,0.594835656334512,"Otu00058","L1_Linear_SVM"
0.592326294986478,0.592326294986478,"Otu00185","L1_Linear_SVM"
0.590089972956106,0.590089972956106,"Otu00002","L1_Linear_SVM"
0.584863220303724,0.584863220303724,"Otu00044","L1_Linear_SVM"
0.582041814021219,0.582041814021219,"Otu00128","L1_Linear_SVM"
0.580494591221136,0.580494591221136,"Otu00110","L1_Linear_SVM"
0.57868733097566,0.57868733097566,"Otu00822","L1_Linear_SVM"
0.57771219055544,0.57771219055544,"Otu00231","L1_Linear_SVM"
0.577543166215935,0.577543166215935,"Otu00010","L1_Linear_SVM"
0.769229769086748,0.769229769086748,"fit_result","L1_Linear_SVM"
0.604899105471188,0.604899105471188,"Otu00002","L1_Linear_SVM"
0.593873517786561,0.593873517786561,"Otu00128","L1_Linear_SVM"
0.587580611608072,0.587580611608072,"Otu00822","L1_Linear_SVM"
0.587450592885375,0.587450592885375,"Otu00058","L1_Linear_SVM"
0.583198980653214,0.583198980653214,"Otu00367","L1_Linear_SVM"
0.580429581859788,0.580429581859788,"Otu00110","L1_Linear_SVM"
0.580169544414396,0.580169544414396,"Otu00495","L1_Linear_SVM"
0.5800395256917,0.5800395256917,"Otu00361","L1_Linear_SVM"
0.575787913459538,0.575787913459538,"Otu00121","L1_Linear_SVM"
0.774443519866861,0.774443519866861,"fit_result","L1_Linear_SVM"
0.607577491158727,0.607577491158727,"Otu00002","L1_Linear_SVM"
0.598658206781777,0.598658206781777,"Otu00128","L1_Linear_SVM"
0.598580195548159,0.598580195548159,"Otu00058","L1_Linear_SVM"
0.593535469107552,0.593535469107552,"Otu00822","L1_Linear_SVM"
0.587866652798003,0.587866652798003,"Otu00110","L1_Linear_SVM"
0.586488454337425,0.586488454337425,"Otu00021","L1_Linear_SVM"
0.586059392552528,0.586059392552528,"Otu00367","L1_Linear_SVM"
0.5843171416684,0.5843171416684,"Otu00010","L1_Linear_SVM"
0.580312565009361,0.580312565009361,"Otu00109","L1_Linear_SVM"
0.766408362804244,0.766408362804244,"fit_result","L1_Linear_SVM"
0.602740794674433,0.602740794674433,"Otu00058","L1_Linear_SVM"
0.600413459538173,0.600413459538173,"Otu00128","L1_Linear_SVM"
0.598580195548159,0.598580195548159,"Otu00021","L1_Linear_SVM"
0.596642916579987,0.596642916579987,"Otu00264","L1_Linear_SVM"
0.594614624505929,0.594614624505929,"Otu00002","L1_Linear_SVM"
0.586085396297067,0.586085396297067,"Otu00822","L1_Linear_SVM"
0.585448304555856,0.585448304555856,"Otu00185","L1_Linear_SVM"
0.583615040565841,0.583615040565841,"Otu00109","L1_Linear_SVM"
0.58334200124818,0.58334200124818,"Otu00367","L1_Linear_SVM"
0.791176929477845,0.791176929477845,"fit_result","L1_Linear_SVM"
0.61242718951529,0.61242718951529,"Otu00002","L1_Linear_SVM"
0.59591481173289,0.59591481173289,"Otu00367","L1_Linear_SVM"
0.594601622633659,0.594601622633659,"Otu00822","L1_Linear_SVM"
0.592859371749532,0.592859371749532,"Otu00014","L1_Linear_SVM"
0.59126014146037,0.59126014146037,"Otu00058","L1_Linear_SVM"
0.589725920532557,0.589725920532557,"Otu00361","L1_Linear_SVM"
0.587944664031621,0.587944664031621,"Otu00264","L1_Linear_SVM"
0.586891512377782,0.586891512377782,"Otu00110","L1_Linear_SVM"
0.585279280216351,0.585279280216351,"Otu00128","L1_Linear_SVM"
0.786912315373414,0.786912315373414,"fit_result","L1_Linear_SVM"
0.608747659662991,0.608747659662991,"Otu00128","L1_Linear_SVM"
0.60153162055336,0.60153162055336,"Otu00002","L1_Linear_SVM"
0.599932390264198,0.599932390264198,"Otu00231","L1_Linear_SVM"
0.59687695028084,0.59687695028084,"Otu00264","L1_Linear_SVM"
0.589062825046807,0.589062825046807,"Otu00224","L1_Linear_SVM"
0.587697628458498,0.587697628458498,"Otu00044","L1_Linear_SVM"
0.58729457041814,0.58729457041814,"Otu00058","L1_Linear_SVM"
0.583524027459954,0.583524027459954,"Otu00822","L1_Linear_SVM"
0.580988662367381,0.580988662367381,"Otu00221","L1_Linear_SVM"
0.767162471395881,0.767162471395881,"fit_result","L1_Linear_SVM"
0.618668088204701,0.618668088204701,"Otu00002","L1_Linear_SVM"
0.61442947784481,0.61442947784481,"Otu00058","L1_Linear_SVM"
0.596460890368213,0.596460890368213,"Otu00128","L1_Linear_SVM"
0.596109839816934,0.596109839816934,"Otu00044","L1_Linear_SVM"
0.592729353026836,0.592729353026836,"Otu00822","L1_Linear_SVM"
0.590961098398169,0.590961098398169,"Otu00015","L1_Linear_SVM"
0.589816933638444,0.589816933638444,"Otu00361","L1_Linear_SVM"
0.584915227792802,0.584915227792802,"Otu00005","L1_Linear_SVM"
0.583563033076763,0.583563033076763,"Otu00109","L1_Linear_SVM"
0.785794154358228,0.785794154358228,"fit_result","L1_Linear_SVM"
0.631110879966715,0.631110879966715,"Otu00058","L1_Linear_SVM"
0.606329311420845,0.606329311420845,"Otu00109","L1_Linear_SVM"
0.605991262741835,0.605991262741835,"Otu00002","L1_Linear_SVM"
0.601817661743291,0.601817661743291,"Otu00128","L1_Linear_SVM"
0.585240274599542,0.585240274599542,"Otu00426","L1_Linear_SVM"
0.584408154774287,0.584408154774287,"Otu00361","L1_Linear_SVM"
0.584174121073435,0.584174121073435,"Otu00044","L1_Linear_SVM"
0.582743915123778,0.582743915123778,"Otu00185","L1_Linear_SVM"
0.582613896401082,0.582613896401082,"Otu00108","L1_Linear_SVM"
0.784558976492615,0.784558976492615,"fit_result","L1_Linear_SVM"
0.606849386311629,0.606849386311629,"Otu00002","L1_Linear_SVM"
0.604626066153526,0.604626066153526,"Otu00058","L1_Linear_SVM"
0.59027199916788,0.59027199916788,"Otu00822","L1_Linear_SVM"
0.585552319534013,0.585552319534013,"Otu00367","L1_Linear_SVM"
0.584902225920533,0.584902225920533,"Otu00109","L1_Linear_SVM"
0.584564177241523,0.584564177241523,"Otu00155","L1_Linear_SVM"
0.583198980653214,0.583198980653214,"Otu00003","L1_Linear_SVM"
0.582093821510298,0.582093821510298,"Otu00221","L1_Linear_SVM"
0.581170688579155,0.581170688579155,"Otu00264","L1_Linear_SVM"
0.769710838360724,0.769710838360724,"fit_result","L1_Linear_SVM"
0.615131578947368,0.615131578947368,"Otu00058","L1_Linear_SVM"
0.606459330143541,0.606459330143541,"Otu00002","L1_Linear_SVM"
0.602441751612232,0.602441751612232,"Otu00128","L1_Linear_SVM"
0.598411171208654,0.598411171208654,"Otu00109","L1_Linear_SVM"
0.591975244435199,0.591975244435199,"Otu00361","L1_Linear_SVM"
0.589764926149365,0.589764926149365,"Otu00822","L1_Linear_SVM"
0.586943519866861,0.586943519866861,"Otu00044","L1_Linear_SVM"
0.584733201581028,0.584733201581028,"Otu00110","L1_Linear_SVM"
0.581950800915332,0.581950800915332,"Otu00108","L1_Linear_SVM"
0.76982785521115,0.76982785521115,"fit_result","L1_Linear_SVM"
0.622087580611608,0.622087580611608,"Otu00002","L1_Linear_SVM"
0.620332327855211,0.620332327855211,"Otu00058","L1_Linear_SVM"
0.600465467027252,0.600465467027252,"Otu00361","L1_Linear_SVM"
0.600452465154982,0.600452465154982,"Otu00264","L1_Linear_SVM"
0.599841377158311,0.599841377158311,"Otu00822","L1_Linear_SVM"
0.596447888495943,0.596447888495943,"Otu00108","L1_Linear_SVM"
0.595381734969836,0.595381734969836,"Otu00128","L1_Linear_SVM"
0.593158414811733,0.593158414811733,"Otu00030","L1_Linear_SVM"
0.587814645308924,0.587814645308924,"Otu00013","L1_Linear_SVM"
0.777264926149365,0.777264926149365,"fit_result","L1_Linear_SVM"
0.616652798002912,0.616652798002912,"Otu00058","L1_Linear_SVM"
0.61111400041606,0.61111400041606,"Otu00128","L1_Linear_SVM"
0.606303307676305,0.606303307676305,"Otu00002","L1_Linear_SVM"
0.597071978364885,0.597071978364885,"Otu00185","L1_Linear_SVM"
0.588464738922405,0.588464738922405,"Otu00109","L1_Linear_SVM"
0.585175265238194,0.585175265238194,"Otu00822","L1_Linear_SVM"
0.583797066777616,0.583797066777616,"Otu00361","L1_Linear_SVM"
0.58102766798419,0.58102766798419,"Otu00659","L1_Linear_SVM"
0.580286561264822,0.580286561264822,"Otu00110","L1_Linear_SVM"
0.786743291033909,0.786743291033909,"fit_result","L1_Linear_SVM"
0.618876118161015,0.618876118161015,"Otu00002","L1_Linear_SVM"
0.605952257125026,0.605952257125026,"Otu00128","L1_Linear_SVM"
0.598762221759933,0.598762221759933,"Otu00058","L1_Linear_SVM"
0.595862804243811,0.595862804243811,"Otu00005","L1_Linear_SVM"
0.595485749947993,0.595485749947993,"Otu00109","L1_Linear_SVM"
0.590154982317454,0.590154982317454,"Otu00110","L1_Linear_SVM"
0.589634907426669,0.589634907426669,"Otu00264","L1_Linear_SVM"
0.589140836280424,0.589140836280424,"Otu00266","L1_Linear_SVM"
0.586033388807988,0.586033388807988,"Otu00367","L1_Linear_SVM"
0.772935302683586,0.772935302683586,"fit_result","L1_Linear_SVM"
0.607343457457874,0.607343457457874,"Otu00822","L1_Linear_SVM"
0.602636779696276,0.602636779696276,"Otu00058","L1_Linear_SVM"
0.601375598086124,0.601375598086124,"Otu00002","L1_Linear_SVM"
0.599802371541502,0.599802371541502,"Otu00004","L1_Linear_SVM"
0.59491366756813,0.59491366756813,"Otu00128","L1_Linear_SVM"
0.591715206989807,0.591715206989807,"Otu00361","L1_Linear_SVM"
0.583602038693572,0.583602038693572,"Otu00110","L1_Linear_SVM"
0.582405866444768,0.582405866444768,"Otu00108","L1_Linear_SVM"
0.578102246723528,0.578102246723528,"Otu00015","L1_Linear_SVM"
0.778305075930934,0.778305075930934,"fit_result","L1_Linear_SVM"
0.611530060328687,0.611530060328687,"Otu00058","L1_Linear_SVM"
0.593366444768047,0.593366444768047,"Otu00002","L1_Linear_SVM"
0.591858227584772,0.591858227584772,"Otu00110","L1_Linear_SVM"
0.591559184522571,0.591559184522571,"Otu00361","L1_Linear_SVM"
0.590519034741003,0.590519034741003,"Otu00367","L1_Linear_SVM"
0.586553463698773,0.586553463698773,"Otu00264","L1_Linear_SVM"
0.585123257749116,0.585123257749116,"Otu00109","L1_Linear_SVM"
0.582899937591013,0.582899937591013,"Otu00822","L1_Linear_SVM"
0.580273559392553,0.580273559392553,"Otu00044","L1_Linear_SVM"
0.77612076138964,0.77612076138964,"fit_result","L1_Linear_SVM"
0.623738818389848,0.623738818389848,"Otu00058","L1_Linear_SVM"
0.610190867484918,0.610190867484918,"Otu00002","L1_Linear_SVM"
0.605978260869565,0.605978260869565,"Otu00109","L1_Linear_SVM"
0.603598918244227,0.603598918244227,"Otu00128","L1_Linear_SVM"
0.602662783440815,0.602662783440815,"Otu00264","L1_Linear_SVM"
0.598281152485958,0.598281152485958,"Otu00085","L1_Linear_SVM"
0.590740066569586,0.590740066569586,"Otu00005","L1_Linear_SVM"
0.590219991678802,0.590219991678802,"Otu00822","L1_Linear_SVM"
0.589751924277096,0.589751924277096,"Otu00185","L1_Linear_SVM"
0.767448512585812,0.767448512585812,"fit_result","L1_Linear_SVM"
0.613194299979197,0.613194299979197,"Otu00002","L1_Linear_SVM"
0.595160703141252,0.595160703141252,"Otu00264","L1_Linear_SVM"
0.591026107759517,0.591026107759517,"Otu00058","L1_Linear_SVM"
0.589491886831704,0.589491886831704,"Otu00110","L1_Linear_SVM"
0.589361868109008,0.589361868109008,"Otu00822","L1_Linear_SVM"
0.584343145412939,0.584343145412939,"Otu00109","L1_Linear_SVM"
0.583602038693572,0.583602038693572,"Otu00367","L1_Linear_SVM"
0.583407010609528,0.583407010609528,"Otu00361","L1_Linear_SVM"
0.582535885167464,0.582535885167464,"Otu00495","L1_Linear_SVM"
0.767812565009361,0.767812565009361,"fit_result","L1_Linear_SVM"
0.599997399625546,0.599997399625546,"Otu00002","L1_Linear_SVM"
0.597722071978365,0.597722071978365,"Otu00021","L1_Linear_SVM"
0.596187851050551,0.596187851050551,"Otu00822","L1_Linear_SVM"
0.591143124609944,0.591143124609944,"Otu00110","L1_Linear_SVM"
0.589491886831704,0.589491886831704,"Otu00058","L1_Linear_SVM"
0.588828791345954,0.588828791345954,"Otu00044","L1_Linear_SVM"
0.583368004992719,0.583368004992719,"Otu00361","L1_Linear_SVM"
0.583250988142292,0.583250988142292,"Otu00033","L1_Linear_SVM"
0.582106823382567,0.582106823382567,"Otu00005","L1_Linear_SVM"
0.761272623257749,0.761272623257749,"fit_result","L1_Linear_SVM"
0.617042854171001,0.617042854171001,"Otu00002","L1_Linear_SVM"
0.606979405034325,0.606979405034325,"Otu00058","L1_Linear_SVM"
0.592716351154566,0.592716351154566,"Otu00109","L1_Linear_SVM"
0.592118265030164,0.592118265030164,"Otu00044","L1_Linear_SVM"
0.591845225712503,0.591845225712503,"Otu00015","L1_Linear_SVM"
0.590727064697316,0.590727064697316,"Otu00003","L1_Linear_SVM"
0.589023819429998,0.589023819429998,"Otu00014","L1_Linear_SVM"
0.586384439359268,0.586384439359268,"Otu00128","L1_Linear_SVM"
0.58565633451217,0.58565633451217,"Otu00361","L1_Linear_SVM"
0.784636987726233,0.784636987726233,"fit_result","L1_Linear_SVM"
0.58695652173913,0.58695652173913,"Otu00822","L1_Linear_SVM"
0.586124401913876,0.586124401913876,"Otu00005","L1_Linear_SVM"
0.585162263365925,0.585162263365925,"Otu00002","L1_Linear_SVM"
0.583159975036405,0.583159975036405,"Otu00014","L1_Linear_SVM"
0.582769918868317,0.582769918868317,"Otu00110","L1_Linear_SVM"
0.57836228416892,0.57836228416892,"Otu00058","L1_Linear_SVM"
0.57737414187643,0.57737414187643,"Otu00659","L1_Linear_SVM"
0.576412003328479,0.576412003328479,"Otu00367","L1_Linear_SVM"
0.575488870397337,0.575488870397337,"Otu00010","L1_Linear_SVM"
0.761831703765342,0.761831703765342,"fit_result","L1_Linear_SVM"
0.602207717911379,0.602207717911379,"Otu00002","L1_Linear_SVM"
0.597332015810277,0.597332015810277,"Otu00058","L1_Linear_SVM"
0.58331599750364,0.58331599750364,"Otu00128","L1_Linear_SVM"
0.582912939463283,0.582912939463283,"Otu00361","L1_Linear_SVM"
0.582795922612856,0.582795922612856,"Otu00021","L1_Linear_SVM"
0.579935510713543,0.579935510713543,"Otu00822","L1_Linear_SVM"
0.579467443311837,0.579467443311837,"Otu00005","L1_Linear_SVM"
0.578206261701685,0.578206261701685,"Otu00768","L1_Linear_SVM"
0.577491158726857,0.577491158726857,"Otu00367","L1_Linear_SVM"
0.772675265238194,0.772675265238194,"fit_result","L1_Linear_SVM"
0.608942687747036,0.608942687747036,"Otu00058","L1_Linear_SVM"
0.604340024963595,0.604340024963595,"Otu00002","L1_Linear_SVM"
0.58464218847514,0.58464218847514,"Otu00003","L1_Linear_SVM"
0.584083107967547,0.584083107967547,"Otu00005","L1_Linear_SVM"
0.583250988142292,0.583250988142292,"Otu00264","L1_Linear_SVM"
0.580767630538798,0.580767630538798,"Otu00109","L1_Linear_SVM"
0.577465154982317,0.577465154982317,"Otu00110","L1_Linear_SVM"
0.577413147493239,0.577413147493239,"Otu00822","L1_Linear_SVM"
0.577231121281464,0.577231121281464,"Otu00185","L1_Linear_SVM"
0.757164031620553,0.757164031620553,"fit_result","L1_Linear_SVM"
0.635752548366965,0.635752548366965,"Otu00002","L1_Linear_SVM"
0.615911691283545,0.615911691283545,"Otu00058","L1_Linear_SVM"
0.597071978364885,0.597071978364885,"Otu00128","L1_Linear_SVM"
0.594120553359684,0.594120553359684,"Otu00110","L1_Linear_SVM"
0.591507177033493,0.591507177033493,"Otu00361","L1_Linear_SVM"
0.590636051591429,0.590636051591429,"Otu00004","L1_Linear_SVM"
0.589088828791346,0.589088828791346,"Otu00021","L1_Linear_SVM"
0.587541605991263,0.587541605991263,"Otu00109","L1_Linear_SVM"
0.583446016226337,0.583446016226337,"Otu00005","L1_Linear_SVM"
0.764263053879759,0.764263053879759,"fit_result","L1_Linear_SVM"
0.619578219263574,0.619578219263574,"Otu00058","L1_Linear_SVM"
0.598944247971708,0.598944247971708,"Otu00822","L1_Linear_SVM"
0.594406594549615,0.594406594549615,"Otu00002","L1_Linear_SVM"
0.5922742874974,0.5922742874974,"Otu00155","L1_Linear_SVM"
0.592235281880591,0.592235281880591,"Otu00367","L1_Linear_SVM"
0.588256708966091,0.588256708966091,"Otu00109","L1_Linear_SVM"
0.586696484293738,0.586696484293738,"Otu00014","L1_Linear_SVM"
0.586020386935719,0.586020386935719,"Otu00128","L1_Linear_SVM"
0.58465519034741,0.58465519034741,"Otu00361","L1_Linear_SVM"
0.755135739546495,0.755135739546495,"fit_result","L1_Linear_SVM"
0.603364884543374,0.603364884543374,"Otu00058","L1_Linear_SVM"
0.595303723736218,0.595303723736218,"Otu00822","L1_Linear_SVM"
0.595069690035365,0.595069690035365,"Otu00002","L1_Linear_SVM"
0.593873517786561,0.593873517786561,"Otu00014","L1_Linear_SVM"
0.587593613480341,0.587593613480341,"Otu00361","L1_Linear_SVM"
0.586371437486998,0.586371437486998,"Otu00185","L1_Linear_SVM"
0.582444872061577,0.582444872061577,"Otu00044","L1_Linear_SVM"
0.581547742874974,0.581547742874974,"Otu00092","L1_Linear_SVM"
0.580052527563969,0.580052527563969,"Otu00659","L1_Linear_SVM"
0.765108175577283,0.765108175577283,"fit_result","L1_Linear_SVM"
0.608682650301643,0.608682650301643,"Otu00002","L1_Linear_SVM"
0.602428749739963,0.602428749739963,"Otu00822","L1_Linear_SVM"
0.59061004784689,0.59061004784689,"Otu00361","L1_Linear_SVM"
0.587996671520699,0.587996671520699,"Otu00367","L1_Linear_SVM"
0.587697628458498,0.587697628458498,"Otu00155","L1_Linear_SVM"
0.586527459954233,0.586527459954233,"Otu00058","L1_Linear_SVM"
0.586267422508841,0.586267422508841,"Otu00014","L1_Linear_SVM"
0.584382151029748,0.584382151029748,"Otu00128","L1_Linear_SVM"
0.582925941335552,0.582925941335552,"Otu00044","L1_Linear_SVM"
0.762975868525068,0.762975868525068,"fit_result","L1_Linear_SVM"
0.612895256916996,0.612895256916996,"Otu00002","L1_Linear_SVM"
0.601882671104639,0.601882671104639,"Otu00128","L1_Linear_SVM"
0.599997399625546,0.599997399625546,"Otu00005","L1_Linear_SVM"
0.599152277928022,0.599152277928022,"Otu00058","L1_Linear_SVM"
0.58995995423341,0.58995995423341,"Otu00367","L1_Linear_SVM"
0.589530892448513,0.589530892448513,"Otu00822","L1_Linear_SVM"
0.588659767006449,0.588659767006449,"Otu00014","L1_Linear_SVM"
0.586917516122322,0.586917516122322,"Otu00110","L1_Linear_SVM"
0.584850218431454,0.584850218431454,"Otu00264","L1_Linear_SVM"
0.785469107551487,0.785469107551487,"fit_result","L1_Linear_SVM"
0.611035989182442,0.611035989182442,"Otu00002","L1_Linear_SVM"
0.602402745995423,0.602402745995423,"Otu00361","L1_Linear_SVM"
0.593483461618473,0.593483461618473,"Otu00058","L1_Linear_SVM"
0.591962242562929,0.591962242562929,"Otu00822","L1_Linear_SVM"
0.590805075930934,0.590805075930934,"Otu00367","L1_Linear_SVM"
0.587775639692116,0.587775639692116,"Otu00185","L1_Linear_SVM"
0.581911795298523,0.581911795298523,"Otu00110","L1_Linear_SVM"
0.581157686706886,0.581157686706886,"Otu00004","L1_Linear_SVM"
0.579714478884959,0.579714478884959,"Otu00005","L1_Linear_SVM"
0.769138755980861,0.769138755980861,"fit_result","L1_Linear_SVM"
0.63524547534845,0.63524547534845,"Otu00002","L1_Linear_SVM"
0.602779800291242,0.602779800291242,"Otu00058","L1_Linear_SVM"
0.595966819221968,0.595966819221968,"Otu00005","L1_Linear_SVM"
0.592807364260454,0.592807364260454,"Otu00822","L1_Linear_SVM"
0.591663199500728,0.591663199500728,"Otu00024","L1_Linear_SVM"
0.585500312044934,0.585500312044934,"Otu00003","L1_Linear_SVM"
0.585201268982734,0.585201268982734,"Otu00128","L1_Linear_SVM"
0.584252132307052,0.584252132307052,"Otu00021","L1_Linear_SVM"
0.583719055543998,0.583719055543998,"Otu00659","L1_Linear_SVM"
0.783635843561473,0.783635843561473,"fit_result","L1_Linear_SVM"
0.613025275639692,0.613025275639692,"Otu00002","L1_Linear_SVM"
0.612726232577491,0.612726232577491,"Otu00058","L1_Linear_SVM"
0.596980965258997,0.596980965258997,"Otu00128","L1_Linear_SVM"
0.595875806116081,0.595875806116081,"Otu00264","L1_Linear_SVM"
0.588893800707302,0.588893800707302,"Otu00014","L1_Linear_SVM"
0.58863376326191,0.58863376326191,"Otu00361","L1_Linear_SVM"
0.587515602246724,0.587515602246724,"Otu00005","L1_Linear_SVM"
0.586891512377782,0.586891512377782,"Otu00110","L1_Linear_SVM"
0.586475452465155,0.586475452465155,"Otu00367","L1_Linear_SVM"
0.767045454545455,0.767045454545455,"fit_result","L1_Linear_SVM"
0.605952257125026,0.605952257125026,"Otu00058","L1_Linear_SVM"
0.602454753484502,0.602454753484502,"Otu00002","L1_Linear_SVM"
0.582366860827959,0.582366860827959,"Otu00109","L1_Linear_SVM"
0.581547742874974,0.581547742874974,"Otu00128","L1_Linear_SVM"
0.58070262117745,0.58070262117745,"Otu00822","L1_Linear_SVM"
0.579636467651342,0.579636467651342,"Otu00085","L1_Linear_SVM"
0.579467443311837,0.579467443311837,"Otu00010","L1_Linear_SVM"
0.578401289785729,0.578401289785729,"Otu00044","L1_Linear_SVM"
0.576893072602455,0.576893072602455,"Otu00033","L1_Linear_SVM"
0.760804555856043,0.760804555856043,"fit_result","L1_Linear_SVM"
0.61112700228833,0.61112700228833,"Otu00058","L1_Linear_SVM"
0.602597774079467,0.602597774079467,"Otu00128","L1_Linear_SVM"
0.599750364052424,0.599750364052424,"Otu00109","L1_Linear_SVM"
0.595849802371542,0.595849802371542,"Otu00121","L1_Linear_SVM"
0.594068545870605,0.594068545870605,"Otu00014","L1_Linear_SVM"
0.59391252340337,0.59391252340337,"Otu00002","L1_Linear_SVM"
0.589790929893905,0.589790929893905,"Otu00822","L1_Linear_SVM"
0.588360723944248,0.588360723944248,"Otu00017","L1_Linear_SVM"
0.587385583524027,0.587385583524027,"Otu00264","L1_Linear_SVM"
0.76059652589973,0.76059652589973,"fit_result","L1_Linear_SVM"
0.615898689411275,0.615898689411275,"Otu00058","L1_Linear_SVM"
0.607863532348658,0.607863532348658,"Otu00002","L1_Linear_SVM"
0.595979821094238,0.595979821094238,"Otu00264","L1_Linear_SVM"
0.594510609527772,0.594510609527772,"Otu00044","L1_Linear_SVM"
0.592677345537757,0.592677345537757,"Otu00128","L1_Linear_SVM"
0.584772207197837,0.584772207197837,"Otu00367","L1_Linear_SVM"
0.583940087372582,0.583940087372582,"Otu00110","L1_Linear_SVM"
0.583289993759101,0.583289993759101,"Otu00361","L1_Linear_SVM"
0.580481589348866,0.580481589348866,"Otu00003","L1_Linear_SVM"
0.777303931766174,0.777303931766174,"fit_result","L1_Linear_SVM"
0.607317453713335,0.607317453713335,"Otu00002","L1_Linear_SVM"
0.596733929685875,0.596733929685875,"Otu00058","L1_Linear_SVM"
0.594887663823591,0.594887663823591,"Otu00264","L1_Linear_SVM"
0.591299147077179,0.591299147077179,"Otu00128","L1_Linear_SVM"
0.585136259621385,0.585136259621385,"Otu00110","L1_Linear_SVM"
0.583315997503641,0.583315997503641,"Otu00367","L1_Linear_SVM"
0.581170688579155,0.581170688579155,"Otu00361","L1_Linear_SVM"
0.580338568753901,0.580338568753901,"Otu00014","L1_Linear_SVM"
0.575904930309965,0.575904930309965,"Otu00044","L1_Linear_SVM"
0.786639276055752,0.786639276055752,"fit_result","L1_Linear_SVM"
0.605133139172041,0.605133139172041,"Otu00058","L1_Linear_SVM"
0.601245579363428,0.601245579363428,"Otu00002","L1_Linear_SVM"
0.599893384647389,0.599893384647389,"Otu00092","L1_Linear_SVM"
0.592313293114208,0.592313293114208,"Otu00822","L1_Linear_SVM"
0.586722488038278,0.586722488038278,"Otu00108","L1_Linear_SVM"
0.585916371957562,0.585916371957562,"Otu00109","L1_Linear_SVM"
0.585383295194508,0.585383295194508,"Otu00014","L1_Linear_SVM"
0.585149261493655,0.585149261493655,"Otu00044","L1_Linear_SVM"
0.58397909298939,0.58397909298939,"Otu00361","L1_Linear_SVM"
0.773416371957562,0.773416371957562,"fit_result","L1_Linear_SVM"
0.604522051175369,0.604522051175369,"Otu00002","L1_Linear_SVM"
0.5909480965259,0.5909480965259,"Otu00367","L1_Linear_SVM"
0.588113688371125,0.588113688371125,"Otu00361","L1_Linear_SVM"
0.587372581651758,0.587372581651758,"Otu00005","L1_Linear_SVM"
0.579623465779072,0.579623465779072,"Otu00231","L1_Linear_SVM"
0.578999375910131,0.578999375910131,"Otu00058","L1_Linear_SVM"
0.578349282296651,0.578349282296651,"Otu00021","L1_Linear_SVM"
0.575904930309965,0.575904930309965,"Otu00822","L1_Linear_SVM"
0.575514874141876,0.575514874141876,"Otu00659","L1_Linear_SVM"
0.764198044518411,0.764198044518411,"fit_result","L1_Linear_SVM"
0.625273039317662,0.625273039317662,"Otu00002","L1_Linear_SVM"
0.597345017682546,0.597345017682546,"Otu00058","L1_Linear_SVM"
0.593808508425213,0.593808508425213,"Otu00109","L1_Linear_SVM"
0.590089972956106,0.590089972956106,"Otu00128","L1_Linear_SVM"
0.589374869981277,0.589374869981277,"Otu00361","L1_Linear_SVM"
0.58862076138964,0.58862076138964,"Otu00121","L1_Linear_SVM"
0.587476596629915,0.587476596629915,"Otu00822","L1_Linear_SVM"
0.587359579779488,0.587359579779488,"Otu00003","L1_Linear_SVM"
0.58400509673393,0.58400509673393,"Otu00659","L1_Linear_SVM"
0.782946744331184,0.782946744331184,"fit_result","L1_Linear_SVM"
0.617419908466819,0.617419908466819,"Otu00002","L1_Linear_SVM"
0.601050551279384,0.601050551279384,"Otu00058","L1_Linear_SVM"
0.595459746203453,0.595459746203453,"Otu00128","L1_Linear_SVM"
0.594302579571458,0.594302579571458,"Otu00024","L1_Linear_SVM"
0.590480029124194,0.590480029124194,"Otu00005","L1_Linear_SVM"
0.590376014146037,0.590376014146037,"Otu00367","L1_Linear_SVM"
0.589517890576243,0.589517890576243,"Otu00014","L1_Linear_SVM"
0.589465883087165,0.589465883087165,"Otu00264","L1_Linear_SVM"
0.588022675265238,0.588022675265238,"Otu00822","L1_Linear_SVM"
0.774014458081964,0.774014458081964,"fit_result","L1_Linear_SVM"
0.611790097774079,0.611790097774079,"Otu00058","L1_Linear_SVM"
0.606901393800707,0.606901393800707,"Otu00002","L1_Linear_SVM"
0.593028396089037,0.593028396089037,"Otu00110","L1_Linear_SVM"
0.587580611608072,0.587580611608072,"Otu00128","L1_Linear_SVM"
0.587242562929062,0.587242562929062,"Otu00109","L1_Linear_SVM"
0.58530528396089,0.58530528396089,"Otu00822","L1_Linear_SVM"
0.583211982525484,0.583211982525484,"Otu00367","L1_Linear_SVM"
0.582899937591013,0.582899937591013,"Otu00108","L1_Linear_SVM"
0.581898793426253,0.581898793426253,"Otu00361","L1_Linear_SVM"
0.762039733721656,0.762039733721656,"fit_result","L1_Linear_SVM"
0.588555752028292,0.588555752028292,"Otu00361","L1_Linear_SVM"
0.587411587268567,0.587411587268567,"Otu00128","L1_Linear_SVM"
0.586501456209694,0.586501456209694,"Otu00155","L1_Linear_SVM"
0.585591325150822,0.585591325150822,"Otu00110","L1_Linear_SVM"
0.583159975036405,0.583159975036405,"Otu00264","L1_Linear_SVM"
0.583042958185979,0.583042958185979,"Otu00004","L1_Linear_SVM"
0.582951945080092,0.582951945080092,"Otu00822","L1_Linear_SVM"
0.582106823382567,0.582106823382567,"Otu00058","L1_Linear_SVM"
0.578492302891616,0.578492302891616,"Otu00495","L1_Linear_SVM"
0.779332223840233,0.779332223840233,"fit_result","L1_Linear_SVM"
0.635791553983774,0.635791553983774,"Otu00002","L1_Linear_SVM"
0.602597774079467,0.602597774079467,"Otu00005","L1_Linear_SVM"
0.597852090701061,0.597852090701061,"Otu00058","L1_Linear_SVM"
0.593756500936135,0.593756500936135,"Otu00367","L1_Linear_SVM"
0.591078115248596,0.591078115248596,"Otu00185","L1_Linear_SVM"
0.5856433326399,0.5856433326399,"Otu00024","L1_Linear_SVM"
0.585513313917204,0.585513313917204,"Otu00822","L1_Linear_SVM"
0.585032244643229,0.585032244643229,"Otu00021","L1_Linear_SVM"
0.580377574370709,0.580377574370709,"Otu00128","L1_Linear_SVM"
0.79065685458706,0.79065685458706,"fit_result","L1_Linear_SVM"
0.605562200956938,0.605562200956938,"Otu00002","L1_Linear_SVM"
0.596941959642188,0.596941959642188,"Otu00058","L1_Linear_SVM"
0.592976388599958,0.592976388599958,"Otu00110","L1_Linear_SVM"
0.591494175161223,0.591494175161223,"Otu00018","L1_Linear_SVM"
0.590102974828375,0.590102974828375,"Otu00367","L1_Linear_SVM"
0.587190555439983,0.587190555439983,"Otu00822","L1_Linear_SVM"
0.584798210942376,0.584798210942376,"Otu00361","L1_Linear_SVM"
0.583589036821302,0.583589036821302,"Otu00128","L1_Linear_SVM"
0.581716767214479,0.581716767214479,"Otu00140","L1_Linear_SVM"
0.784936030788434,0.784936030788434,"fit_result","L1_Linear_SVM"
0.624037861452049,0.624037861452049,"Otu00002","L1_Linear_SVM"
0.598723216143125,0.598723216143125,"Otu00014","L1_Linear_SVM"
0.598307156230497,0.598307156230497,"Otu00128","L1_Linear_SVM"
0.595472748075723,0.595472748075723,"Otu00024","L1_Linear_SVM"
0.595316725608488,0.595316725608488,"Otu00058","L1_Linear_SVM"
0.592014250052007,0.592014250052007,"Otu00021","L1_Linear_SVM"
0.591728208862076,0.591728208862076,"Otu00367","L1_Linear_SVM"
0.588737778240067,0.588737778240067,"Otu00005","L1_Linear_SVM"
0.588581755772831,0.588581755772831,"Otu00264","L1_Linear_SVM"
0.769125754108592,0.769125754108592,"fit_result","L1_Linear_SVM"
0.620176305387976,0.620176305387976,"Otu00002","L1_Linear_SVM"
0.598021115040566,0.598021115040566,"Otu00822","L1_Linear_SVM"
0.588672768878719,0.588672768878719,"Otu00018","L1_Linear_SVM"
0.585552319534013,0.585552319534013,"Otu00005","L1_Linear_SVM"
0.585448304555856,0.585448304555856,"Otu00367","L1_Linear_SVM"
0.585097254004577,0.585097254004577,"Otu00058","L1_Linear_SVM"
0.581508737258165,0.581508737258165,"Otu00264","L1_Linear_SVM"
0.581313709174121,0.581313709174121,"Otu00231","L1_Linear_SVM"
0.580286561264822,0.580286561264822,"Otu00021","L1_Linear_SVM"
0.776250780112336,0.776250780112336,"fit_result","L1_Linear_SVM"
0.606381318909923,0.606381318909923,"Otu00058","L1_Linear_SVM"
0.595771791137924,0.595771791137924,"Otu00002","L1_Linear_SVM"
0.59062304971916,0.59062304971916,"Otu00361","L1_Linear_SVM"
0.589894944872062,0.589894944872062,"Otu00033","L1_Linear_SVM"
0.588854795090493,0.588854795090493,"Otu00108","L1_Linear_SVM"
0.587164551695444,0.587164551695444,"Otu00109","L1_Linear_SVM"
0.586787497399626,0.586787497399626,"Otu00010","L1_Linear_SVM"
0.585942375702101,0.585942375702101,"Otu00014","L1_Linear_SVM"
0.583485021843145,0.583485021843145,"Otu00155","L1_Linear_SVM"
0.789720719783649,0.789720719783649,"fit_result","L1_Linear_SVM"
0.60349490326607,0.60349490326607,"Otu00002","L1_Linear_SVM"
0.600569482005409,0.600569482005409,"Otu00058","L1_Linear_SVM"
0.593717495319326,0.593717495319326,"Otu00128","L1_Linear_SVM"
0.593041397961306,0.593041397961306,"Otu00033","L1_Linear_SVM"
0.592807364260454,0.592807364260454,"Otu00822","L1_Linear_SVM"
0.591091117120865,0.591091117120865,"Otu00367","L1_Linear_SVM"
0.590350010401498,0.590350010401498,"Otu00110","L1_Linear_SVM"
0.585240274599542,0.585240274599542,"Otu00361","L1_Linear_SVM"
0.583602038693572,0.583602038693572,"Otu00108","L1_Linear_SVM"
0.765030164343665,0.765030164343665,"fit_result","L1_Linear_SVM"
0.602701789057624,0.602701789057624,"Otu00002","L1_Linear_SVM"
0.600023403370085,0.600023403370085,"Otu00822","L1_Linear_SVM"
0.593210422300811,0.593210422300811,"Otu00004","L1_Linear_SVM"
0.591676201372998,0.591676201372998,"Otu00367","L1_Linear_SVM"
0.590688059080508,0.590688059080508,"Otu00128","L1_Linear_SVM"
0.589543894320782,0.589543894320782,"Otu00361","L1_Linear_SVM"
0.587515602246724,0.587515602246724,"Otu00058","L1_Linear_SVM"
0.585773351362596,0.585773351362596,"Otu00108","L1_Linear_SVM"
0.583433014354067,0.583433014354067,"Otu00018","L1_Linear_SVM"
0.777225920532557,0.777225920532557,"fit_result","L1_Linear_SVM"
0.618577075098814,0.618577075098814,"Otu00002","L1_Linear_SVM"
0.609345745787393,0.609345745787393,"Otu00128","L1_Linear_SVM"
0.600608487622218,0.600608487622218,"Otu00109","L1_Linear_SVM"
0.59457561888912,0.59457561888912,"Otu00822","L1_Linear_SVM"
0.594445600166424,0.594445600166424,"Otu00017","L1_Linear_SVM"
0.593795506552944,0.593795506552944,"Otu00092","L1_Linear_SVM"
0.59193623881839,0.59193623881839,"Otu00058","L1_Linear_SVM"
0.590844081547743,0.590844081547743,"Otu00014","L1_Linear_SVM"
0.590454025379655,0.590454025379655,"Otu00231","L1_Linear_SVM"
0.770087892656543,0.770087892656543,"fit_result","L1_Linear_SVM"
0.59358747659663,0.59358747659663,"Otu00058","L1_Linear_SVM"
0.590141980445184,0.590141980445184,"Otu00822","L1_Linear_SVM"
0.585032244643229,0.585032244643229,"Otu00002","L1_Linear_SVM"
0.579545454545455,0.579545454545455,"Otu00109","L1_Linear_SVM"
0.578778344081548,0.578778344081548,"Otu00361","L1_Linear_SVM"
0.576685042646141,0.576685042646141,"Otu00659","L1_Linear_SVM"
0.575228832951945,0.575228832951945,"Otu00108","L1_Linear_SVM"
0.573837632619097,0.573837632619097,"Otu00110","L1_Linear_SVM"
0.573499583940087,0.573499583940087,"Otu00004","L1_Linear_SVM"
0.761376638235906,0.761376638235906,"fit_result","L1_Linear_SVM"
0.614117432910339,0.614117432910339,"Otu00002","L1_Linear_SVM"
0.609202725192428,0.609202725192428,"Otu00058","L1_Linear_SVM"
0.597644060744747,0.597644060744747,"Otu00128","L1_Linear_SVM"
0.589764926149365,0.589764926149365,"Otu00367","L1_Linear_SVM"
0.5896219055544,0.5896219055544,"Otu00361","L1_Linear_SVM"
0.585214270855003,0.585214270855003,"Otu00109","L1_Linear_SVM"
0.583940087372582,0.583940087372582,"Otu00185","L1_Linear_SVM"
0.583420012481797,0.583420012481797,"Otu00110","L1_Linear_SVM"
0.579740482629499,0.579740482629499,"Otu00659","L1_Linear_SVM"
0.765329207405866,0.765329207405866,"fit_result","L1_Linear_SVM"
0.621073434574579,0.621073434574579,"Otu00002","L1_Linear_SVM"
0.598138131890992,0.598138131890992,"Otu00005","L1_Linear_SVM"
0.595004680674017,0.595004680674017,"Otu00058","L1_Linear_SVM"
0.588919804451841,0.588919804451841,"Otu00822","L1_Linear_SVM"
0.587242562929062,0.587242562929062,"Otu00014","L1_Linear_SVM"
0.584863220303724,0.584863220303724,"Otu00659","L1_Linear_SVM"
0.584161119201165,0.584161119201165,"Otu00264","L1_Linear_SVM"
0.581222696068234,0.581222696068234,"Otu00024","L1_Linear_SVM"
0.577270126898273,0.577270126898273,"Otu00361","L1_Linear_SVM"
0.767344497607656,0.767344497607656,"fit_result","L1_Linear_SVM"
0.630772831287705,0.630772831287705,"Otu00002","L1_Linear_SVM"
0.60284480965259,0.60284480965259,"Otu00005","L1_Linear_SVM"
0.601167568129811,0.601167568129811,"Otu00058","L1_Linear_SVM"
0.598983253588517,0.598983253588517,"Otu00024","L1_Linear_SVM"
0.5952257125026,0.5952257125026,"Otu00361","L1_Linear_SVM"
0.594393592677345,0.594393592677345,"Otu00014","L1_Linear_SVM"
0.592469315581444,0.592469315581444,"Otu00155","L1_Linear_SVM"
0.59158518826711,0.59158518826711,"Otu00128","L1_Linear_SVM"
0.591039109631787,0.591039109631787,"Otu00003","L1_Linear_SVM"
0.773078323278552,0.773078323278552,"fit_result","L1_Linear_SVM"
0.604730081131683,0.604730081131683,"Otu00002","L1_Linear_SVM"
0.592872373621802,0.592872373621802,"Otu00004","L1_Linear_SVM"
0.591481173288954,0.591481173288954,"Otu00058","L1_Linear_SVM"
0.590011961722488,0.590011961722488,"Otu00264","L1_Linear_SVM"
0.587918660287081,0.587918660287081,"Otu00822","L1_Linear_SVM"
0.587723632203037,0.587723632203037,"Otu00108","L1_Linear_SVM"
0.585669336384439,0.585669336384439,"Otu00361","L1_Linear_SVM"
0.581898793426253,0.581898793426253,"Otu00110","L1_Linear_SVM"
0.580208550031205,0.580208550031205,"Otu00003","L1_Linear_SVM"
0.767045454545455,0.767045454545455,"fit_result","L1_Linear_SVM"
0.611283024755565,0.611283024755565,"Otu00002","L1_Linear_SVM"
0.600998543790306,0.600998543790306,"Otu00058","L1_Linear_SVM"
0.587567609735802,0.587567609735802,"Otu00822","L1_Linear_SVM"
0.586553463698773,0.586553463698773,"Otu00361","L1_Linear_SVM"
0.582262845849802,0.582262845849802,"Otu00110","L1_Linear_SVM"
0.580247555648013,0.580247555648013,"Otu00005","L1_Linear_SVM"
0.575618889120033,0.575618889120033,"Otu00768","L1_Linear_SVM"
0.57472175993343,0.57472175993343,"Otu00004","L1_Linear_SVM"
0.572537445392136,0.572537445392136,"Otu00231","L1_Linear_SVM"
0.757125026003745,0.757125026003745,"fit_result","L1_Linear_SVM"
0.599503328479301,0.599503328479301,"Otu00002","L1_Linear_SVM"
0.598073122529644,0.598073122529644,"Otu00058","L1_Linear_SVM"
0.591442167672145,0.591442167672145,"Otu00659","L1_Linear_SVM"
0.589244851258581,0.589244851258581,"Otu00109","L1_Linear_SVM"
0.583836072394425,0.583836072394425,"Otu00367","L1_Linear_SVM"
0.583810068649886,0.583810068649886,"Otu00264","L1_Linear_SVM"
0.582561888912003,0.582561888912003,"Otu00128","L1_Linear_SVM"
0.581287705429582,0.581287705429582,"Otu00018","L1_Linear_SVM"
0.578843353442896,0.578843353442896,"Otu00361","L1_Linear_SVM"
0.787068337840649,0.787068337840649,"fit_result","L1_Linear_SVM"
0.614858539629707,0.614858539629707,"Otu00002","L1_Linear_SVM"
0.606212294570418,0.606212294570418,"Otu00264","L1_Linear_SVM"
0.600634491366757,0.600634491366757,"Otu00058","L1_Linear_SVM"
0.593860515914292,0.593860515914292,"Otu00361","L1_Linear_SVM"
0.593548470979821,0.593548470979821,"Otu00044","L1_Linear_SVM"
0.592807364260453,0.592807364260453,"Otu00110","L1_Linear_SVM"
0.59128614520491,0.59128614520491,"Otu00109","L1_Linear_SVM"
0.588490742666944,0.588490742666944,"Otu00822","L1_Linear_SVM"
0.587411587268567,0.587411587268567,"Otu00092","L1_Linear_SVM"
0.775886727688787,0.775886727688787,"fit_result","L1_Linear_SVM"
0.597201997087581,0.597201997087581,"Otu00822","L1_Linear_SVM"
0.591858227584772,0.591858227584772,"Otu00110","L1_Linear_SVM"
0.589335864364468,0.589335864364468,"Otu00002","L1_Linear_SVM"
0.588659767006449,0.588659767006449,"Otu00058","L1_Linear_SVM"
0.586527459954233,0.586527459954233,"Otu00264","L1_Linear_SVM"
0.582418868317038,0.582418868317038,"Otu00109","L1_Linear_SVM"
0.581846785937175,0.581846785937175,"Otu00155","L1_Linear_SVM"
0.581118681090077,0.581118681090077,"Otu00108","L1_Linear_SVM"
0.579467443311837,0.579467443311837,"Otu00004","L1_Linear_SVM"
0.759426357395465,0.759426357395465,"fit_result","L1_Linear_SVM"
0.613038277511962,0.613038277511962,"Otu00002","L1_Linear_SVM"
0.593691491574787,0.593691491574787,"Otu00058","L1_Linear_SVM"
0.590831079675473,0.590831079675473,"Otu00367","L1_Linear_SVM"
0.584733201581028,0.584733201581028,"Otu00361","L1_Linear_SVM"
0.584031100478469,0.584031100478469,"Otu00018","L1_Linear_SVM"
0.583159975036405,0.583159975036405,"Otu00822","L1_Linear_SVM"
0.582145828999376,0.582145828999376,"Otu00110","L1_Linear_SVM"
0.578401289785729,0.578401289785729,"Otu00659","L1_Linear_SVM"
0.578245267318494,0.578245267318494,"Otu00128","L1_Linear_SVM"
0.751261181610152,0.751261181610152,"fit_result","L1_Linear_SVM"
0.627223320158103,0.627223320158103,"Otu00058","L1_Linear_SVM"
0.607525483669648,0.607525483669648,"Otu00002","L1_Linear_SVM"
0.604548054919908,0.604548054919908,"Otu00264","L1_Linear_SVM"
0.59259933430414,0.59259933430414,"Otu00128","L1_Linear_SVM"
0.584967235281881,0.584967235281881,"Otu00110","L1_Linear_SVM"
0.582301851466611,0.582301851466611,"Otu00822","L1_Linear_SVM"
0.581547742874974,0.581547742874974,"Otu00044","L1_Linear_SVM"
0.581391720407739,0.581391720407739,"Otu00495","L1_Linear_SVM"
0.579948512585812,0.579948512585812,"Otu00014","L1_Linear_SVM"
0.763313917204077,0.763313917204077,"fit_result","L1_Linear_SVM"
0.609735801955482,0.609735801955482,"Otu00002","L1_Linear_SVM"
0.599022259205326,0.599022259205326,"Otu00058","L1_Linear_SVM"
0.588516746411483,0.588516746411483,"Otu00822","L1_Linear_SVM"
0.588464738922405,0.588464738922405,"Otu00128","L1_Linear_SVM"
0.587892656542542,0.587892656542542,"Otu00110","L1_Linear_SVM"
0.587164551695444,0.587164551695444,"Otu00367","L1_Linear_SVM"
0.586046390680258,0.586046390680258,"Otu00264","L1_Linear_SVM"
0.5843171416684,0.5843171416684,"Otu00155","L1_Linear_SVM"
0.578661327231121,0.578661327231121,"Otu00014","L1_Linear_SVM"
0.780658414811733,0.780658414811733,"fit_result","L1_Linear_SVM"
0.605185146661119,0.605185146661119,"Otu00058","L1_Linear_SVM"
0.600556480133139,0.600556480133139,"Otu00002","L1_Linear_SVM"
0.593470459746203,0.593470459746203,"Otu00822","L1_Linear_SVM"
0.588984813813189,0.588984813813189,"Otu00109","L1_Linear_SVM"
0.587788641564385,0.587788641564385,"Otu00185","L1_Linear_SVM"
0.582795922612856,0.582795922612856,"Otu00003","L1_Linear_SVM"
0.582223840232994,0.582223840232994,"Otu00014","L1_Linear_SVM"
0.581963802787601,0.581963802787601,"Otu00010","L1_Linear_SVM"
0.578583315997504,0.578583315997504,"Otu00021","L1_Linear_SVM"
0.759452361140004,0.759452361140004,"fit_result","L1_Linear_SVM"
0.606459330143541,0.606459330143541,"Otu00128","L1_Linear_SVM"
0.606277303931766,0.606277303931766,"Otu00058","L1_Linear_SVM"
0.601791657998752,0.601791657998752,"Otu00822","L1_Linear_SVM"
0.588464738922405,0.588464738922405,"Otu00002","L1_Linear_SVM"
0.587242562929062,0.587242562929062,"Otu00014","L1_Linear_SVM"
0.583849074266694,0.583849074266694,"Otu00361","L1_Linear_SVM"
0.582899937591013,0.582899937591013,"Otu00178","L1_Linear_SVM"
0.581079675473268,0.581079675473268,"Otu00495","L1_Linear_SVM"
0.579103390888288,0.579103390888288,"Otu00426","L1_Linear_SVM"
0.763612960266278,0.763612960266278,"fit_result","L1_Linear_SVM"
0.611140004160599,0.611140004160599,"Otu00058","L1_Linear_SVM"
0.60250676097358,0.60250676097358,"Otu00005","L1_Linear_SVM"
0.601089556896193,0.601089556896193,"Otu00155","L1_Linear_SVM"
0.596460890368213,0.596460890368213,"Otu00109","L1_Linear_SVM"
0.591676201372998,0.591676201372998,"Otu00002","L1_Linear_SVM"
0.589725920532557,0.589725920532557,"Otu00003","L1_Linear_SVM"
0.588893800707302,0.588893800707302,"Otu00110","L1_Linear_SVM"
0.585591325150822,0.585591325150822,"Otu00367","L1_Linear_SVM"
0.585240274599542,0.585240274599542,"Otu00822","L1_Linear_SVM"
0.760557520282921,0.760557520282921,"fit_result","L1_Linear_SVM"
0.599646349074267,0.599646349074267,"Otu00058","L1_Linear_SVM"
0.594172560848762,0.594172560848762,"Otu00002","L1_Linear_SVM"
0.593964530892448,0.593964530892448,"Otu00822","L1_Linear_SVM"
0.576164967755357,0.576164967755357,"Otu00367","L1_Linear_SVM"
0.5760609527772,0.5760609527772,"Otu00155","L1_Linear_SVM"
0.575280840441023,0.575280840441023,"Otu00264","L1_Linear_SVM"
0.573447576451009,0.573447576451009,"Otu00109","L1_Linear_SVM"
0.573135531516538,0.573135531516538,"Otu00768","L1_Linear_SVM"
0.572706469731641,0.572706469731641,"Otu00246","L1_Linear_SVM"
0.789837736634075,0.789837736634075,"fit_result","L1_Linear_SVM"
0.597995111296027,0.597995111296027,"Otu00110","L1_Linear_SVM"
0.592534324942792,0.592534324942792,"Otu00002","L1_Linear_SVM"
0.589998959850218,0.589998959850218,"Otu00367","L1_Linear_SVM"
0.58830871645517,0.58830871645517,"Otu00411","L1_Linear_SVM"
0.587931662159351,0.587931662159351,"Otu00128","L1_Linear_SVM"
0.587658622841689,0.587658622841689,"Otu00822","L1_Linear_SVM"
0.585877366340753,0.585877366340753,"Otu00361","L1_Linear_SVM"
0.585539317661743,0.585539317661743,"Otu00005","L1_Linear_SVM"
0.58533128770543,0.58533128770543,"Otu00058","L1_Linear_SVM"
0.776887871853547,0.776887871853547,"fit_result","L1_Linear_SVM"
0.600972540045767,0.600972540045767,"Otu00058","L1_Linear_SVM"
0.594341585188267,0.594341585188267,"Otu00822","L1_Linear_SVM"
0.590792074058664,0.590792074058664,"Otu00128","L1_Linear_SVM"
0.590011961722488,0.590011961722488,"Otu00002","L1_Linear_SVM"
0.58960890368213,0.58960890368213,"Otu00018","L1_Linear_SVM"
0.589023819429998,0.589023819429998,"Otu00109","L1_Linear_SVM"
0.58862076138964,0.58862076138964,"Otu00121","L1_Linear_SVM"
0.588100686498856,0.588100686498856,"Otu00659","L1_Linear_SVM"
0.586124401913876,0.586124401913876,"Otu00110","L1_Linear_SVM"
0.800798314957354,0.800798314957354,"fit_result","L1_Linear_SVM"
0.595706781776576,0.595706781776576,"Otu00367","L1_Linear_SVM"
0.589140836280424,0.589140836280424,"Otu00002","L1_Linear_SVM"
0.585019242770959,0.585019242770959,"Otu00361","L1_Linear_SVM"
0.584629186602871,0.584629186602871,"Otu00018","L1_Linear_SVM"
0.578154254212607,0.578154254212607,"Otu00822","L1_Linear_SVM"
0.575878926565425,0.575878926565425,"Otu00058","L1_Linear_SVM"
0.573967651341793,0.573967651341793,"Otu00004","L1_Linear_SVM"
0.572654462242563,0.572654462242563,"Otu00110","L1_Linear_SVM"
0.572225400457666,0.572225400457666,"Otu00185","L1_Linear_SVM"
0.774365508633243,0.774365508633243,"fit_result","L1_Linear_SVM"
0.599503328479301,0.599503328479301,"Otu00002","L1_Linear_SVM"
0.585370293322238,0.585370293322238,"Otu00822","L1_Linear_SVM"
0.577556168088205,0.577556168088205,"Otu00005","L1_Linear_SVM"
0.576971083836072,0.576971083836072,"Otu00058","L1_Linear_SVM"
0.575514874141876,0.575514874141876,"Otu00361","L1_Linear_SVM"
0.574838776783857,0.574838776783857,"Otu00109","L1_Linear_SVM"
0.574539733721656,0.574539733721656,"Otu00185","L1_Linear_SVM"
0.573057520282921,0.573057520282921,"Otu00017","L1_Linear_SVM"
0.571939359267735,0.571939359267735,"Otu00014","L1_Linear_SVM"
0.784741002704389,0.784741002704389,"fit_result","L1_Linear_SVM"
0.598320158102767,0.598320158102767,"Otu00058","L1_Linear_SVM"
0.592014250052007,0.592014250052007,"Otu00822","L1_Linear_SVM"
0.591208133971292,0.591208133971292,"Otu00128","L1_Linear_SVM"
0.589712918660287,0.589712918660287,"Otu00185","L1_Linear_SVM"
0.588776783856875,0.588776783856875,"Otu00659","L1_Linear_SVM"
0.585032244643229,0.585032244643229,"Otu00264","L1_Linear_SVM"
0.581729769086748,0.581729769086748,"Otu00361","L1_Linear_SVM"
0.578258269190764,0.578258269190764,"Otu00044","L1_Linear_SVM"
0.577361140004161,0.577361140004161,"Otu00367","L1_Linear_SVM"
0.769307780320366,0.769307780320366,"fit_result","L1_Linear_SVM"
0.619331183690451,0.619331183690451,"Otu00058","L1_Linear_SVM"
0.601778656126482,0.601778656126482,"Otu00264","L1_Linear_SVM"
0.600374453921365,0.600374453921365,"Otu00002","L1_Linear_SVM"
0.597162991470772,0.597162991470772,"Otu00128","L1_Linear_SVM"
0.596044830455586,0.596044830455586,"Otu00110","L1_Linear_SVM"
0.589894944872062,0.589894944872062,"Otu00109","L1_Linear_SVM"
0.585864364468483,0.585864364468483,"Otu00361","L1_Linear_SVM"
0.585695340128979,0.585695340128979,"Otu00021","L1_Linear_SVM"
0.585292282088621,0.585292282088621,"Otu00092","L1_Linear_SVM"
0.766642396505097,0.766642396505097,"fit_result","L1_Linear_SVM"
0.614676513417932,0.614676513417932,"Otu00002","L1_Linear_SVM"
0.611686082795923,0.611686082795923,"Otu00058","L1_Linear_SVM"
0.598385167464115,0.598385167464115,"Otu00128","L1_Linear_SVM"
0.596837944664032,0.596837944664032,"Otu00109","L1_Linear_SVM"
0.588776783856875,0.588776783856875,"Otu00361","L1_Linear_SVM"
0.584538173496984,0.584538173496984,"Otu00044","L1_Linear_SVM"
0.581274703557312,0.581274703557312,"Otu00010","L1_Linear_SVM"
0.580832639900146,0.580832639900146,"Otu00264","L1_Linear_SVM"
0.579207405866445,0.579207405866445,"Otu00085","L1_Linear_SVM"
0.765355211150406,0.765355211150406,"fit_result","L1_Linear_SVM"
0.625104014978157,0.625104014978157,"Otu00058","L1_Linear_SVM"
0.615040565841481,0.615040565841481,"Otu00002","L1_Linear_SVM"
0.602415747867693,0.602415747867693,"Otu00014","L1_Linear_SVM"
0.598138131890992,0.598138131890992,"Otu00108","L1_Linear_SVM"
0.596668920324527,0.596668920324527,"Otu00822","L1_Linear_SVM"
0.595550759309341,0.595550759309341,"Otu00264","L1_Linear_SVM"
0.595446744331184,0.595446744331184,"Otu00109","L1_Linear_SVM"
0.593639484085708,0.593639484085708,"Otu00021","L1_Linear_SVM"
0.587944664031621,0.587944664031621,"Otu00367","L1_Linear_SVM"
0.772792282088621,0.772792282088621,"fit_result","L1_Linear_SVM"
0.632008009153318,0.632008009153318,"Otu00002","L1_Linear_SVM"
0.601570626170169,0.601570626170169,"Otu00058","L1_Linear_SVM"
0.60119357187435,0.60119357187435,"Otu00367","L1_Linear_SVM"
0.592222280008321,0.592222280008321,"Otu00014","L1_Linear_SVM"
0.589829935510713,0.589829935510713,"Otu00021","L1_Linear_SVM"
0.589452881214895,0.589452881214895,"Otu00361","L1_Linear_SVM"
0.58929685874766,0.58929685874766,"Otu00110","L1_Linear_SVM"
0.587489598502184,0.587489598502184,"Otu00264","L1_Linear_SVM"
0.586228416892032,0.586228416892032,"Otu00128","L1_Linear_SVM"
0.768540669856459,0.768540669856459,"fit_result","L1_Linear_SVM"
0.602220719783649,0.602220719783649,"Otu00058","L1_Linear_SVM"
0.594952673184939,0.594952673184939,"Otu00110","L1_Linear_SVM"
0.590128978572914,0.590128978572914,"Otu00092","L1_Linear_SVM"
0.589153838152694,0.589153838152694,"Otu00822","L1_Linear_SVM"
0.588061680882047,0.588061680882047,"Otu00002","L1_Linear_SVM"
0.587437591013106,0.587437591013106,"Otu00361","L1_Linear_SVM"
0.583615040565841,0.583615040565841,"Otu00367","L1_Linear_SVM"
0.58169076346994,0.58169076346994,"Otu00121","L1_Linear_SVM"
0.574799771167048,0.574799771167048,"Otu00109","L1_Linear_SVM"
0.790461826503016,0.790461826503016,"fit_result","L1_Linear_SVM"
0.616275743707094,0.616275743707094,"Otu00002","L1_Linear_SVM"
0.596707925941336,0.596707925941336,"Otu00058","L1_Linear_SVM"
0.587723632203037,0.587723632203037,"Otu00361","L1_Linear_SVM"
0.586462450592885,0.586462450592885,"Otu00822","L1_Linear_SVM"
0.584070106095278,0.584070106095278,"Otu00367","L1_Linear_SVM"
0.582587892656543,0.582587892656543,"Otu00024","L1_Linear_SVM"
0.582535885167464,0.582535885167464,"Otu00110","L1_Linear_SVM"
0.581937799043062,0.581937799043062,"Otu00021","L1_Linear_SVM"
0.58169076346994,0.58169076346994,"Otu00185","L1_Linear_SVM"
0.774560536717287,0.774560536717287,"fit_result","L1_Linear_SVM"
0.59688995215311,0.59688995215311,"Otu00002","L1_Linear_SVM"
0.593431454129395,0.593431454129395,"Otu00110","L1_Linear_SVM"
0.592144268774704,0.592144268774704,"Otu00021","L1_Linear_SVM"
0.584746203453297,0.584746203453297,"Otu00361","L1_Linear_SVM"
0.580208550031204,0.580208550031204,"Otu00367","L1_Linear_SVM"
0.580156542542126,0.580156542542126,"Otu00108","L1_Linear_SVM"
0.579233409610984,0.579233409610984,"Otu00058","L1_Linear_SVM"
0.575943935926774,0.575943935926774,"Otu00822","L1_Linear_SVM"
0.574903786145205,0.574903786145205,"Otu00012","L1_Linear_SVM"
0.766720407738714,0.766720407738714,"fit_result","L1_Linear_SVM"
0.606524339504889,0.606524339504889,"Otu00002","L1_Linear_SVM"
0.596980965258997,0.596980965258997,"Otu00128","L1_Linear_SVM"
0.590896089036821,0.590896089036821,"Otu00361","L1_Linear_SVM"
0.590675057208238,0.590675057208238,"Otu00367","L1_Linear_SVM"
0.585435302683586,0.585435302683586,"Otu00058","L1_Linear_SVM"
0.58365404618265,0.58365404618265,"Otu00092","L1_Linear_SVM"
0.583159975036405,0.583159975036405,"Otu00110","L1_Linear_SVM"
0.579896505096734,0.579896505096734,"Otu00822","L1_Linear_SVM"
0.579740482629499,0.579740482629499,"Otu00005","L1_Linear_SVM"
0.775977740794674,0.775977740794674,"fit_result","L1_Linear_SVM"
0.613363324318702,0.613363324318702,"Otu00002","L1_Linear_SVM"
0.606667360099854,0.606667360099854,"Otu00822","L1_Linear_SVM"
0.602428749739963,0.602428749739963,"Otu00058","L1_Linear_SVM"
0.590701060952777,0.590701060952777,"Otu00005","L1_Linear_SVM"
0.588425733305596,0.588425733305596,"Otu00121","L1_Linear_SVM"
0.588386727688787,0.588386727688787,"Otu00021","L1_Linear_SVM"
0.586072394424797,0.586072394424797,"Otu00264","L1_Linear_SVM"
0.585461306428126,0.585461306428126,"Otu00014","L1_Linear_SVM"
0.584200124817974,0.584200124817974,"Otu00659","L1_Linear_SVM"
0.78175057208238,0.78175057208238,"fit_result","L1_Linear_SVM"
0.594692635739547,0.594692635739547,"Otu00361","L1_Linear_SVM"
0.594445600166424,0.594445600166424,"Otu00002","L1_Linear_SVM"
0.592287289369669,0.592287289369669,"Otu00058","L1_Linear_SVM"
0.58663147493239,0.58663147493239,"Otu00030","L1_Linear_SVM"
0.586410443103807,0.586410443103807,"Otu00110","L1_Linear_SVM"
0.583550031204493,0.583550031204493,"Otu00128","L1_Linear_SVM"
0.580104535053048,0.580104535053048,"Otu00005","L1_Linear_SVM"
0.579896505096734,0.579896505096734,"Otu00822","L1_Linear_SVM"
0.577647181194092,0.577647181194092,"Otu00367","L1_Linear_SVM"
0.752535365092573,0.752535365092573,"fit_result","L1_Linear_SVM"
0.597995111296027,0.597995111296027,"Otu00058","L1_Linear_SVM"
0.58664447680466,0.58664447680466,"Otu00014","L1_Linear_SVM"
0.582717911379239,0.582717911379239,"Otu00004","L1_Linear_SVM"
0.581625754108592,0.581625754108592,"Otu00010","L1_Linear_SVM"
0.581534741002704,0.581534741002704,"Otu00110","L1_Linear_SVM"
0.581326711046391,0.581326711046391,"Otu00361","L1_Linear_SVM"
0.58068961930518,0.58068961930518,"Otu00002","L1_Linear_SVM"
0.578089244851259,0.578089244851259,"Otu00033","L1_Linear_SVM"
0.577621177449553,0.577621177449553,"Otu00367","L1_Linear_SVM"
0.780801435406699,0.780801435406699,"fit_result","L1_Linear_SVM"
0.620904410235074,0.620904410235074,"Otu00002","L1_Linear_SVM"
0.604743083003953,0.604743083003953,"Otu00058","L1_Linear_SVM"
0.597592053255669,0.597592053255669,"Otu00110","L1_Linear_SVM"
0.595056688163095,0.595056688163095,"Otu00361","L1_Linear_SVM"
0.594939671312669,0.594939671312669,"Otu00185","L1_Linear_SVM"
0.594211566465571,0.594211566465571,"Otu00109","L1_Linear_SVM"
0.593171416684003,0.593171416684003,"Otu00018","L1_Linear_SVM"
0.592716351154566,0.592716351154566,"Otu00822","L1_Linear_SVM"
0.587931662159351,0.587931662159351,"Otu00128","L1_Linear_SVM"
0.750377054295819,0.750377054295819,"fit_result","L1_Linear_SVM"
0.62301071354275,0.62301071354275,"Otu00058","L1_Linear_SVM"
0.619890264198044,0.619890264198044,"Otu00002","L1_Linear_SVM"
0.610892968587477,0.610892968587477,"Otu00109","L1_Linear_SVM"
0.600582483877678,0.600582483877678,"Otu00264","L1_Linear_SVM"
0.597605055127938,0.597605055127938,"Otu00110","L1_Linear_SVM"
0.597384023299355,0.597384023299355,"Otu00004","L1_Linear_SVM"
0.59621385479509,0.59621385479509,"Otu00128","L1_Linear_SVM"
0.594549615144581,0.594549615144581,"Otu00044","L1_Linear_SVM"
0.589855939255253,0.589855939255253,"Otu00822","L1_Linear_SVM"
0.778084044102351,0.778084044102351,"fit_result","L1_Linear_SVM"
0.606589348866237,0.606589348866237,"Otu00058","L1_Linear_SVM"
0.603390888287913,0.603390888287913,"Otu00264","L1_Linear_SVM"
0.598242146869149,0.598242146869149,"Otu00822","L1_Linear_SVM"
0.590870085292282,0.590870085292282,"Otu00109","L1_Linear_SVM"
0.590219991678802,0.590219991678802,"Otu00128","L1_Linear_SVM"
0.589322862492199,0.589322862492199,"Otu00021","L1_Linear_SVM"
0.584876222175993,0.584876222175993,"Otu00002","L1_Linear_SVM"
0.579935510713543,0.579935510713543,"Otu00768","L1_Linear_SVM"
0.577985229873102,0.577985229873102,"Otu00110","L1_Linear_SVM"
0.75661795298523,0.75661795298523,"fit_result","L1_Linear_SVM"
0.613883399209486,0.613883399209486,"Otu00002","L1_Linear_SVM"
0.609995839400874,0.609995839400874,"Otu00058","L1_Linear_SVM"
0.609072706469732,0.609072706469732,"Otu00128","L1_Linear_SVM"
0.594627626378198,0.594627626378198,"Otu00092","L1_Linear_SVM"
0.592456313709174,0.592456313709174,"Otu00021","L1_Linear_SVM"
0.589205845641772,0.589205845641772,"Otu00109","L1_Linear_SVM"
0.588438735177866,0.588438735177866,"Otu00221","L1_Linear_SVM"
0.587593613480341,0.587593613480341,"Otu00108","L1_Linear_SVM"
0.582639900145621,0.582639900145621,"Otu00017","L1_Linear_SVM"
0.771388079883503,0.771388079883503,"fit_result","L1_Linear_SVM"
0.621892552527564,0.621892552527564,"Otu00058","L1_Linear_SVM"
0.608734657790722,0.608734657790722,"Otu00002","L1_Linear_SVM"
0.606017266486374,0.606017266486374,"Otu00128","L1_Linear_SVM"
0.601011545662575,0.601011545662575,"Otu00109","L1_Linear_SVM"
0.591663199500728,0.591663199500728,"Otu00044","L1_Linear_SVM"
0.589660911171209,0.589660911171209,"Otu00092","L1_Linear_SVM"
0.589439879342625,0.589439879342625,"Otu00014","L1_Linear_SVM"
0.587047534845018,0.587047534845018,"Otu00085","L1_Linear_SVM"
0.585253276471812,0.585253276471812,"Otu00659","L1_Linear_SVM"
0.769632827127106,0.769632827127106,"fit_result","L1_Linear_SVM"
0.603117848970252,0.603117848970252,"Otu00002","L1_Linear_SVM"
0.599022259205326,0.599022259205326,"Otu00058","L1_Linear_SVM"
0.591871229457042,0.591871229457042,"Otu00005","L1_Linear_SVM"
0.587242562929062,0.587242562929062,"Otu00361","L1_Linear_SVM"
0.586228416892032,0.586228416892032,"Otu00128","L1_Linear_SVM"
0.581703765342209,0.581703765342209,"Otu00155","L1_Linear_SVM"
0.581183690451425,0.581183690451425,"Otu00024","L1_Linear_SVM"
0.581157686706886,0.581157686706886,"Otu00264","L1_Linear_SVM"
0.580429581859788,0.580429581859788,"Otu00021","L1_Linear_SVM"
0.766252340337009,0.766252340337009,"fit_result","L1_Linear_SVM"
0.620982421468692,0.620982421468692,"Otu00002","L1_Linear_SVM"
0.596070834200125,0.596070834200125,"Otu00058","L1_Linear_SVM"
0.595745787393385,0.595745787393385,"Otu00014","L1_Linear_SVM"
0.594120553359684,0.594120553359684,"Otu00015","L1_Linear_SVM"
0.593119409194924,0.593119409194924,"Otu00004","L1_Linear_SVM"
0.588906802579572,0.588906802579572,"Otu00264","L1_Linear_SVM"
0.588776783856875,0.588776783856875,"Otu00361","L1_Linear_SVM"
0.587450592885375,0.587450592885375,"Otu00128","L1_Linear_SVM"
0.587073538589557,0.587073538589557,"Otu00044","L1_Linear_SVM"
0.77050395256917,0.77050395256917,"fit_result","L1_Linear_SVM"
0.617471915955898,0.617471915955898,"Otu00002","L1_Linear_SVM"
0.610931974204285,0.610931974204285,"Otu00058","L1_Linear_SVM"
0.59621385479509,0.59621385479509,"Otu00128","L1_Linear_SVM"
0.593015394216767,0.593015394216767,"Otu00109","L1_Linear_SVM"
0.591416163927606,0.591416163927606,"Otu00822","L1_Linear_SVM"
0.58960890368213,0.58960890368213,"Otu00110","L1_Linear_SVM"
0.585604327023091,0.585604327023091,"Otu00005","L1_Linear_SVM"
0.585240274599542,0.585240274599542,"Otu00014","L1_Linear_SVM"
0.58300395256917,0.58300395256917,"Otu00185","L1_Linear_SVM"
0.771739130434783,0.771739130434783,"fit_result","L1_Linear_SVM"
0.608682650301643,0.608682650301643,"Otu00058","L1_Linear_SVM"
0.596720927813605,0.596720927813605,"Otu00128","L1_Linear_SVM"
0.591832223840233,0.591832223840233,"Otu00002","L1_Linear_SVM"
0.58929685874766,0.58929685874766,"Otu00109","L1_Linear_SVM"
0.589218847514042,0.589218847514042,"Otu00246","L1_Linear_SVM"
0.587450592885375,0.587450592885375,"Otu00367","L1_Linear_SVM"
0.586111400041606,0.586111400041606,"Otu00822","L1_Linear_SVM"
0.584382151029748,0.584382151029748,"Otu00005","L1_Linear_SVM"
0.580767630538798,0.580767630538798,"Otu00110","L1_Linear_SVM"
0.759543374245891,0.759543374245891,"fit_result","L1_Linear_SVM"
0.617328895360932,0.617328895360932,"Otu00002","L1_Linear_SVM"
0.612076138964011,0.612076138964011,"Otu00058","L1_Linear_SVM"
0.596538901601831,0.596538901601831,"Otu00004","L1_Linear_SVM"
0.591546182650302,0.591546182650302,"Otu00005","L1_Linear_SVM"
0.583055960058248,0.583055960058248,"Otu00033","L1_Linear_SVM"
0.5829909506969,0.5829909506969,"Otu00822","L1_Linear_SVM"
0.580910651133763,0.580910651133763,"Otu00109","L1_Linear_SVM"
0.579870501352195,0.579870501352195,"Otu00264","L1_Linear_SVM"
0.577283128770543,0.577283128770543,"Otu00092","L1_Linear_SVM"
0.748517786561265,0.748517786561265,"fit_result","L1_Linear_SVM"
0.609267734553776,0.609267734553776,"Otu00058","L1_Linear_SVM"
0.60813657166632,0.60813657166632,"Otu00002","L1_Linear_SVM"
0.588048679009777,0.588048679009777,"Otu00822","L1_Linear_SVM"
0.585097254004577,0.585097254004577,"Otu00010","L1_Linear_SVM"
0.584889224048263,0.584889224048263,"Otu00003","L1_Linear_SVM"
0.584681194091949,0.584681194091949,"Otu00110","L1_Linear_SVM"
0.582899937591013,0.582899937591013,"Otu00033","L1_Linear_SVM"
0.579779488246307,0.579779488246307,"Otu00128","L1_Linear_SVM"
0.579181402121905,0.579181402121905,"Otu00004","L1_Linear_SVM"
0.776263781984606,0.776263781984606,"fit_result","L1_Linear_SVM"
0.631786977324735,0.631786977324735,"Otu00002","L1_Linear_SVM"
0.621866548783025,0.621866548783025,"Otu00024","L1_Linear_SVM"
0.60812356979405,0.60812356979405,"Otu00003","L1_Linear_SVM"
0.60316985645933,0.60316985645933,"Otu00005","L1_Linear_SVM"
0.597319013938007,0.597319013938007,"Otu00058","L1_Linear_SVM"
0.587411587268567,0.587411587268567,"Otu00128","L1_Linear_SVM"
0.586488454337425,0.586488454337425,"Otu00361","L1_Linear_SVM"
0.584616184730601,0.584616184730601,"Otu00014","L1_Linear_SVM"
0.582639900145621,0.582639900145621,"Otu00168","L1_Linear_SVM"
