"maxdepth","ROC","Sens","Spec","ROCSD","SensSD","SpecSD","model"
1,0.748873073421854,0.610243243243243,0.887502903600465,0.043931270860932,0.0747983809273843,0.0502878897342552,"Decision_Tree"
2,0.74321785417822,0.659393393393393,0.796777003484321,0.0540638591288283,0.0814674696857513,0.0702625373358947,"Decision_Tree"
3,0.736964831556295,0.666069069069069,0.778427409988386,0.0550971926995052,0.0813477432896049,0.0759698626935221,"Decision_Tree"
4,0.729371016050894,0.672276276276276,0.751948896631824,0.056964504453507,0.0814695720838203,0.0781725707261467,"Decision_Tree"
5,0.728037412848388,0.674235735735736,0.730943089430894,0.0571615863564973,0.0849766770625459,0.0753960973029749,"Decision_Tree"
6,0.726890073435805,0.656187687687688,0.70718118466899,0.0573753693400711,0.0881706756816489,0.078550252163923,"Decision_Tree"
1,0.72759660618807,0.559863363363363,0.895329849012776,0.0450320870020519,0.081086017104483,0.0482091100245885,"Decision_Tree"
2,0.718062377272743,0.605126126126126,0.801637630662021,0.0497162284997635,0.0827724360581814,0.0806591303282485,"Decision_Tree"
3,0.714365175279809,0.632587087087087,0.754624854819977,0.0524392104943619,0.0802407154406213,0.0737567176703424,"Decision_Tree"
4,0.711032944529896,0.643454954954955,0.73462950058072,0.0527926946921688,0.0797015901196945,0.0752952759877549,"Decision_Tree"
5,0.707948875268997,0.648728228228228,0.716205574912892,0.055027848901636,0.0823579366124436,0.0791802895592635,"Decision_Tree"
6,0.706417553005968,0.638153153153153,0.683817653890825,0.0531332887551926,0.0829829457483053,0.0839781757715061,"Decision_Tree"
1,0.735067096713438,0.556054054054054,0.914080139372822,0.0398975181373999,0.0732182926298646,0.0380115296112861,"Decision_Tree"
2,0.727682281148745,0.609717717717718,0.801664343786295,0.0479593803071012,0.0845275888620916,0.0815469282432997,"Decision_Tree"
3,0.726575469633396,0.624833333333333,0.774512195121951,0.0514065985747288,0.0822816269253215,0.0780103437855187,"Decision_Tree"
4,0.725071997956144,0.635600600600601,0.755982578397213,0.0519467245878629,0.0798106958854167,0.0775807041375862,"Decision_Tree"
5,0.721676016172967,0.642882882882883,0.742707317073171,0.0532615552062982,0.0800524136211923,0.0786195833392824,"Decision_Tree"
6,0.718028434793679,0.649722222222222,0.696526132404181,0.0540874970131021,0.0849156108955326,0.0840412662942213,"Decision_Tree"
1,0.727413075096002,0.545642642642643,0.909183507549361,0.0417986059837641,0.0764253950760264,0.0426122803258939,"Decision_Tree"
2,0.729564549305403,0.61310960960961,0.790520325203252,0.0510070832026268,0.087346668469825,0.0806669896891594,"Decision_Tree"
3,0.729869372421202,0.625705705705706,0.771335656213705,0.0534781716963251,0.0821761524350087,0.0767362050288758,"Decision_Tree"
4,0.72671850683436,0.635755255255255,0.756994192799071,0.0538013919768236,0.0795207390017407,0.075539468647377,"Decision_Tree"
5,0.721192915476452,0.642705705705706,0.742385598141696,0.0544134243254144,0.0820504080487177,0.0799372663741399,"Decision_Tree"
6,0.712479979108028,0.646235735735736,0.693743321718931,0.052633854779723,0.0815223880141719,0.0821576483499435,"Decision_Tree"
1,0.748959993094139,0.598477477477477,0.899442508710801,0.0424333897277409,0.07516916242853,0.04264873200726,"Decision_Tree"
2,0.732334347849592,0.627516516516517,0.812627177700348,0.0464168031149869,0.0771887300751763,0.0749104644174777,"Decision_Tree"
3,0.728966769469818,0.646187687687688,0.778427409988386,0.0477802750173697,0.077186661728286,0.0759363353954457,"Decision_Tree"
4,0.725105026629417,0.656908408408408,0.758566782810685,0.0498177135554725,0.0762335987138,0.0750782678001517,"Decision_Tree"
5,0.722897317613781,0.660435435435435,0.739265969802555,0.0504949321246374,0.076285838499788,0.0721225659428715,"Decision_Tree"
6,0.724068997568998,0.656267267267267,0.708867595818815,0.0491144944742328,0.0771534269023743,0.0772327077815102,"Decision_Tree"
1,0.739552808906467,0.570804804804805,0.90830081300813,0.0416503056855114,0.0760874002646451,0.0398508875001484,"Decision_Tree"
2,0.731719118072777,0.626084084084084,0.786907084785134,0.0497852367476945,0.0838874512813551,0.0709304094792553,"Decision_Tree"
3,0.731235972470729,0.636564564564565,0.771817653890825,0.0531565387053619,0.0822037903309715,0.0736869561367638,"Decision_Tree"
4,0.726873226449446,0.64865015015015,0.751393728222997,0.0534213255840968,0.0816441739611162,0.0709110719962004,"Decision_Tree"
5,0.722596672020453,0.657944444444444,0.731703832752613,0.0547518283253368,0.0825299766057241,0.0730345873048322,"Decision_Tree"
6,0.723083859556421,0.654542042042042,0.690850174216028,0.05596454496157,0.0874160815377941,0.075954118736503,"Decision_Tree"
1,0.734065995437947,0.55346996996997,0.914662020905923,0.0395758471786834,0.0725844046887764,0.0409280877563008,"Decision_Tree"
2,0.761094963866305,0.647570570570571,0.797148664343786,0.0499072797942864,0.0833712353429981,0.0763810018096716,"Decision_Tree"
3,0.761682348725032,0.652025525525526,0.790271777003484,0.0509843275257949,0.080936875050465,0.0749153974187911,"Decision_Tree"
4,0.75533456409371,0.660893393393393,0.76972706155633,0.0504759167266332,0.0788564206633207,0.0724779965689715,"Decision_Tree"
5,0.746849637965492,0.670555555555556,0.751698025551684,0.0512568076453567,0.0792023720314549,0.0723372999898121,"Decision_Tree"
6,0.739396224185858,0.67316966966967,0.705404181184669,0.053683816200746,0.0861606458126929,0.0780627511261746,"Decision_Tree"
1,0.751265174582248,0.589618618618619,0.912911730545877,0.0418957630136547,0.0730168308867615,0.0401463157362143,"Decision_Tree"
2,0.754100693463498,0.650444444444444,0.808896631823461,0.0518984899413084,0.0799577125974896,0.0710272108307828,"Decision_Tree"
3,0.752080915410184,0.661693693693694,0.787724738675958,0.0551371925105941,0.0789983289615448,0.0751660990200153,"Decision_Tree"
4,0.748403837635545,0.671981981981982,0.766186991869919,0.0546842383640805,0.0780800368104776,0.0783461886984756,"Decision_Tree"
5,0.745907797605968,0.682292792792793,0.744464576074332,0.055089558710444,0.0774995313230781,0.08000799334678,"Decision_Tree"
6,0.740629257306087,0.680801801801802,0.713144018583043,0.0549336085796312,0.0814879304073607,0.0819622695977291,"Decision_Tree"
1,0.733891617226983,0.562986486486487,0.90479674796748,0.0393149708805238,0.0731549870735246,0.0438617464838659,"Decision_Tree"
2,0.722144970754727,0.604744744744745,0.817742160278746,0.0441088569358653,0.0808855151867142,0.0754339787681977,"Decision_Tree"
3,0.719383524203646,0.624454954954955,0.784619047619048,0.0471620623306968,0.0793726636581899,0.0735282456554001,"Decision_Tree"
4,0.716810516962956,0.639896396396396,0.760032520325203,0.0485561354880728,0.0757739957337548,0.0731613420485463,"Decision_Tree"
5,0.713902324798666,0.649804804804805,0.738771196283391,0.0507831226866778,0.076458870265436,0.0791258089866933,"Decision_Tree"
6,0.714164094407997,0.646614114114114,0.696889663182346,0.0520773841650737,0.0837994442612502,0.0782517792309447,"Decision_Tree"
1,0.739658481652384,0.571040540540541,0.908276422764228,0.0423999517236848,0.0777452702315514,0.0374732031882099,"Decision_Tree"
2,0.732435359575603,0.615797297297297,0.820240418118467,0.0469638135652844,0.0794152601558942,0.0737392767861076,"Decision_Tree"
3,0.729971412614705,0.635743243243243,0.781010452961672,0.0498475733425417,0.0795075501210121,0.0760389045187494,"Decision_Tree"
4,0.72877845005284,0.647028528528529,0.763508710801394,0.0499004848022941,0.0763060280779293,0.0792007224200252,"Decision_Tree"
5,0.725245086549965,0.652363363363363,0.745144018583043,0.04934043228834,0.0753989044653456,0.0833378371467964,"Decision_Tree"
6,0.725913968846896,0.649747747747748,0.707562137049942,0.0509642736146684,0.0770094952260371,0.0851267522984396,"Decision_Tree"
1,0.740836524677988,0.562438438438438,0.919234610917538,0.041262758171772,0.0744674864232366,0.038512839780524,"Decision_Tree"
2,0.748449054019176,0.618651651651652,0.861077816492451,0.0462136434715273,0.0764266796803518,0.0589391804290805,"Decision_Tree"
3,0.742954418704419,0.642298798798799,0.817659698025552,0.0469007998652401,0.0769353592136277,0.0734170402873498,"Decision_Tree"
4,0.739743142532777,0.65843993993994,0.786257839721254,0.0488122299701268,0.0767653378703156,0.0764101992432877,"Decision_Tree"
5,0.738760065378968,0.67024024024024,0.757896631823461,0.0504712761261074,0.0776389234390492,0.0810970154258841,"Decision_Tree"
6,0.738040735857809,0.671232732732733,0.72837049941928,0.0509999252893455,0.0807571567768722,0.0798039897452464,"Decision_Tree"
1,0.731003832229442,0.575521021021021,0.886486643437863,0.0437057019529756,0.0783142226630268,0.0462261579298734,"Decision_Tree"
2,0.718438700460042,0.623513513513513,0.787750290360046,0.0496285453755757,0.0790765819965566,0.073525324956356,"Decision_Tree"
3,0.709851245409172,0.641111111111111,0.747523809523809,0.049585868718067,0.0769667200577859,0.0738238683570418,"Decision_Tree"
4,0.704537185704869,0.647205705705706,0.727581881533101,0.0511708465673828,0.0794769082707773,0.0780209886457457,"Decision_Tree"
5,0.700672877145438,0.651608108108108,0.707576074332172,0.0529047821105591,0.0828109477694941,0.0796776865292988,"Decision_Tree"
6,0.700868152996202,0.637681681681682,0.68094425087108,0.0527206514875121,0.0871434566529667,0.0824968364871786,"Decision_Tree"
1,0.756716940808404,0.591484984984985,0.921948896631823,0.040784887816693,0.0756353771840075,0.0381450360233644,"Decision_Tree"
2,0.756288552489772,0.644076576576577,0.811767711962834,0.0494999860636669,0.0787631471335169,0.0734680464408615,"Decision_Tree"
3,0.755673333176382,0.652558558558559,0.795337979094077,0.0512664390383414,0.0800202905403665,0.0792185874486459,"Decision_Tree"
4,0.753279124507783,0.662445945945946,0.773058072009292,0.0525666958960708,0.0775735622278907,0.0778677151643847,"Decision_Tree"
5,0.748924328509694,0.669070570570571,0.754607433217189,0.0527856544032376,0.0790623812026735,0.0786247988787207,"Decision_Tree"
6,0.745609341484341,0.673073573573574,0.720886178861789,0.0541693471075728,0.0810833686152696,0.0819227787820218,"Decision_Tree"
1,0.750461057747643,0.564533033033033,0.936389082462253,0.041350470166204,0.0776764119704223,0.0316296955010208,"Decision_Tree"
2,0.751329671134549,0.621528528528529,0.833325203252033,0.0476554605865118,0.0841155943976397,0.0711707141739591,"Decision_Tree"
3,0.752691094404509,0.636672672672673,0.809,0.0516000647421812,0.0830015711582219,0.0680126459786662,"Decision_Tree"
4,0.751532839895645,0.645855855855856,0.793443670150987,0.0528891049521021,0.0793684323776826,0.0729806565336198,"Decision_Tree"
5,0.748683005304957,0.654238738738739,0.776746806039489,0.0541862640380524,0.0787949811226739,0.0737235817106568,"Decision_Tree"
6,0.744804467359345,0.670543543543544,0.728228803716609,0.0545884983978137,0.0815847851169362,0.0767729647586076,"Decision_Tree"
1,0.736053088803089,0.567725225225225,0.904380952380952,0.039769708043737,0.069511295485792,0.0426847957993101,"Decision_Tree"
2,0.756890062100428,0.651168168168168,0.836232288037166,0.0426027236957748,0.0692245017098265,0.0578100827322814,"Decision_Tree"
3,0.751061157847743,0.666114114114114,0.7977131242741,0.0479171752050176,0.0738687188495438,0.0691824711459263,"Decision_Tree"
4,0.751593839484083,0.678626126126126,0.774361207897793,0.0507498851063119,0.0733946304765942,0.0708730002328359,"Decision_Tree"
5,0.750348926888561,0.684295795795796,0.759332171893148,0.0514886020112745,0.0739611527146072,0.0732980468140818,"Decision_Tree"
6,0.74780588035771,0.681417417417417,0.725940766550523,0.0508307269890634,0.0770211231953319,0.0807075397832777,"Decision_Tree"
1,0.747195150725639,0.585010510510511,0.909379790940767,0.0430035463177815,0.0812617249533061,0.0432980159522495,"Decision_Tree"
2,0.765617896206311,0.660963963963964,0.79819512195122,0.0535870183010741,0.0893452395566306,0.0718584865442137,"Decision_Tree"
3,0.767202773330822,0.66913963963964,0.784988385598142,0.0524021506077657,0.0828774720694166,0.0658032262753391,"Decision_Tree"
4,0.759667646304841,0.675917417417417,0.768526132404181,0.05353598072267,0.0822954547412554,0.0693758280480199,"Decision_Tree"
5,0.753917399978376,0.681845345345345,0.751821138211382,0.0550677831080794,0.082458676879713,0.0717221305964326,"Decision_Tree"
6,0.752603990314356,0.685412912912913,0.72283275261324,0.0532412738733033,0.0827277397778892,0.0694410216959784,"Decision_Tree"
1,0.736217929602076,0.562421921921922,0.91001393728223,0.0393543047600643,0.0748834744605274,0.0416486089006164,"Decision_Tree"
2,0.729498582641875,0.599917417417417,0.840317073170732,0.0435241018572115,0.0753512537174772,0.0648269383932586,"Decision_Tree"
3,0.72785378148183,0.624581081081081,0.797186991869919,0.0459454734279493,0.0777297978326905,0.0713506095808293,"Decision_Tree"
4,0.725267953493563,0.639493993993994,0.768327526132404,0.0491024390687063,0.0776364282388663,0.0731816121265569,"Decision_Tree"
5,0.723768082106497,0.649451951951952,0.744127758420441,0.0502859243143857,0.0777780791875788,0.0744533537480255,"Decision_Tree"
6,0.723682287252409,0.651001501501501,0.717182346109175,0.0521925873257619,0.0807878400803439,0.0782247633923312,"Decision_Tree"
1,0.742486939029622,0.577623123123123,0.907350754936121,0.0395376511471968,0.0697721961897004,0.0402106348909593,"Decision_Tree"
2,0.743527463003073,0.634495495495496,0.8102868757259,0.0485148693131652,0.0771932223141039,0.0720785479242439,"Decision_Tree"
3,0.742737289118387,0.646484984984985,0.792924506387921,0.0507945899157743,0.0736907556062538,0.0726024883293233,"Decision_Tree"
4,0.735295409956995,0.658015015015015,0.765521486643438,0.0513071985429523,0.072942571131548,0.0727420592642282,"Decision_Tree"
5,0.727696660074709,0.669067567567568,0.737620209059233,0.0525786365595038,0.0739141663220864,0.0763952966636732,"Decision_Tree"
6,0.727161046499461,0.670192192192192,0.691583042973287,0.0509279062702168,0.0790391710151407,0.0768050605381443,"Decision_Tree"
1,0.744122864153352,0.571818318318318,0.916427409988386,0.0424124083488267,0.0755759848328812,0.0372178205831467,"Decision_Tree"
2,0.752892147809831,0.646102102102102,0.803966318234611,0.0537282605337296,0.0887785217568696,0.0746036094848536,"Decision_Tree"
3,0.75293378657403,0.658381381381381,0.785554006968641,0.0555506747258504,0.085383103901979,0.0704911740306833,"Decision_Tree"
4,0.749252816841231,0.664557057057057,0.77415331010453,0.0576482278163224,0.0807942497112083,0.0683701123560227,"Decision_Tree"
5,0.745408385301678,0.675653153153153,0.754232288037166,0.0574786178461181,0.080264565791631,0.0688755396091899,"Decision_Tree"
6,0.741153178003788,0.67913963963964,0.716477351916376,0.0557417117772998,0.0842409475566235,0.0740348595461543,"Decision_Tree"
1,0.744315320547028,0.584087087087087,0.904543554006969,0.04040477511043,0.0739585652924209,0.0459908856267901,"Decision_Tree"
2,0.749304364904975,0.650346846846847,0.79045412311266,0.0528936135724617,0.080869160445554,0.079671682497272,"Decision_Tree"
3,0.751430494082933,0.660501501501502,0.776001161440186,0.0540665207718145,0.0775493440628759,0.077166634882505,"Decision_Tree"
4,0.745928125425077,0.669963963963964,0.756385598141696,0.0525961886314705,0.0767548833475292,0.0727535369213051,"Decision_Tree"
5,0.738325351483888,0.673378378378378,0.741285714285714,0.0523289746324676,0.0771498192146331,0.0737796882976176,"Decision_Tree"
6,0.738559745721331,0.673587087087087,0.704435540069686,0.0520557897148908,0.0795859751813275,0.0789236545043925,"Decision_Tree"
1,0.751029151102322,0.588708708708709,0.913349593495935,0.0409612582959616,0.0708467576250822,0.0416217813979364,"Decision_Tree"
2,0.741522033357399,0.632839339339339,0.816154471544715,0.0485919490603868,0.0751883794025602,0.0736568172627256,"Decision_Tree"
3,0.740412455574041,0.644264264264264,0.80044018583043,0.0503080931506882,0.0746490012816473,0.0797196500742649,"Decision_Tree"
4,0.73746543189531,0.657184684684685,0.771239256678281,0.0511489196284464,0.0739242143251222,0.0775847323841714,"Decision_Tree"
5,0.733413779633292,0.667737237237237,0.746673635307782,0.0523291509283488,0.0748983749718937,0.0781361240248803,"Decision_Tree"
6,0.732116634927611,0.665433933933934,0.714522648083624,0.0527209674738448,0.0797721858419653,0.0795642580187785,"Decision_Tree"
1,0.751526681733999,0.591594594594595,0.911458768873403,0.0411642332774285,0.0752056582778491,0.0405919307369571,"Decision_Tree"
2,0.761953446041861,0.654037537537538,0.856555168408827,0.0480391598724523,0.0756894642584536,0.0623406309967872,"Decision_Tree"
3,0.756088589460541,0.674533033033033,0.810411149825784,0.052331191530377,0.0768298062405983,0.0695700759933033,"Decision_Tree"
4,0.752206344410613,0.688280780780781,0.773628339140534,0.0533072212400016,0.0763797264432838,0.0798436701753841,"Decision_Tree"
5,0.750471536867878,0.693788288288288,0.750159117305459,0.0536356548179786,0.078425980974714,0.0784619364050529,"Decision_Tree"
6,0.748098057552326,0.693459459459459,0.720536585365854,0.0538834744399334,0.0820570489219632,0.0810710855196254,"Decision_Tree"
1,0.742606698161576,0.585034534534535,0.900178861788618,0.0433408741172465,0.0778405656179535,0.0424609281969985,"Decision_Tree"
2,0.737734703344459,0.62593993993994,0.826062717770035,0.048606568619807,0.0826421619195175,0.0741620343625542,"Decision_Tree"
3,0.735785154928448,0.651837837837838,0.777080139372822,0.0538138875594731,0.0857107989181771,0.073640224848152,"Decision_Tree"
4,0.732290714494983,0.661057057057057,0.757987224157956,0.0542715287008455,0.0845913646046645,0.0735299839015729,"Decision_Tree"
5,0.728778255607524,0.666222222222222,0.742106852497096,0.0529391328484341,0.0843388119661732,0.0775509163377079,"Decision_Tree"
6,0.728350279286255,0.663780780780781,0.711508710801394,0.0519226457712611,0.086675485704521,0.0795958940856561,"Decision_Tree"
1,0.741648551861967,0.55801951951952,0.925277584204413,0.0387164746811752,0.0742623874381975,0.0380308710741392,"Decision_Tree"
2,0.750412254589084,0.632675675675676,0.811265969802555,0.0502165448464873,0.0832624347099905,0.072321947835789,"Decision_Tree"
3,0.751957278271303,0.644806306306306,0.792411149825784,0.0516036919158376,0.0791099364272444,0.0692933382669245,"Decision_Tree"
4,0.749073470247251,0.65122972972973,0.778542392566783,0.0513272407732063,0.079383461138282,0.0695522049669386,"Decision_Tree"
5,0.745123663297444,0.65756006006006,0.761477351916376,0.0528221425688365,0.0790819078812193,0.0711361517304346,"Decision_Tree"
6,0.740232794205355,0.666069069069069,0.716001161440186,0.052809972142565,0.0813191490746829,0.0708175961772057,"Decision_Tree"
1,0.745591779933243,0.587282282282282,0.903901277584204,0.0415157796040027,0.0766330796011582,0.0412176495869052,"Decision_Tree"
2,0.735173100365174,0.624219219219219,0.825922183507549,0.0485197721905225,0.0753135539016214,0.0741019561635075,"Decision_Tree"
3,0.728826921433629,0.645174174174174,0.790317073170732,0.0506216942397787,0.0766382278993923,0.0731585215736808,"Decision_Tree"
4,0.724632907733518,0.656237237237237,0.765319396051103,0.0506406318965337,0.0744819421141864,0.076833600808259,"Decision_Tree"
5,0.721984736914615,0.66236036036036,0.743070847851336,0.0519503350265469,0.0763266645263883,0.0786966500472661,"Decision_Tree"
6,0.725827141165556,0.650123123123123,0.716154471544715,0.0513717514256236,0.0774626904017413,0.0793270155730776,"Decision_Tree"
1,0.720673844576284,0.527924924924925,0.913422764227642,0.0397512456973139,0.0736582900896315,0.0408938633838774,"Decision_Tree"
2,0.724918856574344,0.57131981981982,0.858839721254355,0.0435997698511149,0.0757013259047197,0.077277617101029,"Decision_Tree"
3,0.724270557578484,0.605588588588589,0.80018931475029,0.0482648705309305,0.0797620451668682,0.0784894548074535,"Decision_Tree"
4,0.72290104869678,0.620912912912913,0.774046457607433,0.0501012461319635,0.077881828671287,0.0755942993247894,"Decision_Tree"
5,0.721646973192705,0.63531981981982,0.750547038327526,0.0525193059968648,0.0793658560659978,0.0779441040187503,"Decision_Tree"
6,0.717835188411408,0.645771771771772,0.710912891986063,0.0518897326619766,0.0813186816514363,0.0813656737031952,"Decision_Tree"
1,0.730461497211497,0.556208708708709,0.904714285714286,0.0405922564583426,0.0737663478053289,0.0397275167525946,"Decision_Tree"
2,0.733080124113661,0.621201201201201,0.80331475029036,0.0482449295576298,0.0848520763710786,0.0777127983923829,"Decision_Tree"
3,0.731949981776201,0.637734234234234,0.783562137049942,0.0501524943874857,0.0829737744245258,0.0769801112555112,"Decision_Tree"
4,0.727375730259877,0.650363363363363,0.763160278745645,0.051975866341774,0.0794947685035024,0.0746080360899678,"Decision_Tree"
5,0.724706848834898,0.659683183183183,0.741068524970964,0.0531099097352198,0.079736967471004,0.0770130833139591,"Decision_Tree"
6,0.719006889293475,0.651055555555556,0.707514518002323,0.0522035945496623,0.085342789203509,0.0779519110048017,"Decision_Tree"
1,0.754568990593381,0.584291291291291,0.92484668989547,0.0414969663094117,0.0750913213688798,0.0405034838325799,"Decision_Tree"
2,0.751760449037888,0.636258258258258,0.816989547038327,0.0507845564917897,0.084727733900896,0.0739960268522946,"Decision_Tree"
3,0.751949684440538,0.649031531531532,0.795847851335656,0.0529898201919174,0.0835229025677343,0.0758610225354837,"Decision_Tree"
4,0.752821484812338,0.657285285285285,0.781098722415796,0.0552583288189773,0.0829955026029635,0.0767392057599587,"Decision_Tree"
5,0.75329274788726,0.668057057057057,0.762318234610918,0.057601141221275,0.0821809207720654,0.0773094987277146,"Decision_Tree"
6,0.749109042404774,0.686280780780781,0.721912891986063,0.058266193757268,0.0863069741697633,0.0795439854491253,"Decision_Tree"
1,0.738908743238011,0.583696696696697,0.894120789779326,0.0430949340448041,0.0768344085061985,0.0454554093913165,"Decision_Tree"
2,0.719560863127936,0.624576576576577,0.788777003484321,0.0499963991552706,0.0814263551514923,0.0779068901513232,"Decision_Tree"
3,0.71418938537841,0.638468468468468,0.758351916376307,0.0509265724480748,0.080715770953228,0.0776951577415679,"Decision_Tree"
4,0.710226166061532,0.647438438438438,0.734797909407666,0.0524979331085886,0.0798328337258716,0.0777682643371257,"Decision_Tree"
5,0.707854645586353,0.652656156156156,0.716753774680604,0.0531313959417751,0.0790786893829139,0.0773017671993787,"Decision_Tree"
6,0.704108524901208,0.642923423423423,0.682483159117306,0.0501303188444999,0.0857676426932216,0.0792652719532833,"Decision_Tree"
1,0.740627162005211,0.562963963963964,0.918290360046458,0.0406317861021206,0.0737056928864707,0.0389528710324347,"Decision_Tree"
2,0.753021365442097,0.631915915915916,0.805406504065041,0.052064677847714,0.0844421376109413,0.0692718999391628,"Decision_Tree"
3,0.753625163055041,0.642633633633634,0.790204413472706,0.053659420210787,0.0815353542840093,0.0711064231513542,"Decision_Tree"
4,0.75025905958223,0.653142642642643,0.776891986062718,0.0538092312451063,0.0820784752431245,0.0711887570805023,"Decision_Tree"
5,0.740331858426371,0.660858858858859,0.759379790940767,0.0547234809753641,0.0816875487301325,0.0736133218082029,"Decision_Tree"
6,0.730779386093411,0.664453453453453,0.714711962833914,0.0557326089418644,0.0822185273405012,0.0799659170514439,"Decision_Tree"
1,0.720422382312626,0.536345345345345,0.904499419279907,0.0405854181494617,0.0762460296770116,0.0405569136803708,"Decision_Tree"
2,0.706688664710006,0.590536036036036,0.790881533101045,0.0483280915240669,0.081469363939958,0.0765583359246091,"Decision_Tree"
3,0.702929920338457,0.605204204204204,0.761826945412311,0.0494811097554585,0.0796766414240413,0.0745010991301368,"Decision_Tree"
4,0.699778330595404,0.619779279279279,0.737943089430894,0.0502333643355647,0.0810112719842042,0.0749899212227285,"Decision_Tree"
5,0.697569528151845,0.626735735735736,0.721642276422764,0.0507726923026169,0.0823274085730506,0.0743648451646232,"Decision_Tree"
6,0.693896545500204,0.62743993993994,0.686497096399535,0.0525881295430113,0.0852438794084041,0.0785760221715397,"Decision_Tree"
1,0.7243070125875,0.555567567567568,0.893046457607433,0.0417102939766155,0.0716581292792347,0.0495678906731337,"Decision_Tree"
2,0.736516160760063,0.639028528528529,0.78765737514518,0.0553912319756711,0.09563410994812,0.0852478838289839,"Decision_Tree"
3,0.734159215400069,0.654337837837838,0.76105574912892,0.0585481519196315,0.0910849954302635,0.0782426811872495,"Decision_Tree"
4,0.72818166206276,0.659831831831832,0.742121951219512,0.0588123701902499,0.0860863932039537,0.0775826877636622,"Decision_Tree"
5,0.721521476615989,0.659624624624625,0.727492450638792,0.0598709520448344,0.0857608913608379,0.0805482530864193,"Decision_Tree"
6,0.720542162807407,0.649309309309309,0.688078977932637,0.0579371447153871,0.0870958854352148,0.0826728549104549,"Decision_Tree"
1,0.727319511148779,0.536375375375375,0.918263646922184,0.0426325634799186,0.0794215331154314,0.040395069879473,"Decision_Tree"
2,0.746871043953361,0.62106006006006,0.820220673635308,0.0518001396279585,0.0843297010527679,0.0772280491039771,"Decision_Tree"
3,0.743958213439921,0.635483483483483,0.791497096399535,0.0542024561293901,0.0833098769630677,0.0786117381295988,"Decision_Tree"
4,0.740989615486567,0.649971471471471,0.765831591173055,0.0557340112841721,0.0806394515528017,0.0769775077240671,"Decision_Tree"
5,0.735465535221633,0.661542042042042,0.741182346109175,0.055277972507633,0.0786246449091383,0.0768625747467872,"Decision_Tree"
6,0.727242864816036,0.663912912912913,0.694033681765389,0.0552278428105214,0.0865369481455041,0.0798552939629522,"Decision_Tree"
1,0.741272007198836,0.578084084084084,0.904459930313589,0.0418454840658236,0.0731099360578156,0.0411680201227516,"Decision_Tree"
2,0.730172684880002,0.627186186186186,0.796218350754936,0.0462736041197422,0.0763784707590781,0.0715092569352616,"Decision_Tree"
3,0.726269478973747,0.642531531531532,0.766622531939605,0.0492808221530022,0.0769245598331074,0.0713731494367884,"Decision_Tree"
4,0.72291166078971,0.646106606606607,0.753288037166086,0.0508320785977566,0.0774282645139494,0.0716033526696752,"Decision_Tree"
5,0.720468022028998,0.648615615615616,0.737121951219512,0.0523914875530177,0.0802843524917837,0.0746134420521523,"Decision_Tree"
6,0.720916347096225,0.630782282282282,0.707981416957027,0.0509350230174344,0.0806452776713928,0.0756348403017055,"Decision_Tree"
1,0.735929476514842,0.562966966966967,0.908891986062718,0.0412016247670342,0.0740697690428658,0.0426995882402797,"Decision_Tree"
2,0.732551512749683,0.613768768768769,0.816605110336818,0.0459280348590776,0.0747211487478407,0.0760813019417772,"Decision_Tree"
3,0.734143460969681,0.638369369369369,0.7848606271777,0.0485659310413965,0.0752305599522991,0.0745430355050319,"Decision_Tree"
4,0.730761885142983,0.647282282282282,0.765430894308943,0.0514692228179712,0.0774071624777134,0.0751220529573561,"Decision_Tree"
5,0.726487039740089,0.653573573573574,0.744642276422764,0.0497775669037514,0.0766674511414301,0.07775457735765,"Decision_Tree"
6,0.725175505645018,0.645448948948949,0.706219512195122,0.0518033430100495,0.0862199505783278,0.0802308322007416,"Decision_Tree"
1,0.748329121804732,0.592219219219219,0.904439024390244,0.039998062739022,0.0741190440750702,0.0414103052499978,"Decision_Tree"
2,0.752697834594176,0.653972972972973,0.81476887340302,0.0469943780194087,0.0795125990267798,0.0675874922043079,"Decision_Tree"
3,0.745603989006428,0.660174174174174,0.788922183507549,0.0494582483273524,0.0796446730553979,0.0785601074784048,"Decision_Tree"
4,0.744941927554732,0.669432432432432,0.769063879210221,0.0522691914708037,0.0816416772941306,0.0763515996295303,"Decision_Tree"
5,0.743285839410839,0.675615615615616,0.753110336817654,0.053471273633974,0.0821076847359287,0.0731852294868355,"Decision_Tree"
6,0.73937507934764,0.674921921921922,0.722995354239257,0.0523183366785982,0.0842340789020955,0.0762253033731862,"Decision_Tree"
1,0.731365741176717,0.55301951951952,0.909711962833914,0.0402799759499597,0.0715062990261977,0.0460835996332575,"Decision_Tree"
2,0.745281150052492,0.614009009009009,0.843969802555168,0.0491417232563188,0.0837316270927389,0.0831161163155141,"Decision_Tree"
3,0.755834191334191,0.65327027027027,0.795766550522648,0.0566369655642239,0.0842073624473756,0.0714640431075627,"Decision_Tree"
4,0.754069474526792,0.660713213213213,0.780052264808362,0.0583462218323607,0.0847430469846445,0.0736614511566192,"Decision_Tree"
5,0.751481748734798,0.667783783783784,0.76217537746806,0.0583664027766711,0.0854114720704273,0.0782475964078299,"Decision_Tree"
6,0.750956107239644,0.669148648648649,0.729196283391405,0.0582532463878349,0.0884934229681342,0.0843602803509141,"Decision_Tree"
1,0.755834513084513,0.597430930930931,0.914238095238095,0.0419946277937565,0.0758636329278437,0.0383554150070038,"Decision_Tree"
2,0.749428449791255,0.638884384384384,0.837543554006969,0.0477647027755279,0.0832084737316446,0.0718071680594923,"Decision_Tree"
3,0.741126651041285,0.65001951951952,0.800072009291521,0.0498907424420494,0.0832587444213031,0.0764339344848625,"Decision_Tree"
4,0.734684002382173,0.656316816816817,0.768078977932636,0.052023505591181,0.0811599884060958,0.0781652506719297,"Decision_Tree"
5,0.733168672592453,0.660687687687688,0.749184668989547,0.0531747722049059,0.079536713272811,0.0817095952883527,"Decision_Tree"
6,0.734765497640498,0.663157657657658,0.716505226480836,0.0535626753454634,0.0817631812201825,0.0785848552565917,"Decision_Tree"
1,0.725599941404819,0.552021021021021,0.899178861788618,0.0425507192434141,0.0767733656859912,0.0467440188297409,"Decision_Tree"
2,0.733716534042754,0.616803303303303,0.810023228803717,0.051006847550409,0.091569573997666,0.0817423371156887,"Decision_Tree"
3,0.739844041776969,0.650788288288288,0.769227642276423,0.0559477880123015,0.0875492354865173,0.0701865636284547,"Decision_Tree"
4,0.73569122214549,0.655804804804805,0.756584204413473,0.0555734899704252,0.083923986672852,0.0722676812123379,"Decision_Tree"
5,0.729098600778479,0.657855855855856,0.744056910569106,0.0554436721700583,0.0822407695032103,0.0767781260313532,"Decision_Tree"
6,0.723221395175663,0.64607957957958,0.705854819976771,0.0545522236062457,0.0905108591304849,0.0771811690163445,"Decision_Tree"
1,0.737406276485545,0.548977477477477,0.925835075493612,0.0422339543230507,0.076163793652817,0.03753565882193,"Decision_Tree"
2,0.749359126112175,0.622364864864865,0.815603948896632,0.0531453774043931,0.0833134602426245,0.0786671451708561,"Decision_Tree"
3,0.749859698112747,0.631873873873874,0.800817653890825,0.0538821630039223,0.0791237046546167,0.0781872159009952,"Decision_Tree"
4,0.744633017599481,0.641956456456456,0.777004645760743,0.0552277656355455,0.0803331164527111,0.0783332481799827,"Decision_Tree"
5,0.739870502471112,0.652944444444444,0.75712543554007,0.0558323760920709,0.0798043876169584,0.0757085250966334,"Decision_Tree"
6,0.733098820510406,0.668342342342342,0.712850174216028,0.0560023340788783,0.0802279730823003,0.0796245847400731,"Decision_Tree"
1,0.726054807420661,0.552171171171171,0.899938443670151,0.0420512631377474,0.0797846028707159,0.0445166750188725,"Decision_Tree"
2,0.732832763076666,0.625498498498498,0.778239256678281,0.0552992758591972,0.0846787650825064,0.0780431310223159,"Decision_Tree"
3,0.730874215243118,0.633726726726727,0.762434378629501,0.0565914882375049,0.0814088498295667,0.0735241444834283,"Decision_Tree"
4,0.726302650211187,0.643369369369369,0.746516840882695,0.0572451212588731,0.0776762183533894,0.0759600015718254,"Decision_Tree"
5,0.717518559500267,0.648557057057057,0.728432055749129,0.0574680275695264,0.0791857543890625,0.0747300846070306,"Decision_Tree"
6,0.713741288326654,0.643064564564565,0.68927293844367,0.0555586216340459,0.0867547803495416,0.0816292192146215,"Decision_Tree"
1,0.741201284908602,0.575705705705706,0.906696864111498,0.0382353061886517,0.0732662510655415,0.0416624955508696,"Decision_Tree"
2,0.728257984029326,0.611837837837838,0.815281068524971,0.0435503544363292,0.0756582861928922,0.0727551825337059,"Decision_Tree"
3,0.725720646168817,0.63183033033033,0.777842044134727,0.0465131109375849,0.0749632532906486,0.0724252139425719,"Decision_Tree"
4,0.724166808794858,0.644496996996997,0.75448199767712,0.0485080806118506,0.0765273289525312,0.0734732274595423,"Decision_Tree"
5,0.722484661926735,0.651474474474474,0.733475029036005,0.0514053224990972,0.0792003922247167,0.0793863816340659,"Decision_Tree"
6,0.723300572785329,0.646256756756757,0.706975609756098,0.0513895418569869,0.0823192543366551,0.0779437823816319,"Decision_Tree"
1,0.751813049983782,0.597984984984985,0.905641114982578,0.0411516710830916,0.0724499272904793,0.0403264100362984,"Decision_Tree"
2,0.753908756317293,0.650273273273273,0.811779326364692,0.048240600340905,0.0748637139205554,0.0705966487359435,"Decision_Tree"
3,0.750898831322612,0.661569069069069,0.778684088269454,0.0513288213649506,0.0752837086563724,0.0752108481853701,"Decision_Tree"
4,0.747913063324649,0.668744744744745,0.756349593495935,0.0521514682367843,0.0766646068680334,0.0738464979697131,"Decision_Tree"
5,0.742808361497386,0.670594594594595,0.740932636469222,0.0536446846991431,0.077673816095162,0.0774956232731788,"Decision_Tree"
6,0.737584791673206,0.66083033033033,0.710680603948897,0.0530103539376661,0.0785289932713167,0.0798396158269051,"Decision_Tree"
1,0.729181890950184,0.544621621621622,0.913742160278746,0.0418285134296842,0.0760002523402615,0.0413664698945724,"Decision_Tree"
2,0.73507234237722,0.604668168168168,0.848759581881533,0.0465241673263635,0.0822248945559945,0.0696029721579919,"Decision_Tree"
3,0.734633131389229,0.632696696696697,0.808658536585366,0.0491198748202955,0.0817821696266102,0.071673243515428,"Decision_Tree"
4,0.73133469750238,0.643057057057057,0.77979674796748,0.049101458099794,0.0834236678274962,0.0749215518569847,"Decision_Tree"
5,0.730176907743981,0.649232732732733,0.759574912891986,0.0495978111593792,0.0828700343892204,0.0784111718928247,"Decision_Tree"
6,0.733740145633438,0.658627627627628,0.729054587688734,0.050845798742835,0.0822539135798213,0.0832726977818452,"Decision_Tree"
1,0.738172680520242,0.565196696696697,0.911148664343786,0.0402003191283127,0.0713684960225722,0.04370571528368,"Decision_Tree"
2,0.728656038006648,0.611399399399399,0.818447154471545,0.0462414415322145,0.0736052863649619,0.073743538772372,"Decision_Tree"
3,0.72379288129593,0.632854354354354,0.774816492450639,0.0483219430728108,0.0722752259616475,0.070375348625391,"Decision_Tree"
4,0.720404360370824,0.646593093093093,0.748077816492451,0.0491677694928088,0.072647931992497,0.0712672971814563,"Decision_Tree"
5,0.718806567891934,0.657627627627628,0.727248548199768,0.0500665425243727,0.0747705855925869,0.072404447486119,"Decision_Tree"
6,0.713239567965178,0.659129129129129,0.691459930313589,0.0528692169717471,0.0816407443119058,0.0760364566821301,"Decision_Tree"
1,0.742102214583922,0.561518018018018,0.922686411149826,0.0400669862998007,0.0736355495617479,0.042377794099383,"Decision_Tree"
2,0.737552213363189,0.605337837837838,0.842225319396051,0.0464438704654265,0.0740898888492163,0.0767710297640715,"Decision_Tree"
3,0.736644248778395,0.626370870870871,0.808976771196283,0.0474405102493733,0.0723425789760418,0.0772199868955071,"Decision_Tree"
4,0.736063616752641,0.639183183183183,0.788278745644599,0.0481473387618158,0.0723094656074082,0.076319051459555,"Decision_Tree"
5,0.736276932420225,0.65159009009009,0.768780487804878,0.0503330135879615,0.0737706893113186,0.075495882287106,"Decision_Tree"
6,0.73574959759411,0.666207207207207,0.731363530778165,0.05129986834136,0.0766808679071538,0.0821870002519305,"Decision_Tree"
1,0.743699524437329,0.578608108108108,0.908790940766551,0.041409538741305,0.0764911832593265,0.0426899114608198,"Decision_Tree"
2,0.768722320316833,0.668534534534534,0.779204413472706,0.0570268500987404,0.0855006767205431,0.0773444860352797,"Decision_Tree"
3,0.770396330128037,0.673204204204204,0.774127758420441,0.0560322269632372,0.0819877546352194,0.0752454418215736,"Decision_Tree"
4,0.765087853968952,0.677828828828829,0.766951219512195,0.0559749233046004,0.0790809704801126,0.0748977522288361,"Decision_Tree"
5,0.753723013518745,0.683603603603604,0.754250871080139,0.0585185741535979,0.0814165421356369,0.0736825502236901,"Decision_Tree"
6,0.743741677653263,0.686220720720721,0.707967479674797,0.0578942543640446,0.0889553630296679,0.0714082536960188,"Decision_Tree"
1,0.736493572841134,0.565076576576577,0.907910569105691,0.0431606660527932,0.079393643581638,0.0395271806608952,"Decision_Tree"
2,0.742524878537074,0.620827327327327,0.847934959349594,0.0476520936468601,0.0830544802709942,0.0649755696311448,"Decision_Tree"
3,0.733479394464151,0.642205705705706,0.798432055749129,0.0492578110970372,0.0815675819268292,0.0718346318587184,"Decision_Tree"
4,0.729401955090979,0.655630630630631,0.772829268292683,0.0507779752011391,0.0801391988427214,0.0719588673702982,"Decision_Tree"
5,0.7264734220283,0.662575075075075,0.754087108013937,0.0515116848057814,0.0818602935325967,0.0758148281076826,"Decision_Tree"
6,0.727567884958129,0.642641141141141,0.725119628339141,0.0515907809100699,0.0933087829382199,0.0827000108892874,"Decision_Tree"
1,0.744715316361658,0.598921921921922,0.890508710801394,0.0420511868446812,0.0758349949800491,0.042067225253611,"Decision_Tree"
2,0.746754458291044,0.660426426426426,0.787807200929152,0.0495278847477871,0.0780889512286483,0.0669527100454447,"Decision_Tree"
3,0.742651455462431,0.664506006006006,0.775123112659698,0.0524315636958608,0.0814021567832378,0.0765098699913342,"Decision_Tree"
4,0.734412158238378,0.670966966966967,0.751665505226481,0.0536517972852071,0.0812955176944015,0.0737352273135204,"Decision_Tree"
5,0.728426810085347,0.669175675675676,0.737777003484321,0.0531380357023645,0.0797079308831195,0.0768584059477775,"Decision_Tree"
6,0.727629280848793,0.65195045045045,0.713826945412311,0.0527660347339569,0.0806768352688972,0.0823303590111641,"Decision_Tree"
1,0.755643717759571,0.60392042042042,0.907367015098722,0.0401260293896321,0.072600210202345,0.045349854516308,"Decision_Tree"
2,0.748816821612553,0.646878378378378,0.82,0.0458500779568595,0.0755032333309905,0.0707922796643658,"Decision_Tree"
3,0.746210276914545,0.662094594594595,0.790858304297329,0.0478425201251814,0.0746593482622128,0.0732942957896229,"Decision_Tree"
4,0.745741165381409,0.675447447447447,0.771180023228804,0.051405650738288,0.0743259868050557,0.0771196960269262,"Decision_Tree"
5,0.746600479835236,0.690546546546547,0.748882694541231,0.0536494956131686,0.0767693211695599,0.0817956709927996,"Decision_Tree"
6,0.748555518497592,0.691866366366366,0.723599303135888,0.0544435526954779,0.0851192950530604,0.0829032984175537,"Decision_Tree"
1,0.75396047702755,0.595866366366366,0.912054587688734,0.0440005995376131,0.0751020474726308,0.0400099888775409,"Decision_Tree"
2,0.749944530767702,0.644893393393393,0.813932636469222,0.0504153943860179,0.0799116320187787,0.0762050494262948,"Decision_Tree"
3,0.752042546466327,0.665681681681682,0.783012775842044,0.0522638326217488,0.0801972912318071,0.0746214754755628,"Decision_Tree"
4,0.749102829746122,0.674216216216216,0.768026713124274,0.0541433160233365,0.0781009782306718,0.0734605920587349,"Decision_Tree"
5,0.74659617282788,0.680861861861862,0.752922183507549,0.0556595852362781,0.0777979083698217,0.076761993551069,"Decision_Tree"
6,0.747275061211037,0.688696696696697,0.714701509872242,0.0571748427311101,0.0827743411811734,0.082596925851469,"Decision_Tree"
1,0.734469195676513,0.566051051051051,0.902887340301974,0.0418842566649207,0.0753056918199929,0.0424700937561909,"Decision_Tree"
2,0.719281071576803,0.611264264264264,0.800380952380952,0.0500408769964567,0.08349666471514,0.0781141915983613,"Decision_Tree"
3,0.718627196883294,0.625723723723724,0.772631823461092,0.0519195911904365,0.0817878534686764,0.0792803892234546,"Decision_Tree"
4,0.715747071548901,0.635522522522523,0.751012775842044,0.0527344685358279,0.0810636580359909,0.0800567796291497,"Decision_Tree"
5,0.713072516331663,0.642162162162162,0.73155981416957,0.0522027858184981,0.0798306157244047,0.0824500275716196,"Decision_Tree"
6,0.707608125983126,0.638196696696697,0.693918699186992,0.0549781904771709,0.0851107962514376,0.0820385588908529,"Decision_Tree"
1,0.752468528633163,0.586019519519519,0.918917537746806,0.0387883103538415,0.0752394731671496,0.0374599692649136,"Decision_Tree"
2,0.7486498580462,0.620636636636637,0.857656213704994,0.0417255640860215,0.0770491815563623,0.0713811547307284,"Decision_Tree"
3,0.747917544286447,0.642435435435435,0.822233449477352,0.0464392789066136,0.0761233802113627,0.075906063823628,"Decision_Tree"
4,0.744709149480491,0.657214714714715,0.789010452961672,0.0481530990499342,0.0743648131235917,0.0741786574789168,"Decision_Tree"
5,0.740097404896185,0.662984984984985,0.767045296167247,0.0496050948418247,0.075019352842737,0.0766590153557038,"Decision_Tree"
6,0.739229197402978,0.662034534534535,0.737334494773519,0.0476475732634469,0.0766285276239921,0.0823774633402991,"Decision_Tree"
1,0.748675191742265,0.579962462462463,0.917387921022067,0.0362053216961369,0.0720737250556931,0.0434700472366237,"Decision_Tree"
2,0.755254147876099,0.646250750750751,0.805845528455285,0.0477025033583518,0.0844521133305798,0.0724310168152337,"Decision_Tree"
3,0.759156181878743,0.665429429429429,0.779866434378629,0.0498016033649551,0.0810340936386577,0.0679032059632912,"Decision_Tree"
4,0.758910825459606,0.673348348348348,0.768857142857143,0.0502951906976975,0.0781197809418469,0.0693429691193179,"Decision_Tree"
5,0.75565985148912,0.677099099099099,0.758065040650406,0.0495289069322573,0.078496905519947,0.070015690953009,"Decision_Tree"
6,0.755647860839934,0.679442942942943,0.724483159117305,0.052056898929243,0.0815981599276744,0.0736219684002649,"Decision_Tree"
1,0.743491922235825,0.568564564564565,0.918419279907085,0.041481100089214,0.0757067956891755,0.0399381489204108,"Decision_Tree"
2,0.7383668389644,0.614735735735736,0.830117305458769,0.0483895822212763,0.0839304783870063,0.0758522671273416,"Decision_Tree"
3,0.739614513904148,0.635956456456456,0.800239256678281,0.0518376060745836,0.0807093012798012,0.0758229825389169,"Decision_Tree"
4,0.737382065863773,0.651237237237237,0.773772357723577,0.0521776621354108,0.0783401150427152,0.0776169672784403,"Decision_Tree"
5,0.733514854139854,0.661072072072072,0.749937282229965,0.0525602095318011,0.0779207839873884,0.077396503298824,"Decision_Tree"
6,0.730762405698381,0.66522972972973,0.710950058072009,0.0519681476164484,0.0795775449301833,0.0818620943540367,"Decision_Tree"
1,0.748806329849013,0.585166666666667,0.912445993031359,0.0427058761313982,0.078512708560292,0.0389016807013311,"Decision_Tree"
2,0.739121409301287,0.629295795795796,0.806174216027875,0.0504721735399399,0.0864030935122237,0.0794797240912885,"Decision_Tree"
3,0.740277064956943,0.647316816816817,0.771358885017422,0.0541342800740827,0.0841123658853359,0.0754456263229931,"Decision_Tree"
4,0.739674558705047,0.656563063063063,0.754752613240418,0.0542450233425769,0.0827028156747583,0.0735816076339781,"Decision_Tree"
5,0.739619626595236,0.663903903903904,0.740355400696864,0.0547999140141668,0.0827534740835725,0.0726462192364386,"Decision_Tree"
6,0.735707755665073,0.657384384384384,0.710233449477352,0.0550047741275184,0.0863498153844419,0.0756050490290315,"Decision_Tree"
1,0.736630400435278,0.569843843843844,0.903416957026713,0.043860922735701,0.0758519081224094,0.0436054544670057,"Decision_Tree"
2,0.735019179022228,0.615147147147147,0.838817653890825,0.048105050052677,0.0784059466540357,0.0668947443587499,"Decision_Tree"
3,0.736767490051027,0.646196696696697,0.803925667828107,0.0509557206060375,0.0767604932171721,0.0727531477392822,"Decision_Tree"
4,0.731854247976199,0.663594594594595,0.771236933797909,0.051859960135356,0.0771603125815921,0.075222417159359,"Decision_Tree"
5,0.73173554783006,0.676216216216216,0.746590011614402,0.0524369423924719,0.075845961249148,0.0771663517629948,"Decision_Tree"
6,0.735917044221922,0.67328978978979,0.713787456445993,0.0551423260579369,0.0812947684619861,0.0798076488159802,"Decision_Tree"
1,0.731862630923606,0.559822822822823,0.90390243902439,0.0415992051075203,0.0779170311472055,0.0428041037288999,"Decision_Tree"
2,0.740602439983538,0.637656156156156,0.777585365853659,0.053681884049026,0.0909388169245795,0.0839536373524429,"Decision_Tree"
3,0.740191445365226,0.645352852852853,0.762304297328688,0.0545159981419061,0.0871267591916529,0.0812621556235954,"Decision_Tree"
4,0.736792264825801,0.654972972972973,0.745105691056911,0.0542471614173038,0.0832149154590576,0.0764091443140533,"Decision_Tree"
5,0.730803417965003,0.659974474474474,0.734081300813008,0.0566347222285478,0.0801676806537661,0.0740343240056111,"Decision_Tree"
6,0.724814932528347,0.656366366366366,0.695408826945412,0.055655684036871,0.0852115493466085,0.0781400116790756,"Decision_Tree"
1,0.741145478230844,0.567018018018018,0.91527293844367,0.0435058414852476,0.0793995449680564,0.0410860231644002,"Decision_Tree"
2,0.72954675014736,0.608558558558559,0.832094076655052,0.0479313195749954,0.0829861865545894,0.0720215664509273,"Decision_Tree"
3,0.732165301189691,0.632148648648649,0.801612078977933,0.0494989243964199,0.0806647446899947,0.0698274785460301,"Decision_Tree"
4,0.732487999759341,0.647156156156156,0.779825783972125,0.0503753198395632,0.0800097425920566,0.0716481821412258,"Decision_Tree"
5,0.732412195296342,0.659327327327327,0.759318234610918,0.0508930808132172,0.0783966801973054,0.0701942518898336,"Decision_Tree"
6,0.738331824420239,0.671852852852853,0.723756097560976,0.0519381715317893,0.0807849161772547,0.0766856063984526,"Decision_Tree"
1,0.73433566667713,0.555246246246246,0.913425087108014,0.0445410101965402,0.080720570146391,0.0409830603555583,"Decision_Tree"
2,0.73147246724076,0.605321321321321,0.831142857142857,0.0478930922527836,0.0831589905034237,0.084009352792937,"Decision_Tree"
3,0.727309202931154,0.629986486486486,0.788262485481998,0.0510031477697708,0.0824015208526648,0.0776643536134825,"Decision_Tree"
4,0.722579683777855,0.640468468468468,0.764524970963995,0.0522321830025081,0.0807355373790564,0.0786638993591059,"Decision_Tree"
5,0.720912292954976,0.646112612612613,0.748881533101045,0.0551404626409181,0.079880237044789,0.0791934501572542,"Decision_Tree"
6,0.719809095245071,0.651605105105105,0.71424506387921,0.0534106367236262,0.0828700938156748,0.0865140288044937,"Decision_Tree"
1,0.750900702095824,0.579123123123123,0.922678281068525,0.0426576984271234,0.0790803697354343,0.03849154018271,"Decision_Tree"
2,0.740651635084562,0.61496996996997,0.841896631823461,0.0472658522311371,0.0791288818979815,0.0660286290746726,"Decision_Tree"
3,0.737737166609118,0.636106606606607,0.803387921022067,0.0505323986410374,0.0792859833426135,0.071265741355875,"Decision_Tree"
4,0.735511759581882,0.651773273273273,0.77009756097561,0.0515525808271663,0.0758934753690063,0.0727946819744346,"Decision_Tree"
5,0.732598813534789,0.660905405405405,0.746576074332172,0.0522995647095388,0.0757400564300985,0.0755721595197806,"Decision_Tree"
6,0.730837458102702,0.661509009009009,0.718689895470383,0.0510736496080836,0.0797011855997365,0.079287348568092,"Decision_Tree"
1,0.734208543909763,0.553872372372372,0.914544715447154,0.0418099289145164,0.0798095914108033,0.0408104846267632,"Decision_Tree"
2,0.737231120929292,0.611171171171171,0.837897793263647,0.0461081622855345,0.0834625789937665,0.0748499553328244,"Decision_Tree"
3,0.737068654891826,0.632810810810811,0.802742160278746,0.0473517229584161,0.080230565676872,0.0797899833119925,"Decision_Tree"
4,0.734541641816032,0.650478978978979,0.769205574912892,0.0501105958629329,0.0838484126219842,0.077762481867245,"Decision_Tree"
5,0.733887329838549,0.662003003003003,0.745394889663182,0.05054395239348,0.0862387400150907,0.0767398394120921,"Decision_Tree"
6,0.729649972271924,0.661064564564565,0.708406504065041,0.0525156482250659,0.0891738370355029,0.0805928376369991,"Decision_Tree"
1,0.724123397788032,0.53871021021021,0.909536585365854,0.0414262660843596,0.0741909420739651,0.041067574432272,"Decision_Tree"
2,0.744679609487536,0.626429429429429,0.802403019744483,0.0492305230086282,0.0810641841687983,0.0752417764823617,"Decision_Tree"
3,0.744561016591504,0.636608108108108,0.790068524970964,0.0505210808284292,0.0761572503563733,0.0720179300922255,"Decision_Tree"
4,0.738274950473121,0.652764264264264,0.769443670150987,0.0507610520437596,0.0739100512304557,0.0690708564695175,"Decision_Tree"
5,0.731432044849728,0.659978978978979,0.753367015098722,0.0509991489899827,0.0740698907322095,0.0706484931085706,"Decision_Tree"
6,0.725378816098328,0.66604954954955,0.703514518002323,0.0510390816956588,0.084219844936625,0.0800283916445287,"Decision_Tree"
1,0.74056774806165,0.56404954954955,0.917085946573751,0.0394747188629021,0.076269036675283,0.0398310558269733,"Decision_Tree"
2,0.735319423517594,0.611881381381381,0.820563298490128,0.0464941413146828,0.0795577090957863,0.0683601239589812,"Decision_Tree"
3,0.734931403528964,0.631046546546547,0.788817653890825,0.0481484389777055,0.0787649439354111,0.0712855868608184,"Decision_Tree"
4,0.732169831416783,0.646274774774775,0.760786295005807,0.050995230764278,0.0810194694058001,0.0747175359445133,"Decision_Tree"
5,0.72912272987273,0.657848348348348,0.736664343786295,0.0526978139870951,0.0788141387232123,0.0783075569911442,"Decision_Tree"
6,0.727943022290583,0.667315315315315,0.701982578397213,0.0537623630021865,0.0806950964737639,0.0783024707323445,"Decision_Tree"
1,0.741369623107428,0.575376876876877,0.907362369337979,0.0446256477608669,0.0783106573746744,0.0419246830115221,"Decision_Tree"
2,0.731014453041892,0.620301801801802,0.808974448315912,0.0501908401204739,0.0812769582477729,0.0771065058380321,"Decision_Tree"
3,0.72736215091398,0.638785285285285,0.775006968641115,0.0542756475394987,0.082485426223589,0.0732973392887214,"Decision_Tree"
4,0.72473432840506,0.651025525525526,0.754186991869919,0.0557291313422201,0.0784670178691198,0.0750140441967972,"Decision_Tree"
5,0.722114668239668,0.653695195195195,0.736095238095238,0.0560889588603209,0.0787639029379547,0.0772889217700829,"Decision_Tree"
6,0.720829432655652,0.647277777777778,0.701687572590012,0.0567608333255149,0.0839565732392454,0.0803168961039164,"Decision_Tree"
1,0.712016542675079,0.525648648648649,0.89838443670151,0.04022221297169,0.0779846307658938,0.0473571526818665,"Decision_Tree"
2,0.716094811710665,0.580912912912913,0.844701509872242,0.0453705952808245,0.078820703422776,0.0701661625011349,"Decision_Tree"
3,0.705855371050493,0.612001501501501,0.776840882694541,0.0489426059464004,0.0802790811948857,0.0750885403886278,"Decision_Tree"
4,0.702412967845895,0.624076576576577,0.748638792102207,0.0504898016670577,0.080952347065578,0.0754616815305807,"Decision_Tree"
5,0.701156798784848,0.633477477477478,0.728918699186992,0.0511439867735136,0.0822407091825162,0.0762994874054819,"Decision_Tree"
6,0.700904165489531,0.623285285285285,0.702808362369338,0.0508907910362332,0.0854390916086274,0.0843814777679987,"Decision_Tree"
1,0.714055968860847,0.528171171171171,0.899940766550523,0.0417803665756189,0.0774644792239614,0.0417381686009858,"Decision_Tree"
2,0.711618960423838,0.592223723723724,0.781524970963995,0.0480751625967722,0.0853972519842882,0.0796334262029337,"Decision_Tree"
3,0.713201937564742,0.608057057057057,0.76401393728223,0.0524116823004837,0.0826729930732248,0.0793445596729353,"Decision_Tree"
4,0.709037491760053,0.62153003003003,0.742354239256678,0.0540396777988185,0.0821345244478027,0.0788456367387172,"Decision_Tree"
5,0.702781512784562,0.629659159159159,0.723171893147503,0.0562542619668046,0.0840520250608647,0.0779120598570615,"Decision_Tree"
6,0.700535352425596,0.631843843843844,0.684547038327526,0.0555680804122435,0.092342301194582,0.0801874142288033,"Decision_Tree"
1,0.726969656067217,0.556552552552553,0.897386759581882,0.044235973882717,0.0784686371600181,0.0459148487633966,"Decision_Tree"
2,0.712810640780153,0.602142642642643,0.796360046457607,0.0511007090538198,0.0823824559001435,0.0711059137141332,"Decision_Tree"
3,0.706488085646622,0.61604954954955,0.769196283391405,0.0538004557140865,0.081768072048079,0.0757268621461166,"Decision_Tree"
4,0.703693000927757,0.625403903903904,0.749607433217189,0.0536057159682356,0.081300125269849,0.0754343822149458,"Decision_Tree"
5,0.701375107250107,0.632255255255255,0.726988385598142,0.0540115876194124,0.0827767818120188,0.0798746636485775,"Decision_Tree"
6,0.707110516003809,0.631668168168168,0.694,0.0538753143115157,0.0829073561704716,0.084673712045413,"Decision_Tree"
1,0.743271672369233,0.565537537537538,0.921005807200929,0.0411380904649637,0.0767282653162099,0.0394537775403079,"Decision_Tree"
2,0.731338845378479,0.602551051051051,0.838318234610917,0.0490574795537527,0.0811656113913613,0.0699329240850904,"Decision_Tree"
3,0.731941597956842,0.626951951951952,0.801102206736353,0.0500628499164624,0.080386273017962,0.0742636189019327,"Decision_Tree"
4,0.730827783794247,0.640747747747748,0.777443670150987,0.0522777860202641,0.0798795947576588,0.0763542794069462,"Decision_Tree"
5,0.729555815833255,0.65431981981982,0.755962833914053,0.0526755049593225,0.0805019743008651,0.0737606243219205,"Decision_Tree"
6,0.729567191756216,0.655704204204204,0.725580720092915,0.0551349094759599,0.0861746711803681,0.0749908543028631,"Decision_Tree"
1,0.740466088039259,0.562249249249249,0.918682926829268,0.0430538433256622,0.075492652683104,0.0393407837498956,"Decision_Tree"
2,0.743216798680213,0.627941441441441,0.818709639953542,0.0503144073579841,0.082277284011988,0.0752410658214171,"Decision_Tree"
3,0.739546478534283,0.639004504504505,0.793017421602787,0.050862507214327,0.0824639908441586,0.0747625117717889,"Decision_Tree"
4,0.733160370300614,0.647066066066066,0.773569105691057,0.0510705729709304,0.0820106812007827,0.0774916761416862,"Decision_Tree"
5,0.728001130049911,0.651761261261261,0.752592334494773,0.0505525460003645,0.0794350034737739,0.0804285254065689,"Decision_Tree"
6,0.727365818780453,0.648552552552553,0.713469221835076,0.0535445959572247,0.0812052043691105,0.0803230232798809,"Decision_Tree"
1,0.732134279750133,0.556806306306306,0.90746225319396,0.0398213015266021,0.0743270766309927,0.0418395234830257,"Decision_Tree"
2,0.735649571173961,0.63115015015015,0.787249709639954,0.0506142892119292,0.0858567371503402,0.0758978461041112,"Decision_Tree"
3,0.736403909571593,0.639399399399399,0.776918699186992,0.0515158189355932,0.0844546452229159,0.0766548862602163,"Decision_Tree"
4,0.731223062348062,0.649435435435435,0.757452961672474,0.0535827272931717,0.0830988273150704,0.0787136970803014,"Decision_Tree"
5,0.727088313487704,0.657481981981982,0.742282229965157,0.0548079001224315,0.0839116517188322,0.0787820438788919,"Decision_Tree"
6,0.724700811438616,0.652779279279279,0.702465737514518,0.0557766832925102,0.0821486151689034,0.0792763388629873,"Decision_Tree"
1,0.723614679139069,0.528192192192192,0.919037166085947,0.043653557765636,0.0785248233178612,0.042795678322592,"Decision_Tree"
2,0.732610749250993,0.608569069069069,0.790955865272938,0.052561662210668,0.0942807926336375,0.0864054015840341,"Decision_Tree"
3,0.732737556371703,0.618581081081081,0.776462253193961,0.0549720240912902,0.0904054211876469,0.0834782239341119,"Decision_Tree"
4,0.731484616585226,0.628271771771772,0.764735191637631,0.0551191287486093,0.0895828640504334,0.0832684059387103,"Decision_Tree"
5,0.726623672452941,0.638809309309309,0.746349593495935,0.0546828072943017,0.0871822821304294,0.0806196412212066,"Decision_Tree"
6,0.719005737008786,0.649279279279279,0.7051393728223,0.0538428334659828,0.0878091973182762,0.080514408065691,"Decision_Tree"
1,0.7500958685166,0.59316966966967,0.907022067363531,0.0419808790280879,0.0765761768329874,0.0453406980270986,"Decision_Tree"
2,0.743585654033825,0.636804804804805,0.8192868757259,0.0495262031282617,0.0768497253054848,0.0715969269335271,"Decision_Tree"
3,0.742553690014056,0.652276276276276,0.793619047619048,0.0523409810421872,0.0765710000085231,0.0713162681570262,"Decision_Tree"
4,0.739986462507804,0.663093093093093,0.771008130081301,0.0537915390761836,0.0757276875966178,0.0740826317820371,"Decision_Tree"
5,0.737684804142121,0.675912912912913,0.748947735191638,0.0556195673432307,0.0741707593439729,0.0759564797088465,"Decision_Tree"
6,0.734979914147597,0.682725225225225,0.720239256678281,0.0553396334331918,0.0795152495920847,0.0783999505739536,"Decision_Tree"
1,0.741474720364964,0.561402402402402,0.921547038327526,0.0403902544028445,0.0755021009413056,0.0399689055030409,"Decision_Tree"
2,0.744930837196081,0.623987987987988,0.815903600464576,0.0472039459748449,0.0838735682201266,0.0725892104815919,"Decision_Tree"
3,0.743570279774548,0.639145645645646,0.790144018583043,0.0498989706365192,0.0812548088427706,0.0748062628259361,"Decision_Tree"
4,0.739561403302257,0.653506006006006,0.766206736353078,0.0515572646947044,0.0788082182806426,0.0761016792093656,"Decision_Tree"
5,0.735443705465047,0.662644144144144,0.743135888501742,0.052611971955577,0.0778885757519211,0.0758459343696539,"Decision_Tree"
6,0.733399941317624,0.663636636636637,0.706283391405343,0.0516743987078176,0.0798095322104985,0.0769902857475104,"Decision_Tree"
1,0.769089080369568,0.608417417417417,0.929760743321719,0.0383729423562367,0.0733089573082224,0.0371792382678418,"Decision_Tree"
2,0.76396348482629,0.637900900900901,0.871068524970964,0.0409371730436808,0.074055252296086,0.0623921137609672,"Decision_Tree"
3,0.761709408450262,0.655938438438438,0.83537049941928,0.0418042055311393,0.07255366909191,0.0726614037660712,"Decision_Tree"
4,0.75993598956099,0.669054054054054,0.798252032520325,0.0441379856805302,0.0745959831770464,0.0798319149858774,"Decision_Tree"
5,0.758559579178482,0.679809309309309,0.774313588850174,0.0464266356375511,0.0729888430748309,0.0774908431979954,"Decision_Tree"
6,0.756966364448072,0.685734234234234,0.746876887340302,0.0464581003480788,0.0749279989929371,0.0793631567700783,"Decision_Tree"
1,0.745786755396512,0.570834834834835,0.920738675958188,0.0414125271231697,0.0710300793779326,0.0417432973362081,"Decision_Tree"
2,0.748040221842051,0.624552552552553,0.836434378629501,0.0480319414218727,0.0785713691572934,0.0725968505223899,"Decision_Tree"
3,0.747136479249284,0.635142642642643,0.819730545876887,0.0513786466547741,0.0762197437049222,0.0805511325577208,"Decision_Tree"
4,0.743178952035659,0.649825825825826,0.793439024390244,0.0531210319762424,0.0746498598689315,0.078205596330726,"Decision_Tree"
5,0.741173361514825,0.663310810810811,0.770580720092915,0.053383213538555,0.0742771950270069,0.0801714383276871,"Decision_Tree"
6,0.738830862221106,0.675935435435435,0.729239256678281,0.0556065566003269,0.0825220184743711,0.0803426636435631,"Decision_Tree"
1,0.752682372267738,0.584615615615616,0.920749128919861,0.0439921187760661,0.0778478477498299,0.0401321063983451,"Decision_Tree"
2,0.746959756795123,0.622075075075075,0.840957026713124,0.0475838260455299,0.083163778654426,0.068348065946986,"Decision_Tree"
3,0.748283630320216,0.64304954954955,0.808311265969803,0.0501597036105696,0.0816799085940208,0.0714349062449835,"Decision_Tree"
4,0.746488873455337,0.65571021021021,0.785692218350755,0.05270852876935,0.0804878933760984,0.0723278453684685,"Decision_Tree"
5,0.744520623846843,0.665262762762763,0.758952380952381,0.0535049134990633,0.0818599954941792,0.07619714588422,"Decision_Tree"
6,0.745266312915703,0.676072072072072,0.720642276422764,0.0546878109524158,0.0872922668910396,0.0791832399683479,"Decision_Tree"
1,0.737286585365854,0.568833333333333,0.905739837398374,0.042948186034305,0.0780882741022098,0.0457439742552527,"Decision_Tree"
2,0.734994865510109,0.63242042042042,0.801745644599303,0.0520278040937995,0.0854907638877102,0.083671496758105,"Decision_Tree"
3,0.73162774970092,0.643825825825826,0.773664343786295,0.0537169169110903,0.0825094728074417,0.0771780294251644,"Decision_Tree"
4,0.727830485101827,0.64975975975976,0.760003484320558,0.0548014000416184,0.0799798429608192,0.0778155260918729,"Decision_Tree"
5,0.719586869971016,0.65136036036036,0.742505226480836,0.0540744850204861,0.0797974405583054,0.0795543440472941,"Decision_Tree"
6,0.716346083452791,0.64062012012012,0.697321718931475,0.0532122139334372,0.0820044833266188,0.0835874128416164,"Decision_Tree"
1,0.729008391666928,0.547822822822823,0.910193960511034,0.0410905885489254,0.074746606421861,0.0432415499373141,"Decision_Tree"
2,0.738767094184777,0.625462462462463,0.779419279907085,0.0541621569016858,0.0911889360545213,0.0763802596754594,"Decision_Tree"
3,0.73995292243463,0.634313813813814,0.768078977932636,0.0550827463337166,0.0876109009863387,0.0750081308872273,"Decision_Tree"
4,0.734725958100958,0.642624624624625,0.75149593495935,0.0552754476833033,0.0863294461358329,0.0775089152818352,"Decision_Tree"
5,0.728256360454531,0.651361861861862,0.734707317073171,0.055767012416444,0.0853821722616261,0.0773417172806099,"Decision_Tree"
6,0.72011598009159,0.659728228228228,0.69025900116144,0.0560073292440493,0.0898964251854372,0.0805443739264592,"Decision_Tree"
1,0.718982065689383,0.537933933933934,0.900030197444832,0.0435712825194621,0.082812129568599,0.0495671625009325,"Decision_Tree"
2,0.73174384227433,0.620004504504505,0.788746806039489,0.0518171616927165,0.0881343312982923,0.0829378639452445,"Decision_Tree"
3,0.732543069201606,0.634572072072072,0.766623693379791,0.0542655603965186,0.089107893310008,0.0833071517943177,"Decision_Tree"
4,0.730707973653096,0.647006006006006,0.752835075493612,0.0543063657111281,0.0865069579965987,0.0808107197988411,"Decision_Tree"
5,0.724375405021746,0.654905405405405,0.736432055749129,0.0549501463336854,0.0838577214573534,0.0831260546584357,"Decision_Tree"
6,0.722001407330676,0.651515015015015,0.699461091753775,0.0547496841134045,0.0830045757540872,0.083067244502302,"Decision_Tree"
1,0.735998022412657,0.559126126126126,0.912869918699187,0.0379173191432939,0.0725386700099868,0.0403144707558443,"Decision_Tree"
2,0.738964967580821,0.620177177177177,0.817881533101045,0.0444503988227105,0.0770999295553691,0.0728706269723554,"Decision_Tree"
3,0.735236774230677,0.632235735735736,0.792554006968641,0.0463660740569827,0.0755601081742751,0.0796128189670973,"Decision_Tree"
4,0.731958394805956,0.640545045045045,0.775543554006969,0.0470519354230825,0.0737787589363702,0.0787287624160719,"Decision_Tree"
5,0.729128740238496,0.648228228228228,0.758721254355401,0.0484976927941737,0.0738507044479941,0.0795281673788359,"Decision_Tree"
6,0.725108553675627,0.645878378378378,0.716901277584204,0.0502324785934042,0.0793398092298405,0.0855650056099237,"Decision_Tree"
1,0.713102999340804,0.534653153153153,0.891552845528455,0.0415751405369128,0.0795981461819291,0.0500471971737898,"Decision_Tree"
2,0.730245257888551,0.633249249249249,0.764695702671312,0.0575410856640476,0.0936974064820599,0.0787184576135443,"Decision_Tree"
3,0.731324949077998,0.642082582582583,0.754494773519164,0.0576931744209325,0.0883770846099952,0.0756647479895391,"Decision_Tree"
4,0.725222772859968,0.64607957957958,0.745413472706156,0.0592078014315053,0.0853256757884237,0.077778833706862,"Decision_Tree"
5,0.718984978445344,0.653596096096096,0.728435540069686,0.0578598624047947,0.0843587925141846,0.0761896222622552,"Decision_Tree"
6,0.716798085106012,0.650891891891892,0.687809523809524,0.0570315772004481,0.0868014485911478,0.0824460521524954,"Decision_Tree"
1,0.757531596927938,0.615935435435435,0.899127758420441,0.0424282786531109,0.0747252456399432,0.0454178755652637,"Decision_Tree"
2,0.765372146100805,0.673528528528529,0.837393728222997,0.0479292131267524,0.074766514314046,0.061642761089659,"Decision_Tree"
3,0.753534764293911,0.686518018018018,0.784420441347271,0.0487186080078377,0.0761514291381746,0.0748551459845069,"Decision_Tree"
4,0.750528668040863,0.693806306306306,0.753113821138211,0.0489565123645412,0.0772463097188655,0.0809047386036926,"Decision_Tree"
5,0.748064417204661,0.697336336336336,0.728632984901278,0.0496218109779717,0.0769209770053918,0.0791893346970024,"Decision_Tree"
6,0.748909208424452,0.69109009009009,0.70893031358885,0.0488853008580018,0.0763928241767287,0.0779186474454538,"Decision_Tree"
1,0.734081340050852,0.56259009009009,0.905572590011614,0.0414950920668104,0.0738527642111727,0.042663675527223,"Decision_Tree"
2,0.730032997718973,0.603255255255255,0.837774680603949,0.0451231784898609,0.0772621775972352,0.066345986437659,"Decision_Tree"
3,0.72477779521682,0.627171171171171,0.793714285714286,0.048561641754713,0.0788324551029553,0.0649555925292806,"Decision_Tree"
4,0.723614021687192,0.641585585585586,0.76883275261324,0.0502518868786298,0.0766584752683339,0.0665262766755649,"Decision_Tree"
5,0.722496593283179,0.654582582582583,0.744990708478513,0.0509193429876582,0.0780455173844309,0.0719107123369444,"Decision_Tree"
6,0.723910511992829,0.654888888888889,0.716896631823461,0.051345291224136,0.0762860037973461,0.0712741247682879,"Decision_Tree"
1,0.731812913959255,0.55145045045045,0.91217537746806,0.0398683694407513,0.073576739793896,0.0420090896039234,"Decision_Tree"
2,0.732426046255315,0.616692192192192,0.81653193960511,0.0464894516282483,0.0778690533963085,0.0676278680592787,"Decision_Tree"
3,0.724126939221451,0.624261261261261,0.796580720092915,0.0466209248431994,0.0758381876641448,0.0775336890204427,"Decision_Tree"
4,0.719448245719587,0.638659159159159,0.765471544715447,0.0492985594666795,0.0741202908569369,0.0771387858791248,"Decision_Tree"
5,0.717391812108276,0.646801801801802,0.741313588850174,0.0506345012513639,0.0770091567653649,0.0782581142355812,"Decision_Tree"
6,0.715500471290105,0.647046546546547,0.708598141695703,0.0514057836203157,0.0825326862968926,0.0813720035178503,"Decision_Tree"
1,0.743541361919411,0.581411411411411,0.90567131242741,0.0426103279786791,0.0758023771594412,0.0407495452080791,"Decision_Tree"
2,0.740152800448532,0.645540540540541,0.782198606271777,0.0530153684095198,0.0864673073359447,0.0808369817667892,"Decision_Tree"
3,0.742485932360932,0.65713963963964,0.765598141695703,0.0534380985736428,0.0824910230513074,0.0756240794522768,"Decision_Tree"
4,0.741896667137521,0.663013513513514,0.755325203252033,0.053759241535847,0.0810821678179684,0.074370823253423,"Decision_Tree"
5,0.74118626509785,0.670345345345345,0.744577235772358,0.0529046172767039,0.0790432666348431,0.0739733101266103,"Decision_Tree"
6,0.743635210994967,0.683045045045045,0.716090592334495,0.0533575256782728,0.0786048261849245,0.0792176991834207,"Decision_Tree"
1,0.748266396187128,0.575367867867868,0.921164924506388,0.0412057887254955,0.0758082012670413,0.0398265625112063,"Decision_Tree"
2,0.731040943818383,0.602048048048048,0.8398606271777,0.0449721262076214,0.0763978874795144,0.0794390523815946,"Decision_Tree"
3,0.726225988619281,0.617917417417417,0.799701509872242,0.046790952510639,0.0744562836154608,0.0807478440134066,"Decision_Tree"
4,0.72257102703749,0.629875375375375,0.768825783972125,0.0477982862252989,0.0763650110849902,0.0778791267470313,"Decision_Tree"
5,0.72082759937638,0.635578078078078,0.751423925667828,0.0482527587442919,0.0749465321130583,0.0744776861211322,"Decision_Tree"
6,0.718606451399134,0.637463963963964,0.712133565621371,0.0485483671145489,0.0761311985464134,0.0804359045165314,"Decision_Tree"
1,0.723030495652447,0.546018018018018,0.900042973286876,0.0406220040229305,0.0728056134698792,0.0404974578949893,"Decision_Tree"
2,0.721768603969823,0.601048048048048,0.81252380952381,0.0509329299849033,0.0870716670311606,0.0741108229302574,"Decision_Tree"
3,0.722547631690924,0.620861861861862,0.785267131242741,0.0544829629580446,0.0810321552955915,0.0773359294746779,"Decision_Tree"
4,0.7151034980974,0.635746246246246,0.753333333333333,0.0540738648794497,0.0833360353226566,0.0768370241095984,"Decision_Tree"
5,0.708329655875388,0.643647147147147,0.732102206736353,0.0533711738057597,0.0844608310804751,0.0772501553625448,"Decision_Tree"
6,0.706952236208334,0.635184684684685,0.690269454123113,0.0560449228747695,0.0899345450278812,0.078280920343012,"Decision_Tree"
1,0.751091751158824,0.576605105105105,0.925578397212544,0.0396588230963471,0.0721729782093575,0.0370007645655748,"Decision_Tree"
2,0.762692839180644,0.645671171171171,0.816344947735192,0.0518733261307082,0.0810647835185229,0.076079510060226,"Decision_Tree"
3,0.765362926951342,0.656801801801802,0.801073170731707,0.0537494091994384,0.0755256194452095,0.0726406720546273,"Decision_Tree"
4,0.763749283255381,0.665948948948949,0.78352380952381,0.0538008432851013,0.0728181697970091,0.0726561161444633,"Decision_Tree"
5,0.759400896105164,0.674825825825826,0.763225319396051,0.0526429111783914,0.0733903115568039,0.0744673980858117,"Decision_Tree"
6,0.751726139466993,0.686172672672673,0.722408826945412,0.0551481120776889,0.0795657172741879,0.079930659816607,"Decision_Tree"
1,0.720676005273566,0.538108108108108,0.903243902439024,0.0426260179899223,0.0800673289651037,0.0416094146832358,"Decision_Tree"
2,0.760438949402364,0.647052552552553,0.793873403019745,0.0579959476222968,0.095657996371809,0.0762079980605264,"Decision_Tree"
3,0.761209686167003,0.652924924924925,0.78652380952381,0.0577953241104394,0.0912985064208785,0.0774166898959565,"Decision_Tree"
4,0.754427001042855,0.663839339339339,0.771126596980256,0.0591338891431845,0.0869237699266757,0.0743991892498037,"Decision_Tree"
5,0.740925115010481,0.665629129129129,0.751198606271777,0.0586126746621309,0.0848329111565219,0.0720586547304675,"Decision_Tree"
6,0.734578796130625,0.659672672672673,0.702391405342625,0.0560672508636772,0.084892419883127,0.0784503909249335,"Decision_Tree"
1,0.745466030490421,0.586561561561562,0.90437049941928,0.0408592452767015,0.07157426403364,0.0405495644932058,"Decision_Tree"
2,0.759141294168733,0.658084084084084,0.82872706155633,0.0466404746863622,0.0762104792269828,0.0772066932008738,"Decision_Tree"
3,0.75536419171785,0.67321021021021,0.797127758420441,0.0489995845060779,0.0754396031378749,0.0774255926149715,"Decision_Tree"
4,0.75125022496364,0.682292792792793,0.770664343786295,0.0508288839529922,0.0742465711417957,0.0846456555506625,"Decision_Tree"
5,0.749914155008667,0.6896996996997,0.746811846689895,0.0514000031127337,0.0756023358475645,0.0838771679768315,"Decision_Tree"
6,0.751953551548064,0.68624024024024,0.718413472706156,0.0524896024817723,0.078933733796862,0.0811677360182745,"Decision_Tree"
1,0.722933913007084,0.534375375375375,0.911492450638792,0.0416325241365444,0.0769816311605517,0.0426403465255698,"Decision_Tree"
2,0.759566971152337,0.657243243243243,0.775940766550523,0.0583427801706823,0.096228423352021,0.0791539299005157,"Decision_Tree"
3,0.759761807103271,0.660942942942943,0.77149012775842,0.0593360391044495,0.0934685322862786,0.077406927746942,"Decision_Tree"
4,0.752998228629326,0.669078078078078,0.761085946573752,0.0591934489687203,0.0854767926429406,0.0752008624514124,"Decision_Tree"
5,0.746238060795988,0.676435435435435,0.74906968641115,0.0600870775865159,0.0847598752831684,0.0749591162824082,"Decision_Tree"
6,0.739073569649789,0.672495495495495,0.705998838559814,0.0596532177463749,0.0904399751039356,0.0824128378824086,"Decision_Tree"
1,0.744913035858158,0.571719219219219,0.918106852497096,0.0420214990186923,0.0764503484640949,0.0369370069143861,"Decision_Tree"
2,0.742020452072281,0.622857357357357,0.819242740998839,0.0486347566492515,0.0810618011472416,0.065514516320133,"Decision_Tree"
3,0.740569603139725,0.634617117117117,0.800163763066202,0.050522974704125,0.0789254304987194,0.0696062786464969,"Decision_Tree"
4,0.738228284905114,0.648695195195195,0.778185830429733,0.0513984518834025,0.0760500690879721,0.0692981700851616,"Decision_Tree"
5,0.735687583053437,0.660599099099099,0.755909407665505,0.0534146562138866,0.0778796474480308,0.0728820165051042,"Decision_Tree"
6,0.73275371669579,0.666223723723724,0.713082462253194,0.0527195020012562,0.0766645321855769,0.0765572748886896,"Decision_Tree"
1,0.731395867993429,0.566357357357357,0.896434378629501,0.0432530869158922,0.0788380253508709,0.0438664610890148,"Decision_Tree"
2,0.725363597918476,0.613863363363363,0.818714285714286,0.0472937163352748,0.0786539986962455,0.0720611724707023,"Decision_Tree"
3,0.722545210279966,0.635593093093093,0.783039488966318,0.0486567224385002,0.078051679220421,0.0722789280735242,"Decision_Tree"
4,0.719629981462299,0.650280780780781,0.75516144018583,0.0504000630693424,0.0810351377404277,0.0710733146884533,"Decision_Tree"
5,0.716913107358229,0.658674174174174,0.738306620209059,0.0523320739370198,0.0828654681292967,0.0733674845184958,"Decision_Tree"
6,0.721087007303471,0.653855855855856,0.703887340301974,0.0525617158986619,0.0858801471964407,0.0764509562617754,"Decision_Tree"
1,0.732905957351079,0.560466966966967,0.905344947735192,0.0446891657036842,0.0769825891949868,0.0437031096370878,"Decision_Tree"
2,0.736838412890242,0.613911411411411,0.845275261324042,0.0473216188034954,0.0781731410761715,0.0719085220318758,"Decision_Tree"
3,0.727536720954404,0.631576576576577,0.794849012775842,0.0487810517887857,0.0756324597044119,0.0766806973714913,"Decision_Tree"
4,0.721791348840129,0.646400900900901,0.760009291521487,0.0512243310018698,0.0768013993625662,0.0756481417144824,"Decision_Tree"
5,0.721197642764716,0.65492042042042,0.736937282229965,0.0521412469461064,0.0775275430016126,0.0757721116105645,"Decision_Tree"
6,0.720442687896956,0.648,0.7068606271777,0.0547120206980799,0.0857920138353451,0.079494819954664,"Decision_Tree"
1,0.732681922340459,0.562693693693694,0.902670150987224,0.0414989475471566,0.0737935401558501,0.0417815761391394,"Decision_Tree"
2,0.741936549354232,0.639551051051051,0.781774680603949,0.053055309198836,0.0850477889023163,0.0732724660533931,"Decision_Tree"
3,0.742165406695894,0.647438438438438,0.769163763066202,0.0537251456995022,0.0845453399172908,0.0711127381210404,"Decision_Tree"
4,0.740031820147674,0.657010510510511,0.75749012775842,0.0544147891272161,0.0814749018024759,0.073002520770144,"Decision_Tree"
5,0.732730831877173,0.661611111111111,0.742673635307782,0.0566358218705414,0.0806782340702339,0.0730414081348311,"Decision_Tree"
6,0.726050344333881,0.652788288288288,0.70091637630662,0.0531899395998859,0.0811219495998805,0.0774511181233936,"Decision_Tree"
1,0.740941972460265,0.578046546546547,0.903837398373984,0.0417513665697491,0.0786180956328155,0.0402029587856874,"Decision_Tree"
2,0.744581327407547,0.636900900900901,0.816513356562137,0.0481718672703269,0.079826872187189,0.0710694474605796,"Decision_Tree"
3,0.740222639887274,0.653594594594595,0.782008130081301,0.0499391393577271,0.0794041044516344,0.0737281133643083,"Decision_Tree"
4,0.737424915333452,0.665073573573574,0.756826945412311,0.0518255900448813,0.082213491616597,0.0737566209103598,"Decision_Tree"
5,0.734232140677263,0.668536036036036,0.741480836236934,0.0529007457698225,0.0852718145479854,0.0775506931658282,"Decision_Tree"
6,0.731979791202352,0.655327327327327,0.715082462253194,0.0496528044063509,0.0858322772276936,0.0826869917933719,"Decision_Tree"
1,0.719248098272488,0.536078078078078,0.902418118466899,0.0405991464908475,0.0727122071700131,0.0446420722465368,"Decision_Tree"
2,0.716196130799789,0.610004504504504,0.769757259001161,0.0521190449492453,0.0870216854639739,0.0823392887791012,"Decision_Tree"
3,0.715140832034125,0.621168168168168,0.753399535423926,0.0545698766590479,0.0842833808643533,0.0842241845363274,"Decision_Tree"
4,0.709024763875374,0.626003003003003,0.743067363530778,0.0561430543682589,0.082702736693489,0.0847810326917499,"Decision_Tree"
5,0.704288980182273,0.628438438438438,0.729599303135888,0.0569214748428285,0.0807005835595483,0.0853619567290005,"Decision_Tree"
6,0.70855588689735,0.630873873873874,0.700348432055749,0.0563661336345871,0.0773028752529188,0.0870008814267937,"Decision_Tree"
1,0.717473987925207,0.525498498498499,0.909449477351916,0.0415967169610332,0.0780022758098738,0.0411563351059074,"Decision_Tree"
2,0.72893460141326,0.607561561561562,0.797204413472706,0.0542054278496369,0.0917433782701624,0.0814984386887259,"Decision_Tree"
3,0.728208487668853,0.619977477477477,0.777983739837398,0.0565168626971602,0.085679058018038,0.0806840764332777,"Decision_Tree"
4,0.720497045390338,0.628438438438438,0.756322880371661,0.0566436539771936,0.0865036706776272,0.0796222765829583,"Decision_Tree"
5,0.715413793148549,0.638876876876877,0.735766550522648,0.0559932800217745,0.0849558341610404,0.0806587832374692,"Decision_Tree"
6,0.718993600743601,0.644768768768769,0.690924506387921,0.0580883808099438,0.0880783260321431,0.0834914284406446,"Decision_Tree"
1,0.750309861254983,0.573941441441441,0.926678281068525,0.0402333611088453,0.0718705224009226,0.0374967272335469,"Decision_Tree"
2,0.761304638261955,0.632888888888889,0.859506387921022,0.0460989631480061,0.0731955688683853,0.064638146943668,"Decision_Tree"
3,0.758662898525703,0.646070570570571,0.82837049941928,0.048404405422778,0.0747558978996888,0.0726799800066362,"Decision_Tree"
4,0.753860638513077,0.658417417417417,0.795032520325203,0.0499390656215688,0.0758108904345077,0.0755595060272664,"Decision_Tree"
5,0.748998833328102,0.66846996996997,0.764880371660859,0.0498484742137889,0.0749210070499546,0.0767585590850692,"Decision_Tree"
6,0.749766976035269,0.676513513513514,0.724264808362369,0.0516519365006416,0.0749463386174012,0.0838824055482021,"Decision_Tree"
