"cancer","normal","names","model"
0.769346785937175,0.769346785937175,"fit_result","RBF_SVM"
0.601375598086124,0.601375598086124,"Otu00002","RBF_SVM"
0.600686498855835,0.600686498855835,"Otu00058","RBF_SVM"
0.597917100062409,0.597917100062409,"Otu00361","RBF_SVM"
0.596096837944664,0.596096837944664,"Otu00110","RBF_SVM"
0.583198980653214,0.583198980653214,"Otu00367","RBF_SVM"
0.582145828999376,0.582145828999376,"Otu00822","RBF_SVM"
0.581703765342209,0.581703765342209,"Otu00010","RBF_SVM"
0.577478156854587,0.577478156854587,"Otu00109","RBF_SVM"
0.574136675681298,0.574136675681298,"Otu00126","RBF_SVM"
0.774118473060121,0.774118473060121,"fit_result","RBF_SVM"
0.600296442687747,0.600296442687747,"Otu00058","RBF_SVM"
0.599919388391928,0.599919388391928,"Otu00002","RBF_SVM"
0.59822914499688,0.59822914499688,"Otu00128","RBF_SVM"
0.586280424381111,0.586280424381111,"Otu00367","RBF_SVM"
0.585383295194508,0.585383295194508,"Otu00033","RBF_SVM"
0.585175265238194,0.585175265238194,"Otu00264","RBF_SVM"
0.582574890784273,0.582574890784273,"Otu00822","RBF_SVM"
0.579480445184106,0.579480445184106,"Otu00018","RBF_SVM"
0.57737414187643,0.57737414187643,"Otu00005","RBF_SVM"
0.782192635739547,0.782192635739547,"fit_result","RBF_SVM"
0.59688995215311,0.59688995215311,"Otu00058","RBF_SVM"
0.594354587060537,0.594354587060537,"Otu00822","RBF_SVM"
0.593808508425213,0.593808508425213,"Otu00367","RBF_SVM"
0.59324942791762,0.59324942791762,"Otu00110","RBF_SVM"
0.588698772623258,0.588698772623258,"Otu00002","RBF_SVM"
0.586085396297067,0.586085396297067,"Otu00361","RBF_SVM"
0.581313709174121,0.581313709174121,"Otu00109","RBF_SVM"
0.580780632411067,0.580780632411067,"Otu00155","RBF_SVM"
0.580117536925317,0.580117536925317,"Otu00128","RBF_SVM"
0.769632827127106,0.769632827127106,"fit_result","RBF_SVM"
0.609189723320158,0.609189723320158,"Otu00002","RBF_SVM"
0.595446744331184,0.595446744331184,"Otu00264","RBF_SVM"
0.595160703141252,0.595160703141252,"Otu00044","RBF_SVM"
0.593834512169752,0.593834512169752,"Otu00058","RBF_SVM"
0.593808508425213,0.593808508425213,"Otu00367","RBF_SVM"
0.593444456001664,0.593444456001664,"Otu00110","RBF_SVM"
0.591780216351155,0.591780216351155,"Otu00361","RBF_SVM"
0.587762637819846,0.587762637819846,"Otu00221","RBF_SVM"
0.585357291449969,0.585357291449969,"Otu00822","RBF_SVM"
0.775379654670272,0.775379654670272,"fit_result","RBF_SVM"
0.614299459122114,0.614299459122114,"Otu00058","RBF_SVM"
0.593496463490743,0.593496463490743,"Otu00367","RBF_SVM"
0.592508321198253,0.592508321198253,"Otu00109","RBF_SVM"
0.58928385687539,0.58928385687539,"Otu00044","RBF_SVM"
0.589205845641772,0.589205845641772,"Otu00361","RBF_SVM"
0.587203557312253,0.587203557312253,"Otu00822","RBF_SVM"
0.585396297066778,0.585396297066778,"Otu00014","RBF_SVM"
0.584356147285209,0.584356147285209,"Otu00128","RBF_SVM"
0.578778344081548,0.578778344081548,"Otu00108","RBF_SVM"
0.763964010817558,0.763964010817558,"fit_result","RBF_SVM"
0.59456261701685,0.59456261701685,"Otu00367","RBF_SVM"
0.593808508425213,0.593808508425213,"Otu00058","RBF_SVM"
0.592664343665488,0.592664343665488,"Otu00128","RBF_SVM"
0.592339296858748,0.592339296858748,"Otu00822","RBF_SVM"
0.589101830663616,0.589101830663616,"Otu00002","RBF_SVM"
0.587762637819846,0.587762637819846,"Otu00113","RBF_SVM"
0.587398585396297,0.587398585396297,"Otu00110","RBF_SVM"
0.583797066777616,0.583797066777616,"Otu00010","RBF_SVM"
0.582964946952361,0.582964946952361,"Otu00361","RBF_SVM"
0.782218639484086,0.782218639484086,"fit_result","RBF_SVM"
0.607928541710006,0.607928541710006,"Otu00002","RBF_SVM"
0.599074266694404,0.599074266694404,"Otu00058","RBF_SVM"
0.59292438111088,0.59292438111088,"Otu00367","RBF_SVM"
0.589673913043478,0.589673913043478,"Otu00092","RBF_SVM"
0.586410443103807,0.586410443103807,"Otu00110","RBF_SVM"
0.584382151029748,0.584382151029748,"Otu00004","RBF_SVM"
0.583198980653214,0.583198980653214,"Otu00361","RBF_SVM"
0.580897649261494,0.580897649261494,"Otu00822","RBF_SVM"
0.580546598710214,0.580546598710214,"Otu00005","RBF_SVM"
0.774508529228209,0.774508529228209,"fit_result","RBF_SVM"
0.609098710214271,0.609098710214271,"Otu00058","RBF_SVM"
0.608981693363844,0.608981693363844,"Otu00002","RBF_SVM"
0.595017682546287,0.595017682546287,"Otu00361","RBF_SVM"
0.592209278136052,0.592209278136052,"Otu00128","RBF_SVM"
0.590324006656959,0.590324006656959,"Otu00109","RBF_SVM"
0.590154982317454,0.590154982317454,"Otu00110","RBF_SVM"
0.581560744747244,0.581560744747244,"Otu00822","RBF_SVM"
0.580832639900146,0.580832639900146,"Otu00005","RBF_SVM"
0.580221551903474,0.580221551903474,"Otu00221","RBF_SVM"
0.779813293114208,0.779813293114208,"fit_result","RBF_SVM"
0.598619201164968,0.598619201164968,"Otu00128","RBF_SVM"
0.597865092573331,0.597865092573331,"Otu00822","RBF_SVM"
0.596304867900978,0.596304867900978,"Otu00361","RBF_SVM"
0.596070834200125,0.596070834200125,"Otu00155","RBF_SVM"
0.589894944872062,0.589894944872062,"Otu00002","RBF_SVM"
0.588906802579572,0.588906802579572,"Otu00058","RBF_SVM"
0.587892656542542,0.587892656542542,"Otu00108","RBF_SVM"
0.584928229665072,0.584928229665072,"Otu00110","RBF_SVM"
0.583966091117121,0.583966091117121,"Otu00121","RBF_SVM"
0.779176201372998,0.779176201372998,"fit_result","RBF_SVM"
0.603195860203869,0.603195860203869,"Otu00058","RBF_SVM"
0.592326294986478,0.592326294986478,"Otu00110","RBF_SVM"
0.588425733305596,0.588425733305596,"Otu00128","RBF_SVM"
0.588308716455169,0.588308716455169,"Otu00004","RBF_SVM"
0.587125546078635,0.587125546078635,"Otu00361","RBF_SVM"
0.585344289577699,0.585344289577699,"Otu00002","RBF_SVM"
0.582652902017891,0.582652902017891,"Otu00334","RBF_SVM"
0.580208550031205,0.580208550031205,"Otu00030","RBF_SVM"
0.580182546286665,0.580182546286665,"Otu00028","RBF_SVM"
0.763638964010818,0.763638964010818,"fit_result","RBF_SVM"
0.614338464738922,0.614338464738922,"Otu00002","RBF_SVM"
0.596785937174953,0.596785937174953,"Otu00264","RBF_SVM"
0.5952257125026,0.5952257125026,"Otu00058","RBF_SVM"
0.592378302475556,0.592378302475556,"Otu00361","RBF_SVM"
0.59192323694612,0.59192323694612,"Otu00021","RBF_SVM"
0.591325150821718,0.591325150821718,"Otu00003","RBF_SVM"
0.590154982317454,0.590154982317454,"Otu00128","RBF_SVM"
0.589920948616601,0.589920948616601,"Otu00014","RBF_SVM"
0.589907946744331,0.589907946744331,"Otu00110","RBF_SVM"
0.763209902225921,0.763209902225921,"fit_result","RBF_SVM"
0.60812356979405,0.60812356979405,"Otu00058","RBF_SVM"
0.593197420428542,0.593197420428542,"Otu00002","RBF_SVM"
0.589816933638444,0.589816933638444,"Otu00822","RBF_SVM"
0.587996671520699,0.587996671520699,"Otu00367","RBF_SVM"
0.586748491782817,0.586748491782817,"Otu00264","RBF_SVM"
0.583459018098606,0.583459018098606,"Otu00109","RBF_SVM"
0.581924797170793,0.581924797170793,"Otu00018","RBF_SVM"
0.581599750364052,0.581599750364052,"Otu00128","RBF_SVM"
0.581183690451425,0.581183690451425,"Otu00361","RBF_SVM"
0.782036613272311,0.782036613272311,"fit_result","RBF_SVM"
0.6236738090285,0.6236738090285,"Otu00002","RBF_SVM"
0.60846161847306,0.60846161847306,"Otu00058","RBF_SVM"
0.596733929685875,0.596733929685875,"Otu00659","RBF_SVM"
0.591325150821718,0.591325150821718,"Otu00021","RBF_SVM"
0.59027199916788,0.59027199916788,"Otu00367","RBF_SVM"
0.589101830663616,0.589101830663616,"Otu00264","RBF_SVM"
0.588256708966091,0.588256708966091,"Otu00085","RBF_SVM"
0.586774495527356,0.586774495527356,"Otu00822","RBF_SVM"
0.586553463698773,0.586553463698773,"Otu00185","RBF_SVM"
0.765511233617641,0.765511233617641,"fit_result","RBF_SVM"
0.607239442479717,0.607239442479717,"Otu00128","RBF_SVM"
0.607174433118369,0.607174433118369,"Otu00058","RBF_SVM"
0.596668920324527,0.596668920324527,"Otu00002","RBF_SVM"
0.593691491574787,0.593691491574787,"Otu00109","RBF_SVM"
0.589972956105679,0.589972956105679,"Otu00822","RBF_SVM"
0.58995995423341,0.58995995423341,"Otu00367","RBF_SVM"
0.588815789473684,0.588815789473684,"Otu00361","RBF_SVM"
0.586215415019763,0.586215415019763,"Otu00121","RBF_SVM"
0.584499167880175,0.584499167880175,"Otu00108","RBF_SVM"
0.761350634491367,0.761350634491367,"fit_result","RBF_SVM"
0.614936550863324,0.614936550863324,"Otu00002","RBF_SVM"
0.592131266902434,0.592131266902434,"Otu00058","RBF_SVM"
0.591689203245267,0.591689203245267,"Otu00108","RBF_SVM"
0.590584044102351,0.590584044102351,"Otu00128","RBF_SVM"
0.588360723944248,0.588360723944248,"Otu00109","RBF_SVM"
0.586839504888704,0.586839504888704,"Otu00110","RBF_SVM"
0.584057104223008,0.584057104223008,"Otu00126","RBF_SVM"
0.582379862700229,0.582379862700229,"Otu00033","RBF_SVM"
0.581638755980861,0.581638755980861,"Otu00367","RBF_SVM"
0.771895152902018,0.771895152902018,"fit_result","RBF_SVM"
0.610099854379031,0.610099854379031,"Otu00002","RBF_SVM"
0.603884959434159,0.603884959434159,"Otu00058","RBF_SVM"
0.592105263157895,0.592105263157895,"Otu00264","RBF_SVM"
0.591832223840233,0.591832223840233,"Otu00822","RBF_SVM"
0.588139692115665,0.588139692115665,"Otu00659","RBF_SVM"
0.584746203453297,0.584746203453297,"Otu00044","RBF_SVM"
0.5816647597254,0.5816647597254,"Otu00085","RBF_SVM"
0.580338568753901,0.580338568753901,"Otu00367","RBF_SVM"
0.579948512585812,0.579948512585812,"Otu00024","RBF_SVM"
0.758802267526524,0.758802267526524,"fit_result","RBF_SVM"
0.622776679841897,0.622776679841897,"Otu00002","RBF_SVM"
0.61606771375078,0.61606771375078,"Otu00058","RBF_SVM"
0.602402745995423,0.602402745995423,"Otu00109","RBF_SVM"
0.598242146869149,0.598242146869149,"Otu00128","RBF_SVM"
0.591949240690659,0.591949240690659,"Otu00003","RBF_SVM"
0.590961098398169,0.590961098398169,"Otu00367","RBF_SVM"
0.590805075930934,0.590805075930934,"Otu00014","RBF_SVM"
0.589582899937591,0.589582899937591,"Otu00044","RBF_SVM"
0.587697628458498,0.587697628458498,"Otu00264","RBF_SVM"
0.756214894944872,0.756214894944872,"fit_result","RBF_SVM"
0.602649781568546,0.602649781568546,"Otu00058","RBF_SVM"
0.598034116912835,0.598034116912835,"Otu00659","RBF_SVM"
0.592456313709174,0.592456313709174,"Otu00221","RBF_SVM"
0.591858227584772,0.591858227584772,"Otu00822","RBF_SVM"
0.586605471187851,0.586605471187851,"Otu00361","RBF_SVM"
0.585383295194508,0.585383295194508,"Otu00121","RBF_SVM"
0.585006240898689,0.585006240898689,"Otu00110","RBF_SVM"
0.584967235281881,0.584967235281881,"Otu00002","RBF_SVM"
0.582457873933846,0.582457873933846,"Otu00004","RBF_SVM"
0.77349438319118,0.77349438319118,"fit_result","RBF_SVM"
0.60649833576035,0.60649833576035,"Otu00002","RBF_SVM"
0.599087268566674,0.599087268566674,"Otu00128","RBF_SVM"
0.598476180570002,0.598476180570002,"Otu00109","RBF_SVM"
0.597904098190139,0.597904098190139,"Otu00822","RBF_SVM"
0.594224568337841,0.594224568337841,"Otu00264","RBF_SVM"
0.5922742874974,0.5922742874974,"Otu00018","RBF_SVM"
0.591234137715831,0.591234137715831,"Otu00058","RBF_SVM"
0.58695652173913,0.58695652173913,"Otu00021","RBF_SVM"
0.586488454337425,0.586488454337425,"Otu00361","RBF_SVM"
0.776419804451841,0.776419804451841,"fit_result","RBF_SVM"
0.614000416059913,0.614000416059913,"Otu00002","RBF_SVM"
0.606069273975453,0.606069273975453,"Otu00058","RBF_SVM"
0.598606199292698,0.598606199292698,"Otu00110","RBF_SVM"
0.59591481173289,0.59591481173289,"Otu00367","RBF_SVM"
0.595212710630331,0.595212710630331,"Otu00128","RBF_SVM"
0.593392448512586,0.593392448512586,"Otu00822","RBF_SVM"
0.592105263157895,0.592105263157895,"Otu00264","RBF_SVM"
0.591767214478885,0.591767214478885,"Otu00044","RBF_SVM"
0.588802787601415,0.588802787601415,"Otu00659","RBF_SVM"
0.765277199916788,0.765277199916788,"fit_result","RBF_SVM"
0.595069690035365,0.595069690035365,"Otu00002","RBF_SVM"
0.590193987934263,0.590193987934263,"Otu00058","RBF_SVM"
0.587476596629915,0.587476596629915,"Otu00361","RBF_SVM"
0.587021531100478,0.587021531100478,"Otu00110","RBF_SVM"
0.58399209486166,0.58399209486166,"Otu00128","RBF_SVM"
0.583472019970876,0.583472019970876,"Otu00367","RBF_SVM"
0.58234085708342,0.58234085708342,"Otu00231","RBF_SVM"
0.581209694195964,0.581209694195964,"Otu00044","RBF_SVM"
0.577088100686499,0.577088100686499,"Otu00021","RBF_SVM"
0.761662679425837,0.761662679425837,"fit_result","RBF_SVM"
0.606927397545246,0.606927397545246,"Otu00002","RBF_SVM"
0.600400457665904,0.600400457665904,"Otu00058","RBF_SVM"
0.59986738090285,0.59986738090285,"Otu00021","RBF_SVM"
0.599451320990223,0.599451320990223,"Otu00004","RBF_SVM"
0.598242146869149,0.598242146869149,"Otu00822","RBF_SVM"
0.598086124401914,0.598086124401914,"Otu00003","RBF_SVM"
0.591988246307468,0.591988246307468,"Otu00185","RBF_SVM"
0.589218847514042,0.589218847514042,"Otu00109","RBF_SVM"
0.582977948824631,0.582977948824631,"Otu00428","RBF_SVM"
0.786106199292698,0.786106199292698,"fit_result","RBF_SVM"
0.602246723528188,0.602246723528188,"Otu00058","RBF_SVM"
0.598086124401914,0.598086124401914,"Otu00128","RBF_SVM"
0.595849802371542,0.595849802371542,"Otu00002","RBF_SVM"
0.589829935510713,0.589829935510713,"Otu00367","RBF_SVM"
0.589569898065321,0.589569898065321,"Otu00264","RBF_SVM"
0.589088828791346,0.589088828791346,"Otu00030","RBF_SVM"
0.588984813813189,0.588984813813189,"Otu00110","RBF_SVM"
0.579181402121906,0.579181402121906,"Otu00108","RBF_SVM"
0.577439151237778,0.577439151237778,"Otu00495","RBF_SVM"
0.775249635947576,0.775249635947576,"fit_result","RBF_SVM"
0.618629082587893,0.618629082587893,"Otu00058","RBF_SVM"
0.595628770542958,0.595628770542958,"Otu00128","RBF_SVM"
0.593301435406699,0.593301435406699,"Otu00002","RBF_SVM"
0.590532036613272,0.590532036613272,"Otu00361","RBF_SVM"
0.585929373829831,0.585929373829831,"Otu00110","RBF_SVM"
0.582210838360724,0.582210838360724,"Otu00822","RBF_SVM"
0.58201581027668,0.58201581027668,"Otu00108","RBF_SVM"
0.581235697940503,0.581235697940503,"Otu00367","RBF_SVM"
0.581105679217807,0.581105679217807,"Otu00109","RBF_SVM"
0.779683274391512,0.779683274391512,"fit_result","RBF_SVM"
0.595355731225296,0.595355731225296,"Otu00058","RBF_SVM"
0.593418452257125,0.593418452257125,"Otu00822","RBF_SVM"
0.592105263157895,0.592105263157895,"Otu00002","RBF_SVM"
0.586709486166008,0.586709486166008,"Otu00014","RBF_SVM"
0.584785209070106,0.584785209070106,"Otu00018","RBF_SVM"
0.584239130434783,0.584239130434783,"Otu00367","RBF_SVM"
0.57868733097566,0.57868733097566,"Otu00004","RBF_SVM"
0.578245267318494,0.578245267318494,"Otu00110","RBF_SVM"
0.577894216767215,0.577894216767215,"Otu00659","RBF_SVM"
0.784129914707718,0.784129914707718,"fit_result","RBF_SVM"
0.618772103182858,0.618772103182858,"Otu00002","RBF_SVM"
0.603481901393801,0.603481901393801,"Otu00058","RBF_SVM"
0.596759933430414,0.596759933430414,"Otu00185","RBF_SVM"
0.592703349282297,0.592703349282297,"Otu00017","RBF_SVM"
0.59158518826711,0.59158518826711,"Otu00822","RBF_SVM"
0.585071250260037,0.585071250260037,"Otu00126","RBF_SVM"
0.58433014354067,0.58433014354067,"Otu00005","RBF_SVM"
0.583563033076763,0.583563033076763,"Otu00361","RBF_SVM"
0.583159975036405,0.583159975036405,"Otu00367","RBF_SVM"
0.766902433950489,0.766902433950489,"fit_result","RBF_SVM"
0.614663511545663,0.614663511545663,"Otu00002","RBF_SVM"
0.611725088412731,0.611725088412731,"Otu00128","RBF_SVM"
0.595277719991679,0.595277719991679,"Otu00264","RBF_SVM"
0.592690347410027,0.592690347410027,"Otu00361","RBF_SVM"
0.590883087164552,0.590883087164552,"Otu00058","RBF_SVM"
0.586488454337425,0.586488454337425,"Otu00822","RBF_SVM"
0.585071250260037,0.585071250260037,"Otu00110","RBF_SVM"
0.584187122945704,0.584187122945704,"Otu00367","RBF_SVM"
0.583563033076763,0.583563033076763,"Otu00004","RBF_SVM"
0.776016746411483,0.776016746411483,"fit_result","RBF_SVM"
0.602376742250884,0.602376742250884,"Otu00002","RBF_SVM"
0.596811940919492,0.596811940919492,"Otu00367","RBF_SVM"
0.596343873517787,0.596343873517787,"Otu00361","RBF_SVM"
0.584447160391096,0.584447160391096,"Otu00155","RBF_SVM"
0.574019658830872,0.574019658830872,"Otu00110","RBF_SVM"
0.573369565217391,0.573369565217391,"Otu00822","RBF_SVM"
0.573109527771999,0.573109527771999,"Otu00004","RBF_SVM"
0.570730185146661,0.570730185146661,"Otu00495","RBF_SVM"
0.569521011025588,0.569521011025588,"Otu00327","RBF_SVM"
0.769528812148949,0.769528812148949,"fit_result","RBF_SVM"
0.609046702725192,0.609046702725192,"Otu00058","RBF_SVM"
0.600413459538173,0.600413459538173,"Otu00002","RBF_SVM"
0.586358435614729,0.586358435614729,"Otu00005","RBF_SVM"
0.585734345745787,0.585734345745787,"Otu00014","RBF_SVM"
0.581950800915332,0.581950800915332,"Otu00003","RBF_SVM"
0.581833784064905,0.581833784064905,"Otu00361","RBF_SVM"
0.580468587476597,0.580468587476597,"Otu00367","RBF_SVM"
0.579831495735386,0.579831495735386,"Otu00110","RBF_SVM"
0.578856355315165,0.578856355315165,"Otu00004","RBF_SVM"
0.764237050135219,0.764237050135219,"fit_result","RBF_SVM"
0.611035989182442,0.611035989182442,"Otu00058","RBF_SVM"
0.595420740586645,0.595420740586645,"Otu00002","RBF_SVM"
0.593548470979821,0.593548470979821,"Otu00264","RBF_SVM"
0.587411587268567,0.587411587268567,"Otu00092","RBF_SVM"
0.583758061160807,0.583758061160807,"Otu00044","RBF_SVM"
0.582899937591013,0.582899937591013,"Otu00822","RBF_SVM"
0.58133971291866,0.58133971291866,"Otu00024","RBF_SVM"
0.579415435822758,0.579415435822758,"Otu00128","RBF_SVM"
0.578544310380695,0.578544310380695,"Otu00367","RBF_SVM"
0.769775847722072,0.769775847722072,"fit_result","RBF_SVM"
0.597657062617017,0.597657062617017,"Otu00002","RBF_SVM"
0.588555752028292,0.588555752028292,"Otu00058","RBF_SVM"
0.587554607863532,0.587554607863532,"Otu00128","RBF_SVM"
0.580806636155606,0.580806636155606,"Otu00021","RBF_SVM"
0.580793634283337,0.580793634283337,"Otu00361","RBF_SVM"
0.580598606199293,0.580598606199293,"Otu00005","RBF_SVM"
0.57837528604119,0.57837528604119,"Otu00014","RBF_SVM"
0.578349282296651,0.578349282296651,"Otu00367","RBF_SVM"
0.577894216767215,0.577894216767215,"Otu00659","RBF_SVM"
0.755447784480965,0.755447784480965,"fit_result","RBF_SVM"
0.599958394008737,0.599958394008737,"Otu00058","RBF_SVM"
0.594055543998336,0.594055543998336,"Otu00361","RBF_SVM"
0.590519034741003,0.590519034741003,"Otu00128","RBF_SVM"
0.589998959850218,0.589998959850218,"Otu00367","RBF_SVM"
0.587177553567714,0.587177553567714,"Otu00659","RBF_SVM"
0.584564177241523,0.584564177241523,"Otu00822","RBF_SVM"
0.582457873933847,0.582457873933847,"Otu00002","RBF_SVM"
0.579857499479925,0.579857499479925,"Otu00110","RBF_SVM"
0.579090389016018,0.579090389016018,"Otu00264","RBF_SVM"
0.752184314541294,0.752184314541294,"fit_result","RBF_SVM"
0.617770959018099,0.617770959018099,"Otu00002","RBF_SVM"
0.597917100062409,0.597917100062409,"Otu00128","RBF_SVM"
0.593119409194924,0.593119409194924,"Otu00058","RBF_SVM"
0.589179841897233,0.589179841897233,"Otu00021","RBF_SVM"
0.586735489910547,0.586735489910547,"Otu00109","RBF_SVM"
0.58334200124818,0.58334200124818,"Otu00005","RBF_SVM"
0.58300395256917,0.58300395256917,"Otu00044","RBF_SVM"
0.582470875806116,0.582470875806116,"Otu00221","RBF_SVM"
0.578765342209278,0.578765342209278,"Otu00172","RBF_SVM"
0.773234345745787,0.773234345745787,"fit_result","RBF_SVM"
0.61277824006657,0.61277824006657,"Otu00002","RBF_SVM"
0.610229873101727,0.610229873101727,"Otu00058","RBF_SVM"
0.590245995423341,0.590245995423341,"Otu00110","RBF_SVM"
0.584798210942376,0.584798210942376,"Otu00367","RBF_SVM"
0.582548887039734,0.582548887039734,"Otu00033","RBF_SVM"
0.581404722280008,0.581404722280008,"Otu00005","RBF_SVM"
0.579558456417724,0.579558456417724,"Otu00003","RBF_SVM"
0.5787133347202,0.5787133347202,"Otu00361","RBF_SVM"
0.577803203661327,0.577803203661327,"Otu00822","RBF_SVM"
0.781451529020179,0.781451529020179,"fit_result","RBF_SVM"
0.603351882671105,0.603351882671105,"Otu00002","RBF_SVM"
0.591689203245267,0.591689203245267,"Otu00058","RBF_SVM"
0.589816933638444,0.589816933638444,"Otu00822","RBF_SVM"
0.585474308300395,0.585474308300395,"Otu00361","RBF_SVM"
0.583524027459954,0.583524027459954,"Otu00014","RBF_SVM"
0.581040669856459,0.581040669856459,"Otu00110","RBF_SVM"
0.580663615560641,0.580663615560641,"Otu00128","RBF_SVM"
0.577686186810901,0.577686186810901,"Otu00367","RBF_SVM"
0.575774911587269,0.575774911587269,"Otu00030","RBF_SVM"
0.778513105887248,0.778513105887248,"fit_result","RBF_SVM"
0.595875806116081,0.595875806116081,"Otu00264","RBF_SVM"
0.592846369877262,0.592846369877262,"Otu00058","RBF_SVM"
0.589465883087165,0.589465883087165,"Otu00367","RBF_SVM"
0.587489598502184,0.587489598502184,"Otu00128","RBF_SVM"
0.586189411275224,0.586189411275224,"Otu00110","RBF_SVM"
0.585071250260037,0.585071250260037,"Otu00002","RBF_SVM"
0.584746203453297,0.584746203453297,"Otu00822","RBF_SVM"
0.583823070522155,0.583823070522155,"Otu00361","RBF_SVM"
0.580832639900146,0.580832639900146,"Otu00018","RBF_SVM"
0.788264510089453,0.788264510089453,"fit_result","RBF_SVM"
0.626560224672353,0.626560224672353,"Otu00002","RBF_SVM"
0.596798939047223,0.596798939047223,"Otu00058","RBF_SVM"
0.586878510505513,0.586878510505513,"Otu00367","RBF_SVM"
0.584252132307052,0.584252132307052,"Otu00128","RBF_SVM"
0.582873933846474,0.582873933846474,"Otu00018","RBF_SVM"
0.582756916996047,0.582756916996047,"Otu00361","RBF_SVM"
0.58267890576243,0.58267890576243,"Otu00066","RBF_SVM"
0.582626898273351,0.582626898273351,"Otu00659","RBF_SVM"
0.578921364676513,0.578921364676513,"Otu00004","RBF_SVM"
0.762286769294778,0.762286769294778,"fit_result","RBF_SVM"
0.604769086748492,0.604769086748492,"Otu00058","RBF_SVM"
0.598567193675889,0.598567193675889,"Otu00109","RBF_SVM"
0.597852090701061,0.597852090701061,"Otu00002","RBF_SVM"
0.585669336384439,0.585669336384439,"Otu00361","RBF_SVM"
0.581040669856459,0.581040669856459,"Otu00004","RBF_SVM"
0.580624609943832,0.580624609943832,"Otu00367","RBF_SVM"
0.579740482629499,0.579740482629499,"Otu00110","RBF_SVM"
0.576815061368837,0.576815061368837,"Otu00822","RBF_SVM"
0.576659038901602,0.576659038901602,"Otu00030","RBF_SVM"
0.773780424381111,0.773780424381111,"fit_result","RBF_SVM"
0.61112700228833,0.61112700228833,"Otu00002","RBF_SVM"
0.597019970875806,0.597019970875806,"Otu00058","RBF_SVM"
0.594094549615145,0.594094549615145,"Otu00822","RBF_SVM"
0.589036821302268,0.589036821302268,"Otu00659","RBF_SVM"
0.584525171624714,0.584525171624714,"Otu00361","RBF_SVM"
0.581521739130435,0.581521739130435,"Otu00004","RBF_SVM"
0.581066673600999,0.581066673600999,"Otu00017","RBF_SVM"
0.580910651133763,0.580910651133763,"Otu00128","RBF_SVM"
0.579753484501768,0.579753484501768,"Otu00003","RBF_SVM"
0.768397649261494,0.768397649261494,"fit_result","RBF_SVM"
0.613844393592677,0.613844393592677,"Otu00058","RBF_SVM"
0.59756604951113,0.59756604951113,"Otu00110","RBF_SVM"
0.594679633867277,0.594679633867277,"Otu00002","RBF_SVM"
0.591104118993135,0.591104118993135,"Otu00128","RBF_SVM"
0.588555752028292,0.588555752028292,"Otu00361","RBF_SVM"
0.5882957145829,0.5882957145829,"Otu00005","RBF_SVM"
0.588022675265238,0.588022675265238,"Otu00092","RBF_SVM"
0.582431870189307,0.582431870189307,"Otu00155","RBF_SVM"
0.581040669856459,0.581040669856459,"Otu00014","RBF_SVM"
0.77911119201165,0.77911119201165,"fit_result","RBF_SVM"
0.59985437903058,0.59985437903058,"Otu00058","RBF_SVM"
0.597683066361556,0.597683066361556,"Otu00002","RBF_SVM"
0.594419596421885,0.594419596421885,"Otu00128","RBF_SVM"
0.590662055335968,0.590662055335968,"Otu00110","RBF_SVM"
0.588087684626586,0.588087684626586,"Otu00155","RBF_SVM"
0.58695652173913,0.58695652173913,"Otu00109","RBF_SVM"
0.586202413147493,0.586202413147493,"Otu00108","RBF_SVM"
0.58466819221968,0.58466819221968,"Otu00014","RBF_SVM"
0.584486166007905,0.584486166007905,"Otu00013","RBF_SVM"
0.78043738298315,0.78043738298315,"fit_result","RBF_SVM"
0.593730497191596,0.593730497191596,"Otu00002","RBF_SVM"
0.593678489702517,0.593678489702517,"Otu00058","RBF_SVM"
0.586358435614729,0.586358435614729,"Otu00822","RBF_SVM"
0.582041814021219,0.582041814021219,"Otu00109","RBF_SVM"
0.580494591221136,0.580494591221136,"Otu00018","RBF_SVM"
0.57936342833368,0.57936342833368,"Otu00128","RBF_SVM"
0.579285417100062,0.579285417100062,"Otu00012","RBF_SVM"
0.578349282296651,0.578349282296651,"Otu00264","RBF_SVM"
0.577400145620969,0.577400145620969,"Otu00108","RBF_SVM"
0.761506656958602,0.761506656958602,"fit_result","RBF_SVM"
0.641629394632827,0.641629394632827,"Otu00058","RBF_SVM"
0.615664655710422,0.615664655710422,"Otu00002","RBF_SVM"
0.595849802371542,0.595849802371542,"Otu00024","RBF_SVM"
0.593756500936135,0.593756500936135,"Otu00021","RBF_SVM"
0.592859371749532,0.592859371749532,"Otu00109","RBF_SVM"
0.592040253796547,0.592040253796547,"Otu00155","RBF_SVM"
0.590037965467027,0.590037965467027,"Otu00822","RBF_SVM"
0.58598138131891,0.58598138131891,"Otu00110","RBF_SVM"
0.585734345745787,0.585734345745787,"Otu00005","RBF_SVM"
0.773429373829831,0.773429373829831,"fit_result","RBF_SVM"
0.612271167048055,0.612271167048055,"Otu00058","RBF_SVM"
0.601167568129811,0.601167568129811,"Otu00002","RBF_SVM"
0.594224568337841,0.594224568337841,"Otu00361","RBF_SVM"
0.586735489910547,0.586735489910547,"Otu00367","RBF_SVM"
0.584447160391096,0.584447160391096,"Otu00822","RBF_SVM"
0.58001352194716,0.58001352194716,"Otu00110","RBF_SVM"
0.578765342209278,0.578765342209278,"Otu00659","RBF_SVM"
0.578726336592469,0.578726336592469,"Otu00044","RBF_SVM"
0.577530164343665,0.577530164343665,"Otu00128","RBF_SVM"
0.760115456625754,0.760115456625754,"fit_result","RBF_SVM"
0.611400041605991,0.611400041605991,"Otu00002","RBF_SVM"
0.596837944664032,0.596837944664032,"Otu00822","RBF_SVM"
0.589439879342625,0.589439879342625,"Otu00058","RBF_SVM"
0.588815789473684,0.588815789473684,"Otu00128","RBF_SVM"
0.584174121073435,0.584174121073435,"Otu00005","RBF_SVM"
0.583420012481797,0.583420012481797,"Otu00108","RBF_SVM"
0.583055960058248,0.583055960058248,"Otu00367","RBF_SVM"
0.5829909506969,0.5829909506969,"Otu00021","RBF_SVM"
0.581053671728729,0.581053671728729,"Otu00110","RBF_SVM"
0.775756708966091,0.775756708966091,"fit_result","RBF_SVM"
0.615222592053256,0.615222592053256,"Otu00058","RBF_SVM"
0.595459746203453,0.595459746203453,"Otu00002","RBF_SVM"
0.592703349282297,0.592703349282297,"Otu00108","RBF_SVM"
0.591702205117537,0.591702205117537,"Otu00822","RBF_SVM"
0.589660911171209,0.589660911171209,"Otu00128","RBF_SVM"
0.589569898065321,0.589569898065321,"Otu00014","RBF_SVM"
0.587502600374454,0.587502600374454,"Otu00361","RBF_SVM"
0.585682338256709,0.585682338256709,"Otu00155","RBF_SVM"
0.581235697940503,0.581235697940503,"Otu00367","RBF_SVM"
0.777628978572914,0.777628978572914,"fit_result","RBF_SVM"
0.605796234657791,0.605796234657791,"Otu00002","RBF_SVM"
0.59525171624714,0.59525171624714,"Otu00128","RBF_SVM"
0.595056688163096,0.595056688163096,"Otu00822","RBF_SVM"
0.593314437278968,0.593314437278968,"Otu00044","RBF_SVM"
0.586852506760974,0.586852506760974,"Otu00110","RBF_SVM"
0.586215415019763,0.586215415019763,"Otu00367","RBF_SVM"
0.585734345745787,0.585734345745787,"Otu00058","RBF_SVM"
0.58465519034741,0.58465519034741,"Otu00361","RBF_SVM"
0.580611608071562,0.580611608071562,"Otu00024","RBF_SVM"
0.766811420844602,0.766811420844602,"fit_result","RBF_SVM"
0.623816829623466,0.623816829623466,"Otu00002","RBF_SVM"
0.620930413979613,0.620930413979613,"Otu00058","RBF_SVM"
0.608045558560433,0.608045558560433,"Otu00014","RBF_SVM"
0.603026835864364,0.603026835864364,"Otu00264","RBF_SVM"
0.601752652381943,0.601752652381943,"Otu00822","RBF_SVM"
0.594835656334512,0.594835656334512,"Otu00085","RBF_SVM"
0.593691491574787,0.593691491574787,"Otu00128","RBF_SVM"
0.589010817557728,0.589010817557728,"Otu00021","RBF_SVM"
0.586007385063449,0.586007385063449,"Otu00367","RBF_SVM"
0.78704233409611,0.78704233409611,"fit_result","RBF_SVM"
0.604873101726649,0.604873101726649,"Otu00002","RBF_SVM"
0.587242562929062,0.587242562929062,"Otu00367","RBF_SVM"
0.585617328895361,0.585617328895361,"Otu00021","RBF_SVM"
0.585604327023091,0.585604327023091,"Otu00361","RBF_SVM"
0.578531308508425,0.578531308508425,"Otu00058","RBF_SVM"
0.577751196172249,0.577751196172249,"Otu00005","RBF_SVM"
0.57706209694196,0.57706209694196,"Otu00128","RBF_SVM"
0.576568025795715,0.576568025795715,"Otu00110","RBF_SVM"
0.576451008945288,0.576451008945288,"Otu00010","RBF_SVM"
0.787900457665904,0.787900457665904,"fit_result","RBF_SVM"
0.602896817141668,0.602896817141668,"Otu00058","RBF_SVM"
0.602064697316414,0.602064697316414,"Otu00002","RBF_SVM"
0.596343873517787,0.596343873517787,"Otu00109","RBF_SVM"
0.595186706885792,0.595186706885792,"Otu00822","RBF_SVM"
0.594289577699189,0.594289577699189,"Otu00044","RBF_SVM"
0.587528604118993,0.587528604118993,"Otu00659","RBF_SVM"
0.585955377574371,0.585955377574371,"Otu00185","RBF_SVM"
0.585279280216351,0.585279280216351,"Otu00367","RBF_SVM"
0.58365404618265,0.58365404618265,"Otu00015","RBF_SVM"
0.787302371541502,0.787302371541502,"fit_result","RBF_SVM"
0.618642084460162,0.618642084460162,"Otu00002","RBF_SVM"
0.597175993343041,0.597175993343041,"Otu00058","RBF_SVM"
0.58927085500312,0.58927085500312,"Otu00822","RBF_SVM"
0.58730757229041,0.58730757229041,"Otu00108","RBF_SVM"
0.585136259621385,0.585136259621385,"Otu00030","RBF_SVM"
0.583628042438111,0.583628042438111,"Otu00110","RBF_SVM"
0.5816647597254,0.5816647597254,"Otu00109","RBF_SVM"
0.5816647597254,0.5816647597254,"Otu00367","RBF_SVM"
0.581092677345538,0.581092677345538,"Otu00659","RBF_SVM"
0.763938007073019,0.763938007073019,"fit_result","RBF_SVM"
0.620332327855211,0.620332327855211,"Otu00002","RBF_SVM"
0.6005304763886,0.6005304763886,"Otu00058","RBF_SVM"
0.592807364260454,0.592807364260454,"Otu00822","RBF_SVM"
0.590857083420013,0.590857083420013,"Otu00005","RBF_SVM"
0.590350010401498,0.590350010401498,"Otu00155","RBF_SVM"
0.587151549823175,0.587151549823175,"Otu00224","RBF_SVM"
0.584902225920533,0.584902225920533,"Otu00108","RBF_SVM"
0.583511025587685,0.583511025587685,"Otu00128","RBF_SVM"
0.582626898273351,0.582626898273351,"Otu00003","RBF_SVM"
0.762819846057832,0.762819846057832,"fit_result","RBF_SVM"
0.609618785105055,0.609618785105055,"Otu00002","RBF_SVM"
0.597618057000208,0.597618057000208,"Otu00004","RBF_SVM"
0.595017682546287,0.595017682546287,"Otu00128","RBF_SVM"
0.583407010609528,0.583407010609528,"Otu00017","RBF_SVM"
0.583198980653214,0.583198980653214,"Otu00058","RBF_SVM"
0.580767630538798,0.580767630538798,"Otu00367","RBF_SVM"
0.580325566881631,0.580325566881631,"Otu00264","RBF_SVM"
0.579012377782401,0.579012377782401,"Otu00361","RBF_SVM"
0.577933222384023,0.577933222384023,"Otu00822","RBF_SVM"
0.764250052007489,0.764250052007489,"fit_result","RBF_SVM"
0.614910547118785,0.614910547118785,"Otu00002","RBF_SVM"
0.601154566257541,0.601154566257541,"Otu00058","RBF_SVM"
0.595862804243811,0.595862804243811,"Otu00128","RBF_SVM"
0.589842937382983,0.589842937382983,"Otu00108","RBF_SVM"
0.584044102350739,0.584044102350739,"Otu00367","RBF_SVM"
0.583055960058248,0.583055960058248,"Otu00109","RBF_SVM"
0.582145828999376,0.582145828999376,"Otu00092","RBF_SVM"
0.5816647597254,0.5816647597254,"Otu00021","RBF_SVM"
0.58036457249844,0.58036457249844,"Otu00110","RBF_SVM"
0.774066465571042,0.774066465571042,"fit_result","RBF_SVM"
0.594770646973164,0.594770646973164,"Otu00110","RBF_SVM"
0.590441023507385,0.590441023507385,"Otu00128","RBF_SVM"
0.588880798835032,0.588880798835032,"Otu00361","RBF_SVM"
0.588139692115665,0.588139692115665,"Otu00367","RBF_SVM"
0.58498023715415,0.58498023715415,"Otu00822","RBF_SVM"
0.581378718535469,0.581378718535469,"Otu00109","RBF_SVM"
0.579220407738714,0.579220407738714,"Otu00044","RBF_SVM"
0.578011233617641,0.578011233617641,"Otu00659","RBF_SVM"
0.576815061368837,0.576815061368837,"Otu00058","RBF_SVM"
0.783583836072394,0.783583836072394,"fit_result","RBF_SVM"
0.593977532764718,0.593977532764718,"Otu00002","RBF_SVM"
0.592950384855419,0.592950384855419,"Otu00367","RBF_SVM"
0.584785209070106,0.584785209070106,"Otu00014","RBF_SVM"
0.583485021843145,0.583485021843145,"Otu00659","RBF_SVM"
0.582808924485126,0.582808924485126,"Otu00110","RBF_SVM"
0.581898793426253,0.581898793426253,"Otu00121","RBF_SVM"
0.5816647597254,0.5816647597254,"Otu00058","RBF_SVM"
0.576880070730185,0.576880070730185,"Otu00030","RBF_SVM"
0.576086956521739,0.576086956521739,"Otu00361","RBF_SVM"
0.759036301227377,0.759036301227377,"fit_result","RBF_SVM"
0.606719367588933,0.606719367588933,"Otu00002","RBF_SVM"
0.601635635531517,0.601635635531517,"Otu00058","RBF_SVM"
0.597800083211983,0.597800083211983,"Otu00109","RBF_SVM"
0.591143124609944,0.591143124609944,"Otu00367","RBF_SVM"
0.588048679009777,0.588048679009777,"Otu00110","RBF_SVM"
0.587762637819846,0.587762637819846,"Otu00822","RBF_SVM"
0.584135115456626,0.584135115456626,"Otu00092","RBF_SVM"
0.583498023715415,0.583498023715415,"Otu00361","RBF_SVM"
0.581612752236322,0.581612752236322,"Otu00128","RBF_SVM"
0.755031724568338,0.755031724568338,"fit_result","RBF_SVM"
0.610866964842937,0.610866964842937,"Otu00002","RBF_SVM"
0.595680778032037,0.595680778032037,"Otu00033","RBF_SVM"
0.589972956105679,0.589972956105679,"Otu00822","RBF_SVM"
0.585773351362596,0.585773351362596,"Otu00004","RBF_SVM"
0.584941231537341,0.584941231537341,"Otu00128","RBF_SVM"
0.580247555648013,0.580247555648013,"Otu00010","RBF_SVM"
0.579753484501768,0.579753484501768,"Otu00058","RBF_SVM"
0.578271271063033,0.578271271063033,"Otu00477","RBF_SVM"
0.573356563345122,0.573356563345122,"Otu00021","RBF_SVM"
0.784324942791762,0.784324942791762,"fit_result","RBF_SVM"
0.607005408778864,0.607005408778864,"Otu00058","RBF_SVM"
0.602961826503016,0.602961826503016,"Otu00002","RBF_SVM"
0.59954233409611,0.59954233409611,"Otu00109","RBF_SVM"
0.599178281672561,0.599178281672561,"Otu00822","RBF_SVM"
0.592326294986478,0.592326294986478,"Otu00264","RBF_SVM"
0.590636051591429,0.590636051591429,"Otu00185","RBF_SVM"
0.588360723944248,0.588360723944248,"Otu00021","RBF_SVM"
0.587463594757645,0.587463594757645,"Otu00128","RBF_SVM"
0.58665747867693,0.58665747867693,"Otu00092","RBF_SVM"
0.775691699604743,0.775691699604743,"fit_result","RBF_SVM"
0.614598502184315,0.614598502184315,"Otu00002","RBF_SVM"
0.603533908882879,0.603533908882879,"Otu00058","RBF_SVM"
0.594198564593301,0.594198564593301,"Otu00128","RBF_SVM"
0.593665487830248,0.593665487830248,"Otu00822","RBF_SVM"
0.592547326815061,0.592547326815061,"Otu00018","RBF_SVM"
0.590102974828375,0.590102974828375,"Otu00005","RBF_SVM"
0.58828271271063,0.58828271271063,"Otu00367","RBF_SVM"
0.586033388807988,0.586033388807988,"Otu00768","RBF_SVM"
0.583159975036405,0.583159975036405,"Otu00361","RBF_SVM"
0.775665695860204,0.775665695860204,"fit_result","RBF_SVM"
0.616925837320574,0.616925837320574,"Otu00002","RBF_SVM"
0.593184418556272,0.593184418556272,"Otu00058","RBF_SVM"
0.589257853130851,0.589257853130851,"Otu00108","RBF_SVM"
0.586358435614728,0.586358435614728,"Otu00004","RBF_SVM"
0.58598138131891,0.58598138131891,"Otu00367","RBF_SVM"
0.585760349490327,0.585760349490327,"Otu00822","RBF_SVM"
0.585500312044934,0.585500312044934,"Otu00109","RBF_SVM"
0.582847930101935,0.582847930101935,"Otu00092","RBF_SVM"
0.578544310380695,0.578544310380695,"Otu00361","RBF_SVM"
0.76057052215519,0.76057052215519,"fit_result","RBF_SVM"
0.611361035989182,0.611361035989182,"Otu00002","RBF_SVM"
0.597969107551487,0.597969107551487,"Otu00128","RBF_SVM"
0.596200852922821,0.596200852922821,"Otu00058","RBF_SVM"
0.591663199500728,0.591663199500728,"Otu00361","RBF_SVM"
0.588100686498856,0.588100686498856,"Otu00822","RBF_SVM"
0.583446016226337,0.583446016226337,"Otu00659","RBF_SVM"
0.582938943207822,0.582938943207822,"Otu00044","RBF_SVM"
0.582639900145621,0.582639900145621,"Otu00012","RBF_SVM"
0.582210838360724,0.582210838360724,"Otu00367","RBF_SVM"
0.766330351570626,0.766330351570626,"fit_result","RBF_SVM"
0.617536925317246,0.617536925317246,"Otu00058","RBF_SVM"
0.596252860411899,0.596252860411899,"Otu00015","RBF_SVM"
0.595615768670689,0.595615768670689,"Otu00002","RBF_SVM"
0.592313293114208,0.592313293114208,"Otu00264","RBF_SVM"
0.592313293114208,0.592313293114208,"Otu00361","RBF_SVM"
0.587268566673601,0.587268566673601,"Otu00128","RBF_SVM"
0.587268566673601,0.587268566673601,"Otu00185","RBF_SVM"
0.585188267110464,0.585188267110464,"Otu00367","RBF_SVM"
0.583159975036405,0.583159975036405,"Otu00822","RBF_SVM"
0.78074942791762,0.78074942791762,"fit_result","RBF_SVM"
0.601973684210526,0.601973684210526,"Otu00058","RBF_SVM"
0.59621385479509,0.59621385479509,"Otu00002","RBF_SVM"
0.590532036613272,0.590532036613272,"Otu00822","RBF_SVM"
0.589374869981277,0.589374869981277,"Otu00361","RBF_SVM"
0.587996671520699,0.587996671520699,"Otu00059","RBF_SVM"
0.587593613480341,0.587593613480341,"Otu00014","RBF_SVM"
0.586748491782817,0.586748491782817,"Otu00659","RBF_SVM"
0.581274703557312,0.581274703557312,"Otu00495","RBF_SVM"
0.580793634283337,0.580793634283337,"Otu00128","RBF_SVM"
0.796377678385688,0.796377678385688,"fit_result","RBF_SVM"
0.610905970459746,0.610905970459746,"Otu00002","RBF_SVM"
0.600959538173497,0.600959538173497,"Otu00110","RBF_SVM"
0.595290721863948,0.595290721863948,"Otu00058","RBF_SVM"
0.588139692115665,0.588139692115665,"Otu00367","RBF_SVM"
0.586436446848346,0.586436446848346,"Otu00822","RBF_SVM"
0.585578323278552,0.585578323278552,"Otu00361","RBF_SVM"
0.585370293322238,0.585370293322238,"Otu00044","RBF_SVM"
0.583107967547327,0.583107967547327,"Otu00003","RBF_SVM"
0.580546598710214,0.580546598710214,"Otu00128","RBF_SVM"
0.763170896609112,0.763170896609112,"fit_result","RBF_SVM"
0.611504056584148,0.611504056584148,"Otu00002","RBF_SVM"
0.60648533388808,0.60648533388808,"Otu00021","RBF_SVM"
0.593093405450385,0.593093405450385,"Otu00361","RBF_SVM"
0.590024963594758,0.590024963594758,"Otu00030","RBF_SVM"
0.589686914915748,0.589686914915748,"Otu00004","RBF_SVM"
0.589166840024964,0.589166840024964,"Otu00128","RBF_SVM"
0.58795766590389,0.58795766590389,"Otu00058","RBF_SVM"
0.586371437486998,0.586371437486998,"Otu00110","RBF_SVM"
0.586007385063449,0.586007385063449,"Otu00185","RBF_SVM"
0.758971291866029,0.758971291866029,"fit_result","RBF_SVM"
0.606745371333472,0.606745371333472,"Otu00058","RBF_SVM"
0.593028396089037,0.593028396089037,"Otu00002","RBF_SVM"
0.579415435822758,0.579415435822758,"Otu00014","RBF_SVM"
0.578310276679842,0.578310276679842,"Otu00010","RBF_SVM"
0.578167256084876,0.578167256084876,"Otu00822","RBF_SVM"
0.576984085708342,0.576984085708342,"Otu00361","RBF_SVM"
0.575839920948617,0.575839920948617,"Otu00092","RBF_SVM"
0.574617744955274,0.574617744955274,"Otu00003","RBF_SVM"
0.574123673809029,0.574123673809029,"Otu00005","RBF_SVM"
0.762702829207406,0.762702829207406,"fit_result","RBF_SVM"
0.604626066153526,0.604626066153526,"Otu00058","RBF_SVM"
0.598827231121281,0.598827231121281,"Otu00002","RBF_SVM"
0.588061680882047,0.588061680882047,"Otu00361","RBF_SVM"
0.587255564801331,0.587255564801331,"Otu00005","RBF_SVM"
0.586085396297067,0.586085396297067,"Otu00367","RBF_SVM"
0.581781776575827,0.581781776575827,"Otu00109","RBF_SVM"
0.580949656750572,0.580949656750572,"Otu00110","RBF_SVM"
0.579545454545455,0.579545454545455,"Otu00822","RBF_SVM"
0.575501872269607,0.575501872269607,"Otu00024","RBF_SVM"
0.75263938007073,0.75263938007073,"fit_result","RBF_SVM"
0.602272727272727,0.602272727272727,"Otu00002","RBF_SVM"
0.594133555231953,0.594133555231953,"Otu00058","RBF_SVM"
0.592885375494071,0.592885375494071,"Otu00021","RBF_SVM"
0.58366704805492,0.58366704805492,"Otu00110","RBF_SVM"
0.58167776159767,0.58167776159767,"Otu00822","RBF_SVM"
0.578739338464739,0.578739338464739,"Otu00128","RBF_SVM"
0.578726336592469,0.578726336592469,"Otu00367","RBF_SVM"
0.57868733097566,0.57868733097566,"Otu00264","RBF_SVM"
0.576828063241107,0.576828063241107,"Otu00004","RBF_SVM"
0.768761701685043,0.768761701685043,"fit_result","RBF_SVM"
0.609020698980653,0.609020698980653,"Otu00002","RBF_SVM"
0.608253588516746,0.608253588516746,"Otu00058","RBF_SVM"
0.592729353026836,0.592729353026836,"Otu00021","RBF_SVM"
0.584967235281881,0.584967235281881,"Otu00155","RBF_SVM"
0.583745059288538,0.583745059288538,"Otu00005","RBF_SVM"
0.583368004992719,0.583368004992719,"Otu00264","RBF_SVM"
0.580065529436239,0.580065529436239,"Otu00092","RBF_SVM"
0.577491158726857,0.577491158726857,"Otu00367","RBF_SVM"
0.577205117536925,0.577205117536925,"Otu00659","RBF_SVM"
0.761766694403994,0.761766694403994,"fit_result","RBF_SVM"
0.600790513833992,0.600790513833992,"Otu00058","RBF_SVM"
0.596252860411899,0.596252860411899,"Otu00002","RBF_SVM"
0.588763781984606,0.588763781984606,"Otu00110","RBF_SVM"
0.587164551695444,0.587164551695444,"Otu00004","RBF_SVM"
0.586800499271895,0.586800499271895,"Otu00822","RBF_SVM"
0.586475452465155,0.586475452465155,"Otu00128","RBF_SVM"
0.584343145412939,0.584343145412939,"Otu00024","RBF_SVM"
0.581729769086748,0.581729769086748,"Otu00014","RBF_SVM"
0.581456729769087,0.581456729769087,"Otu00264","RBF_SVM"
0.772285209070106,0.772285209070106,"fit_result","RBF_SVM"
0.596993967131267,0.596993967131267,"Otu00002","RBF_SVM"
0.586930517994591,0.586930517994591,"Otu00659","RBF_SVM"
0.585604327023091,0.585604327023091,"Otu00361","RBF_SVM"
0.582639900145621,0.582639900145621,"Otu00110","RBF_SVM"
0.582509881422925,0.582509881422925,"Otu00012","RBF_SVM"
0.582444872061577,0.582444872061577,"Otu00367","RBF_SVM"
0.581963802787601,0.581963802787601,"Otu00221","RBF_SVM"
0.581079675473268,0.581079675473268,"Otu00058","RBF_SVM"
0.58101466611192,0.58101466611192,"Otu00264","RBF_SVM"
0.772909298939047,0.772909298939047,"fit_result","RBF_SVM"
0.620111296026628,0.620111296026628,"Otu00002","RBF_SVM"
0.59921728728937,0.59921728728937,"Otu00058","RBF_SVM"
0.587749635947576,0.587749635947576,"Otu00822","RBF_SVM"
0.58665747867693,0.58665747867693,"Otu00014","RBF_SVM"
0.583159975036405,0.583159975036405,"Otu00367","RBF_SVM"
0.581820782192636,0.581820782192636,"Otu00024","RBF_SVM"
0.581469731641356,0.581469731641356,"Otu00003","RBF_SVM"
0.581066673600999,0.581066673600999,"Otu00108","RBF_SVM"
0.579428437695028,0.579428437695028,"Otu00015","RBF_SVM"
0.778409090909091,0.778409090909091,"fit_result","RBF_SVM"
0.59192323694612,0.59192323694612,"Otu00659","RBF_SVM"
0.588165695860204,0.588165695860204,"Otu00002","RBF_SVM"
0.588113688371125,0.588113688371125,"Otu00822","RBF_SVM"
0.587112544206366,0.587112544206366,"Otu00367","RBF_SVM"
0.585500312044934,0.585500312044934,"Otu00058","RBF_SVM"
0.585188267110464,0.585188267110464,"Otu00110","RBF_SVM"
0.581729769086748,0.581729769086748,"Otu00028","RBF_SVM"
0.581118681090077,0.581118681090077,"Otu00012","RBF_SVM"
0.579987518202621,0.579987518202621,"Otu00361","RBF_SVM"
0.765485229873102,0.765485229873102,"fit_result","RBF_SVM"
0.60514614104431,0.60514614104431,"Otu00822","RBF_SVM"
0.591455169544414,0.591455169544414,"Otu00264","RBF_SVM"
0.589907946744331,0.589907946744331,"Otu00110","RBF_SVM"
0.5896219055544,0.5896219055544,"Otu00155","RBF_SVM"
0.588009673392969,0.588009673392969,"Otu00058","RBF_SVM"
0.587268566673601,0.587268566673601,"Otu00367","RBF_SVM"
0.583081963802788,0.583081963802788,"Otu00002","RBF_SVM"
0.578895360931974,0.578895360931974,"Otu00044","RBF_SVM"
0.57870033284793,0.57870033284793,"Otu00121","RBF_SVM"
0.759491366756813,0.759491366756813,"fit_result","RBF_SVM"
0.610580923653006,0.610580923653006,"Otu00058","RBF_SVM"
0.59721499895985,0.59721499895985,"Otu00002","RBF_SVM"
0.595459746203453,0.595459746203453,"Otu00110","RBF_SVM"
0.592612336176409,0.592612336176409,"Otu00264","RBF_SVM"
0.590792074058665,0.590792074058665,"Otu00361","RBF_SVM"
0.58862076138964,0.58862076138964,"Otu00021","RBF_SVM"
0.585292282088621,0.585292282088621,"Otu00005","RBF_SVM"
0.584382151029748,0.584382151029748,"Otu00128","RBF_SVM"
0.583511025587685,0.583511025587685,"Otu00221","RBF_SVM"
0.764172040773871,0.764172040773871,"fit_result","RBF_SVM"
0.607733513625962,0.607733513625962,"Otu00002","RBF_SVM"
0.606329311420845,0.606329311420845,"Otu00058","RBF_SVM"
0.586670480549199,0.586670480549199,"Otu00109","RBF_SVM"
0.586501456209694,0.586501456209694,"Otu00014","RBF_SVM"
0.583107967547327,0.583107967547327,"Otu00155","RBF_SVM"
0.58036457249844,0.58036457249844,"Otu00659","RBF_SVM"
0.579233409610984,0.579233409610984,"Otu00044","RBF_SVM"
0.579142396505097,0.579142396505097,"Otu00005","RBF_SVM"
0.57704909506969,0.57704909506969,"Otu00128","RBF_SVM"
0.765277199916788,0.765277199916788,"fit_result","RBF_SVM"
0.60151861868109,0.60151861868109,"Otu00002","RBF_SVM"
0.593782504680674,0.593782504680674,"Otu00822","RBF_SVM"
0.59324942791762,0.59324942791762,"Otu00058","RBF_SVM"
0.591767214478885,0.591767214478885,"Otu00005","RBF_SVM"
0.58863376326191,0.58863376326191,"Otu00024","RBF_SVM"
0.586215415019763,0.586215415019763,"Otu00361","RBF_SVM"
0.585539317661743,0.585539317661743,"Otu00128","RBF_SVM"
0.582366860827959,0.582366860827959,"Otu00021","RBF_SVM"
0.581404722280008,0.581404722280008,"Otu00221","RBF_SVM"
0.770425941335552,0.770425941335552,"fit_result","RBF_SVM"
0.606199292698149,0.606199292698149,"Otu00128","RBF_SVM"
0.59852818805908,0.59852818805908,"Otu00002","RBF_SVM"
0.594016538381527,0.594016538381527,"Otu00822","RBF_SVM"
0.592872373621802,0.592872373621802,"Otu00058","RBF_SVM"
0.589114832535885,0.589114832535885,"Otu00198","RBF_SVM"
0.588763781984606,0.588763781984606,"Otu00044","RBF_SVM"
0.588685770750988,0.588685770750988,"Otu00126","RBF_SVM"
0.586891512377782,0.586891512377782,"Otu00004","RBF_SVM"
0.585955377574371,0.585955377574371,"Otu00109","RBF_SVM"
0.768293634283337,0.768293634283337,"fit_result","RBF_SVM"
0.593782504680674,0.593782504680674,"Otu00822","RBF_SVM"
0.591572186394841,0.591572186394841,"Otu00058","RBF_SVM"
0.590219991678802,0.590219991678802,"Otu00110","RBF_SVM"
0.582769918868317,0.582769918868317,"Otu00361","RBF_SVM"
0.579142396505097,0.579142396505097,"Otu00002","RBF_SVM"
0.578323278552112,0.578323278552112,"Otu00367","RBF_SVM"
0.576945080091533,0.576945080091533,"Otu00128","RBF_SVM"
0.574006656958602,0.574006656958602,"Otu00010","RBF_SVM"
0.571666319950073,0.571666319950073,"Otu00121","RBF_SVM"
0.787939463282713,0.787939463282713,"fit_result","RBF_SVM"
0.597188995215311,0.597188995215311,"Otu00002","RBF_SVM"
0.591117120865405,0.591117120865405,"Otu00110","RBF_SVM"
0.589309860619929,0.589309860619929,"Otu00367","RBF_SVM"
0.588815789473684,0.588815789473684,"Otu00155","RBF_SVM"
0.588386727688787,0.588386727688787,"Otu00128","RBF_SVM"
0.586748491782817,0.586748491782817,"Otu00822","RBF_SVM"
0.584811212814645,0.584811212814645,"Otu00058","RBF_SVM"
0.584356147285209,0.584356147285209,"Otu00085","RBF_SVM"
0.584200124817974,0.584200124817974,"Otu00005","RBF_SVM"
0.756032868733098,0.756032868733098,"fit_result","RBF_SVM"
0.620813397129187,0.620813397129187,"Otu00058","RBF_SVM"
0.614637507801123,0.614637507801123,"Otu00002","RBF_SVM"
0.600426461410443,0.600426461410443,"Otu00822","RBF_SVM"
0.599074266694404,0.599074266694404,"Otu00361","RBF_SVM"
0.597423028916164,0.597423028916164,"Otu00015","RBF_SVM"
0.595199708758061,0.595199708758061,"Otu00110","RBF_SVM"
0.593847514042022,0.593847514042022,"Otu00044","RBF_SVM"
0.593730497191596,0.593730497191596,"Otu00004","RBF_SVM"
0.589699916788017,0.589699916788017,"Otu00264","RBF_SVM"
0.764107031412523,0.764107031412523,"fit_result","RBF_SVM"
0.597761077595174,0.597761077595174,"Otu00002","RBF_SVM"
0.596967963386728,0.596967963386728,"Otu00005","RBF_SVM"
0.596434886623674,0.596434886623674,"Otu00058","RBF_SVM"
0.587086540461827,0.587086540461827,"Otu00003","RBF_SVM"
0.585877366340753,0.585877366340753,"Otu00030","RBF_SVM"
0.585188267110464,0.585188267110464,"Otu00361","RBF_SVM"
0.581248699812773,0.581248699812773,"Otu00109","RBF_SVM"
0.580468587476597,0.580468587476597,"Otu00367","RBF_SVM"
0.576776055752028,0.576776055752028,"Otu00185","RBF_SVM"
0.774365508633243,0.774365508633243,"fit_result","RBF_SVM"
0.596460890368213,0.596460890368213,"Otu00058","RBF_SVM"
0.593184418556272,0.593184418556272,"Otu00002","RBF_SVM"
0.582158830871645,0.582158830871645,"Otu00110","RBF_SVM"
0.581885791553984,0.581885791553984,"Otu00246","RBF_SVM"
0.579922508841273,0.579922508841273,"Otu00361","RBF_SVM"
0.579545454545455,0.579545454545455,"Otu00367","RBF_SVM"
0.57937643020595,0.57937643020595,"Otu00108","RBF_SVM"
0.578856355315165,0.578856355315165,"Otu00003","RBF_SVM"
0.577504160599126,0.577504160599126,"Otu00017","RBF_SVM"
0.780008321198253,0.780008321198253,"fit_result","RBF_SVM"
0.606940399417516,0.606940399417516,"Otu00002","RBF_SVM"
0.601765654254213,0.601765654254213,"Otu00058","RBF_SVM"
0.598489182442272,0.598489182442272,"Otu00110","RBF_SVM"
0.592781360515914,0.592781360515914,"Otu00367","RBF_SVM"
0.592365300603287,0.592365300603287,"Otu00128","RBF_SVM"
0.591247139588101,0.591247139588101,"Otu00361","RBF_SVM"
0.589842937382983,0.589842937382983,"Otu00822","RBF_SVM"
0.578570314125234,0.578570314125234,"Otu00264","RBF_SVM"
0.575605887247764,0.575605887247764,"Otu00113","RBF_SVM"
0.772220199708758,0.772220199708758,"fit_result","RBF_SVM"
0.611140004160599,0.611140004160599,"Otu00002","RBF_SVM"
0.609683794466403,0.609683794466403,"Otu00058","RBF_SVM"
0.5978780944456,0.5978780944456,"Otu00822","RBF_SVM"
0.588165695860204,0.588165695860204,"Otu00185","RBF_SVM"
0.586735489910547,0.586735489910547,"Otu00005","RBF_SVM"
0.584187122945704,0.584187122945704,"Otu00659","RBF_SVM"
0.58301695444144,0.58301695444144,"Otu00110","RBF_SVM"
0.579597462034533,0.579597462034533,"Otu00155","RBF_SVM"
0.576763053879759,0.576763053879759,"Otu00010","RBF_SVM"
0.769034741002704,0.769034741002704,"fit_result","RBF_SVM"
0.620449344705638,0.620449344705638,"Otu00002","RBF_SVM"
0.620163303515706,0.620163303515706,"Otu00058","RBF_SVM"
0.602571770334928,0.602571770334928,"Otu00822","RBF_SVM"
0.597982109423757,0.597982109423757,"Otu00109","RBF_SVM"
0.596629914707718,0.596629914707718,"Otu00128","RBF_SVM"
0.593301435406699,0.593301435406699,"Otu00014","RBF_SVM"
0.590701060952777,0.590701060952777,"Otu00005","RBF_SVM"
0.588139692115665,0.588139692115665,"Otu00367","RBF_SVM"
0.582912939463283,0.582912939463283,"Otu00264","RBF_SVM"
0.75595485749948,0.75595485749948,"fit_result","RBF_SVM"
0.623556792178074,0.623556792178074,"Otu00058","RBF_SVM"
0.607694508009153,0.607694508009153,"Otu00002","RBF_SVM"
0.599490326607031,0.599490326607031,"Otu00128","RBF_SVM"
0.59259933430414,0.59259933430414,"Otu00109","RBF_SVM"
0.586605471187851,0.586605471187851,"Otu00185","RBF_SVM"
0.582236842105263,0.582236842105263,"Otu00367","RBF_SVM"
0.582184834616185,0.582184834616185,"Otu00110","RBF_SVM"
0.580585604327023,0.580585604327023,"Otu00050","RBF_SVM"
0.580247555648013,0.580247555648013,"Otu00014","RBF_SVM"
0.769151757853131,0.769151757853131,"fit_result","RBF_SVM"
0.595394736842105,0.595394736842105,"Otu00058","RBF_SVM"
0.586176409402954,0.586176409402954,"Otu00110","RBF_SVM"
0.585149261493655,0.585149261493655,"Otu00231","RBF_SVM"
0.584941231537341,0.584941231537341,"Otu00018","RBF_SVM"
0.583966091117121,0.583966091117121,"Otu00659","RBF_SVM"
0.583146973164136,0.583146973164136,"Otu00002","RBF_SVM"
0.582548887039734,0.582548887039734,"Otu00130","RBF_SVM"
0.58001352194716,0.58001352194716,"Otu00822","RBF_SVM"
0.577400145620969,0.577400145620969,"Otu00128","RBF_SVM"
0.762767838568754,0.762767838568754,"fit_result","RBF_SVM"
0.599789369669232,0.599789369669232,"Otu00002","RBF_SVM"
0.596330871645517,0.596330871645517,"Otu00058","RBF_SVM"
0.594926669440399,0.594926669440399,"Otu00361","RBF_SVM"
0.594406594549615,0.594406594549615,"Otu00109","RBF_SVM"
0.59292438111088,0.59292438111088,"Otu00367","RBF_SVM"
0.587112544206366,0.587112544206366,"Otu00128","RBF_SVM"
0.584564177241523,0.584564177241523,"Otu00018","RBF_SVM"
0.584070106095278,0.584070106095278,"Otu00005","RBF_SVM"
0.582704909506969,0.582704909506969,"Otu00822","RBF_SVM"
0.75793114208446,0.75793114208446,"fit_result","RBF_SVM"
0.604899105471188,0.604899105471188,"Otu00002","RBF_SVM"
0.599386311628875,0.599386311628875,"Otu00058","RBF_SVM"
0.592222280008321,0.592222280008321,"Otu00004","RBF_SVM"
0.589127834408155,0.589127834408155,"Otu00361","RBF_SVM"
0.588451737050135,0.588451737050135,"Otu00367","RBF_SVM"
0.588191699604743,0.588191699604743,"Otu00128","RBF_SVM"
0.587099542334096,0.587099542334096,"Otu00003","RBF_SVM"
0.584577179113792,0.584577179113792,"Otu00822","RBF_SVM"
0.583042958185979,0.583042958185979,"Otu00108","RBF_SVM"
0.766642396505097,0.766642396505097,"fit_result","RBF_SVM"
0.596707925941336,0.596707925941336,"Otu00002","RBF_SVM"
0.59161119201165,0.59161119201165,"Otu00822","RBF_SVM"
0.590636051591429,0.590636051591429,"Otu00659","RBF_SVM"
0.590506032868733,0.590506032868733,"Otu00058","RBF_SVM"
0.588438735177866,0.588438735177866,"Otu00044","RBF_SVM"
0.585357291449969,0.585357291449969,"Otu00367","RBF_SVM"
0.584109111712087,0.584109111712087,"Otu00014","RBF_SVM"
0.583472019970876,0.583472019970876,"Otu00005","RBF_SVM"
0.582964946952361,0.582964946952361,"Otu00003","RBF_SVM"
0.787146349074267,0.787146349074267,"fit_result","RBF_SVM"
0.610567921780736,0.610567921780736,"Otu00058","RBF_SVM"
0.601102558768463,0.601102558768463,"Otu00002","RBF_SVM"
0.590232993551071,0.590232993551071,"Otu00659","RBF_SVM"
0.58927085500312,0.58927085500312,"Otu00367","RBF_SVM"
0.586748491782817,0.586748491782817,"Otu00110","RBF_SVM"
0.586046390680258,0.586046390680258,"Otu00822","RBF_SVM"
0.580221551903474,0.580221551903474,"Otu00264","RBF_SVM"
0.579961514458082,0.579961514458082,"Otu00361","RBF_SVM"
0.57870033284793,0.57870033284793,"Otu00018","RBF_SVM"
0.774989598502184,0.774989598502184,"fit_result","RBF_SVM"
0.612024131474932,0.612024131474932,"Otu00002","RBF_SVM"
0.602246723528188,0.602246723528188,"Otu00004","RBF_SVM"
0.597019970875806,0.597019970875806,"Otu00058","RBF_SVM"
0.596473892240483,0.596473892240483,"Otu00822","RBF_SVM"
0.593808508425213,0.593808508425213,"Otu00155","RBF_SVM"
0.593626482213439,0.593626482213439,"Otu00005","RBF_SVM"
0.593327439151238,0.593327439151238,"Otu00015","RBF_SVM"
0.582652902017891,0.582652902017891,"Otu00021","RBF_SVM"
0.582431870189307,0.582431870189307,"Otu00110","RBF_SVM"
0.773520386935719,0.773520386935719,"fit_result","RBF_SVM"
0.626092157270647,0.626092157270647,"Otu00058","RBF_SVM"
0.61110099854379,0.61110099854379,"Otu00002","RBF_SVM"
0.602493759101311,0.602493759101311,"Otu00109","RBF_SVM"
0.596252860411899,0.596252860411899,"Otu00128","RBF_SVM"
0.592404306220096,0.592404306220096,"Otu00264","RBF_SVM"
0.590441023507385,0.590441023507385,"Otu00085","RBF_SVM"
0.585448304555856,0.585448304555856,"Otu00185","RBF_SVM"
0.582197836488454,0.582197836488454,"Otu00044","RBF_SVM"
0.582106823382567,0.582106823382567,"Otu00283","RBF_SVM"
0.760960578323279,0.760960578323279,"fit_result","RBF_SVM"
0.605744227168712,0.605744227168712,"Otu00002","RBF_SVM"
0.59423757021011,0.59423757021011,"Otu00822","RBF_SVM"
0.590350010401498,0.590350010401498,"Otu00058","RBF_SVM"
0.58863376326191,0.58863376326191,"Otu00128","RBF_SVM"
0.586813501144165,0.586813501144165,"Otu00659","RBF_SVM"
0.58434314541294,0.58434314541294,"Otu00004","RBF_SVM"
0.57935042646141,0.57935042646141,"Otu00012","RBF_SVM"
0.577153110047847,0.577153110047847,"Otu00361","RBF_SVM"
0.575540877886416,0.575540877886416,"Otu00014","RBF_SVM"
0.764770126898273,0.764770126898273,"fit_result","RBF_SVM"
0.623530788433534,0.623530788433534,"Otu00058","RBF_SVM"
0.602038693571874,0.602038693571874,"Otu00002","RBF_SVM"
0.594796650717703,0.594796650717703,"Otu00128","RBF_SVM"
0.594029540253797,0.594029540253797,"Otu00361","RBF_SVM"
0.59291137923861,0.59291137923861,"Otu00109","RBF_SVM"
0.592391304347826,0.592391304347826,"Otu00110","RBF_SVM"
0.590389016018307,0.590389016018307,"Otu00822","RBF_SVM"
0.586865508633243,0.586865508633243,"Otu00659","RBF_SVM"
0.585162263365925,0.585162263365925,"Otu00121","RBF_SVM"
0.778799147077179,0.778799147077179,"fit_result","RBF_SVM"
0.599061264822134,0.599061264822134,"Otu00002","RBF_SVM"
0.597345017682546,0.597345017682546,"Otu00822","RBF_SVM"
0.592391304347826,0.592391304347826,"Otu00058","RBF_SVM"
0.592365300603287,0.592365300603287,"Otu00021","RBF_SVM"
0.586605471187851,0.586605471187851,"Otu00110","RBF_SVM"
0.583823070522155,0.583823070522155,"Otu00264","RBF_SVM"
0.583159975036405,0.583159975036405,"Otu00367","RBF_SVM"
0.58133971291866,0.58133971291866,"Otu00361","RBF_SVM"
0.578622321614312,0.578622321614312,"Otu00044","RBF_SVM"
0.787588412731433,0.787588412731433,"fit_result","RBF_SVM"
0.613935406698565,0.613935406698565,"Otu00058","RBF_SVM"
0.597618057000208,0.597618057000208,"Otu00109","RBF_SVM"
0.593353442895777,0.593353442895777,"Otu00822","RBF_SVM"
0.59158518826711,0.59158518826711,"Otu00002","RBF_SVM"
0.589127834408155,0.589127834408155,"Otu00005","RBF_SVM"
0.58466819221968,0.58466819221968,"Otu00003","RBF_SVM"
0.58465519034741,0.58465519034741,"Otu00185","RBF_SVM"
0.582392864572498,0.582392864572498,"Otu00283","RBF_SVM"
0.581547742874974,0.581547742874974,"Otu00361","RBF_SVM"
0.768670688579155,0.768670688579155,"fit_result","RBF_SVM"
0.630265758269191,0.630265758269191,"Otu00002","RBF_SVM"
0.610229873101727,0.610229873101727,"Otu00058","RBF_SVM"
0.597058976492615,0.597058976492615,"Otu00822","RBF_SVM"
0.595550759309341,0.595550759309341,"Otu00128","RBF_SVM"
0.591338152693988,0.591338152693988,"Otu00108","RBF_SVM"
0.588737778240067,0.588737778240067,"Otu00361","RBF_SVM"
0.586215415019763,0.586215415019763,"Otu00110","RBF_SVM"
0.58499323902642,0.58499323902642,"Otu00005","RBF_SVM"
0.584928229665072,0.584928229665072,"Otu00367","RBF_SVM"
