"mtry","ROC","Sens","Spec","ROCSD","SensSD","SpecSD","model"
80,0.767817852695902,0.525177177177177,0.848492450638792,0.0521675022647855,0.0791360626490182,0.0592491046025717,"Random_Forest"
500,0.818615075005319,0.632554054054054,0.852472706155633,0.0436396234423319,0.0768814228766595,0.0582666961904661,"Random_Forest"
1000,0.820954221643246,0.644972972972973,0.858744483159117,0.0436037561440275,0.0750129325700887,0.057051150316913,"Random_Forest"
1500,0.818768305762208,0.644702702702703,0.863868757259001,0.0435474026634777,0.0742222532250181,0.0548575459394444,"Random_Forest"
80,0.725298101237126,0.486926426426426,0.839677119628339,0.0587865275346626,0.0825718266971843,0.0623809197083438,"Random_Forest"
500,0.785278910443545,0.597174174174174,0.84445412311266,0.0487253478232195,0.0795341541852985,0.0594189269336487,"Random_Forest"
1000,0.792150590485956,0.598563063063063,0.8594262485482,0.047985326508434,0.079548007706658,0.055008659822416,"Random_Forest"
1500,0.792583296711346,0.595941441441441,0.866415795586527,0.0487396151900794,0.0796249275234666,0.0534656597299602,"Random_Forest"
80,0.741213499213499,0.481837837837838,0.857522648083624,0.0558430389418084,0.0741838813474486,0.0599261939237816,"Random_Forest"
500,0.791445597601085,0.5993003003003,0.878927990708478,0.0476502380211994,0.0756592610588128,0.0509326897204375,"Random_Forest"
1000,0.794101620348572,0.599842342342342,0.88944018583043,0.0471087637698873,0.0734526293479635,0.0450052329867642,"Random_Forest"
1500,0.793526496880155,0.595773273273273,0.892896631823461,0.0472303380405451,0.0731702614363008,0.0426560007688748,"Random_Forest"
80,0.738626237300018,0.504441441441441,0.837160278745645,0.0545501198058665,0.0761264854273178,0.064629920043023,"Random_Forest"
500,0.790960134350378,0.590876876876877,0.855190476190476,0.0480050165490913,0.0781091374965637,0.0579621240812613,"Random_Forest"
1000,0.797813325520643,0.598552552552553,0.867583042973287,0.0476331128203652,0.0767608418532413,0.0515067852650381,"Random_Forest"
1500,0.798310703124728,0.59745045045045,0.876837398373984,0.0470454101428209,0.0777000428133997,0.0486047561579534,"Random_Forest"
80,0.746608873246068,0.507630630630631,0.841817653890825,0.0552970014842334,0.0826558918681771,0.0611121162609816,"Random_Forest"
500,0.808554939957379,0.618746246246246,0.856662020905923,0.0452425517682351,0.0791148086472611,0.0543843514568555,"Random_Forest"
1000,0.814667345045394,0.635758258258258,0.871353077816492,0.0446218980265678,0.0801789319761307,0.0484204872280027,"Random_Forest"
1500,0.813816269230903,0.63601951951952,0.880688734030197,0.0445440299667317,0.0766565037139787,0.0456108131195012,"Random_Forest"
80,0.766851041372383,0.511674174174174,0.860367015098722,0.0539244675770173,0.0805099589267802,0.0602569243463201,"Random_Forest"
500,0.818979116747409,0.619993993993994,0.862238095238095,0.0436219714103329,0.0772423333820752,0.0539027450385133,"Random_Forest"
1000,0.822167081279886,0.621503003003003,0.872038327526132,0.042370098292278,0.0762262013831939,0.0505067457716649,"Random_Forest"
1500,0.819930605692801,0.611118618618619,0.881416957026713,0.0424490199542781,0.0795214569253664,0.047846658889226,"Random_Forest"
80,0.772725068273849,0.533045045045045,0.844457607433217,0.0520323691586864,0.0783212555662059,0.0637881377752851,"Random_Forest"
500,0.82301742247474,0.610606606606607,0.860867595818815,0.0415361804952813,0.0770511377124033,0.0551156729187121,"Random_Forest"
1000,0.829120454513747,0.614794294294294,0.874743321718931,0.0394855622334004,0.0787363229667435,0.0495208484761409,"Random_Forest"
1500,0.827867669062791,0.607462462462462,0.883512195121951,0.0397673063333328,0.0772571473123792,0.0465436085877996,"Random_Forest"
80,0.773164272286224,0.555381381381381,0.839607433217189,0.0513018808383267,0.0778536346866084,0.0616697081148775,"Random_Forest"
500,0.822606245618441,0.638726726726727,0.863068524970964,0.0427542864748479,0.0751657774137017,0.05614507192499,"Random_Forest"
1000,0.826078745557404,0.637990990990991,0.878078977932636,0.0415141493703269,0.0718072523906091,0.0514104120899521,"Random_Forest"
1500,0.82464398806472,0.629451951951952,0.886693379790941,0.0411923663849977,0.07486273320623,0.0483251338634791,"Random_Forest"
80,0.743492873971533,0.48572972972973,0.859723577235772,0.0563327162999976,0.0777535720715191,0.0599568289520673,"Random_Forest"
500,0.808295875579412,0.611438438438438,0.860005807200929,0.0469849729165602,0.0744765036553976,0.0583928844981267,"Random_Forest"
1000,0.813038433904288,0.608957957957958,0.877955865272938,0.0457011252546678,0.076550031288986,0.0525905996222329,"Random_Forest"
1500,0.812747646601305,0.60172972972973,0.884882694541231,0.045595443918913,0.0750497122058247,0.0489281396531991,"Random_Forest"
80,0.749378375326546,0.499279279279279,0.862386759581881,0.0510273625507837,0.0804888519724803,0.057917666351993,"Random_Forest"
500,0.802855151754542,0.608258258258258,0.8615737514518,0.0448375272877549,0.0794865720269212,0.0501114997903254,"Random_Forest"
1000,0.807209666984057,0.609578078078078,0.876592334494773,0.044642461153597,0.0770055332684918,0.0499192765294154,"Random_Forest"
1500,0.807525920955799,0.604097597597598,0.884728222996516,0.0453169226669559,0.075515915174662,0.047125199419397,"Random_Forest"
80,0.760556598410257,0.523058558558559,0.85193031358885,0.0500149133779866,0.0789584047063107,0.0590632933487851,"Random_Forest"
500,0.820694650661114,0.618537537537538,0.869124274099884,0.0423188908242375,0.0747099162000583,0.0538536799060551,"Random_Forest"
1000,0.825585244652318,0.620433933933934,0.884188153310104,0.041933381366481,0.0776568771205411,0.0474387509638752,"Random_Forest"
1500,0.826100435365679,0.6178003003003,0.890363530778165,0.0424013147686171,0.0771925338771597,0.0458833596566915,"Random_Forest"
80,0.759277936909034,0.518894894894895,0.852815331010453,0.0486451117724329,0.0756286789204667,0.0600397796854802,"Random_Forest"
500,0.804650806294099,0.605615615615616,0.852729384436702,0.0420486381417319,0.0750986079494073,0.0541545592166853,"Random_Forest"
1000,0.806716366627952,0.614857357357357,0.859380952380952,0.042493132626901,0.0763392702263997,0.0535596013326492,"Random_Forest"
1500,0.803965819913991,0.610935435435435,0.864492450638792,0.0425851290740274,0.0771993571927228,0.0496033201594584,"Random_Forest"
80,0.758990290813462,0.518327327327327,0.852046457607433,0.0547333753905452,0.0831792437164803,0.0590484576136786,"Random_Forest"
500,0.819611775102629,0.632213213213213,0.878301974448316,0.0447684446321662,0.0786496110469485,0.0496328774610055,"Random_Forest"
1000,0.822455821239358,0.636803303303303,0.897549361207898,0.0439528358356021,0.0763631871594126,0.0456854887562537,"Random_Forest"
1500,0.821437579565628,0.632454954954955,0.906737514518002,0.0437071018202588,0.076892407542709,0.0424760940157366,"Random_Forest"
80,0.767454314506144,0.548435435435435,0.852134727061556,0.0533654275454276,0.0799856193481611,0.0599784888243351,"Random_Forest"
500,0.824745927983733,0.626681681681682,0.889566782810685,0.0449537428784999,0.0797555985806905,0.0506905283934157,"Random_Forest"
1000,0.829351051399832,0.6193003003003,0.906678281068525,0.0439188708299912,0.0815361843538527,0.0429114604883286,"Random_Forest"
1500,0.827818662303418,0.608426426426426,0.916973286875726,0.0437603263355761,0.0804079165501844,0.0382473327698886,"Random_Forest"
80,0.752271766104083,0.534457957957958,0.829034843205575,0.0532625107881145,0.0779611000932595,0.0626439685124597,"Random_Forest"
500,0.814276887078716,0.621156156156156,0.83453774680604,0.0425765699653138,0.0752833849570894,0.0605996692094109,"Random_Forest"
1000,0.823193864596304,0.627546546546547,0.848511033681765,0.0397292944216458,0.0753313535494742,0.0573012088447939,"Random_Forest"
1500,0.825057699685748,0.625436936936937,0.857360046457607,0.0392295695710562,0.0728542761052847,0.0542402698071186,"Random_Forest"
80,0.76146695345171,0.521968468468468,0.842116144018583,0.0548277157988645,0.0826434154255018,0.0667358959460215,"Random_Forest"
500,0.820922408471189,0.638136636636637,0.874800232288037,0.0462566195063165,0.0812325955549677,0.0545243168747194,"Random_Forest"
1000,0.827076744427354,0.635277777777778,0.882829268292683,0.0438968891632118,0.0811129547672613,0.0491312738064508,"Random_Forest"
1500,0.828480552416528,0.630171171171171,0.886465737514518,0.0431918972676379,0.0806842756776356,0.0468347447205093,"Random_Forest"
80,0.755923913896475,0.508013513513514,0.854550522648084,0.0540965158995911,0.0772440001926914,0.0608975172194619,"Random_Forest"
500,0.815711739178203,0.62590990990991,0.871282229965157,0.0460360468775438,0.0784011724910164,0.0534308619796461,"Random_Forest"
1000,0.821860065204577,0.620261261261261,0.883003484320558,0.0449856996437245,0.0793665789343083,0.0478477640553704,"Random_Forest"
1500,0.822799474997646,0.614385885885886,0.889177700348432,0.0447060501788756,0.0790388972507992,0.0470514112831705,"Random_Forest"
80,0.748527820067454,0.52293993993994,0.832184668989547,0.0525253981964327,0.0730541533687503,0.0635522367899068,"Random_Forest"
500,0.803694919658334,0.611962462462462,0.850736353077816,0.0433856957303433,0.07040066061806,0.0582837170776705,"Random_Forest"
1000,0.810189992257065,0.610894894894895,0.862965156794425,0.0421843220077333,0.0708306639169993,0.0518239412519536,"Random_Forest"
1500,0.809544805694196,0.607905405405405,0.873206736353078,0.0426826308731222,0.0722086380454211,0.0484655718118556,"Random_Forest"
80,0.761901120196852,0.554337837837838,0.839147502903601,0.0554368282715126,0.0822071165792905,0.0655973128026757,"Random_Forest"
500,0.814655960402912,0.634445945945946,0.860346109175377,0.0465587102589524,0.0787030849878634,0.0525599526394881,"Random_Forest"
1000,0.819993724996774,0.639615615615616,0.868974448315912,0.0442984484086728,0.0797491070005744,0.0480146540356205,"Random_Forest"
1500,0.820417987238109,0.628537537537537,0.876390243902439,0.0432982914014737,0.0797665545898391,0.0474024036283776,"Random_Forest"
80,0.747259508637557,0.514783783783784,0.831530778164924,0.0525387560589535,0.0765974935551417,0.0637497346440881,"Random_Forest"
500,0.810892173532417,0.616954954954955,0.848341463414634,0.0438466568607989,0.0748971565249374,0.055451987421904,"Random_Forest"
1000,0.817361513952977,0.621111111111111,0.866752613240418,0.0427706589786723,0.0744420828413323,0.051014420227227,"Random_Forest"
1500,0.818064405869284,0.618214714714715,0.877283391405343,0.0427698023968596,0.0742747750512115,0.0485567560335129,"Random_Forest"
80,0.761472847411872,0.553642642642643,0.842586527293844,0.0559181057580658,0.0761007337064296,0.0637554708510633,"Random_Forest"
500,0.823261441755344,0.642004504504505,0.860128919860627,0.0430062286250869,0.0721818627725632,0.0555843511831176,"Random_Forest"
1000,0.829545248645858,0.642624624624625,0.871472706155633,0.041324700765227,0.0754042902379023,0.0508181335169393,"Random_Forest"
1500,0.828816707822805,0.632845345345345,0.878459930313589,0.0411596876991665,0.076305237862478,0.0484326482902586,"Random_Forest"
80,0.756005522944547,0.528070570570571,0.843305458768873,0.0512605264144328,0.0765523158200644,0.0618668610822814,"Random_Forest"
500,0.820982145472999,0.644364864864865,0.862988385598142,0.0421957183940447,0.0812035628672429,0.055051564223102,"Random_Forest"
1000,0.8266831901588,0.651366366366366,0.876472706155633,0.0420211199137444,0.080428631426416,0.0485726456952563,"Random_Forest"
1500,0.826176473511839,0.643486486486487,0.884466898954704,0.0429460439957164,0.0803415030889908,0.0477049516211062,"Random_Forest"
80,0.772716773393603,0.513027027027027,0.858312427409988,0.053333157463977,0.076430455748176,0.0611872471601112,"Random_Forest"
500,0.821106062944478,0.624840840840841,0.867626016260163,0.0437045857312396,0.0812208141778523,0.0532730354518978,"Random_Forest"
1000,0.823799149759516,0.626211711711712,0.876094076655052,0.043167367709932,0.0795634293054645,0.0485070814617711,"Random_Forest"
1500,0.823363105265544,0.621701201201201,0.881394889663182,0.0431202108144614,0.0799332293576648,0.0459221170327558,"Random_Forest"
80,0.762424415704903,0.553558558558559,0.837357723577236,0.0514966858190748,0.075757803356037,0.062763961876705,"Random_Forest"
500,0.819215565739956,0.629764264264264,0.860675958188153,0.0426385643703731,0.0760715873866309,0.0571973474828241,"Random_Forest"
1000,0.825929252859131,0.626027027027027,0.880038327526132,0.0409978020445286,0.0780511751675424,0.0495066375639265,"Random_Forest"
1500,0.826406802708632,0.618430930930931,0.891620209059233,0.0402259828548423,0.0762217057361529,0.0469736260325106,"Random_Forest"
80,0.752068884215226,0.530178678678679,0.854059233449477,0.0545496196447545,0.0820649363495925,0.0589177230088475,"Random_Forest"
500,0.802844510015242,0.621929429429429,0.860306620209059,0.0454363731516342,0.0774342048113157,0.0534165178555286,"Random_Forest"
1000,0.806082981064688,0.627043543543544,0.86887456445993,0.0434051006463696,0.0762419351861953,0.0499837560298731,"Random_Forest"
1500,0.804065102559005,0.62133033033033,0.879118466898955,0.0435748156008379,0.0742191752952909,0.0480413437375531,"Random_Forest"
80,0.765455871812579,0.505153153153153,0.86323112659698,0.0537600902565518,0.0760473932202724,0.0617239415085347,"Random_Forest"
500,0.815592971455776,0.631780780780781,0.870560975609756,0.0439611482210384,0.0748035954608948,0.055318125797368,"Random_Forest"
1000,0.817841428536551,0.630301801801802,0.884681765389082,0.0431029674592206,0.0746638121169453,0.0497304183679202,"Random_Forest"
1500,0.816859331892869,0.617028528528529,0.890842044134727,0.041973827690353,0.0768890398088214,0.0457109015293005,"Random_Forest"
80,0.749063466340905,0.520174174174174,0.837598141695703,0.0573396856207695,0.0756522569727227,0.0638833617318985,"Random_Forest"
500,0.807333944571749,0.631163663663664,0.844767711962834,0.0472294729392781,0.076861086048969,0.0558174641503059,"Random_Forest"
1000,0.813494756516098,0.643246246246246,0.857632984901278,0.0439936898202494,0.0763236725275194,0.0525314703110432,"Random_Forest"
1500,0.81391647004147,0.629963963963964,0.866210220673635,0.043965905560752,0.0773171071400542,0.0509397589262653,"Random_Forest"
80,0.763269321586395,0.49140990990991,0.869047619047619,0.052621341174509,0.0821598362939971,0.0546148015028645,"Random_Forest"
500,0.821369953577271,0.622298798798799,0.889908246225319,0.0433081240252134,0.0762063107923096,0.0452399728240641,"Random_Forest"
1000,0.820437876029339,0.622459459459459,0.90618931475029,0.043741378460243,0.0752808003540589,0.0422123506657506,"Random_Forest"
1500,0.817648192181729,0.617436936936937,0.911938443670151,0.0444745199475914,0.0744153238878962,0.0405246991047825,"Random_Forest"
80,0.748599528099528,0.496234234234234,0.848190476190476,0.0529132078038068,0.0828766685853705,0.0613398037253291,"Random_Forest"
500,0.803753404100965,0.614695195195195,0.851757259001161,0.0449867204459638,0.079593370644162,0.0558901632038747,"Random_Forest"
1000,0.806889268624025,0.616099099099099,0.861132404181185,0.0454250521037057,0.0791536328123493,0.0534116649909812,"Random_Forest"
1500,0.804520890664183,0.608253753753754,0.870463414634146,0.0453313817831073,0.0781246474668622,0.0508675517682071,"Random_Forest"
80,0.744744189747239,0.482223723723724,0.845609756097561,0.051930997117671,0.0740574416236144,0.0604106107903526,"Random_Forest"
500,0.799563298054152,0.602081081081081,0.857580720092915,0.0445913457160268,0.0720368140827902,0.0537084804272326,"Random_Forest"
1000,0.804070159445159,0.601271771771772,0.875660859465737,0.0447918923178196,0.0743005399974696,0.0488617987673117,"Random_Forest"
1500,0.80304591438128,0.597307807807808,0.885222996515679,0.0452511142349148,0.0743068874487061,0.0473832004154853,"Random_Forest"
80,0.755005880008929,0.527738738738739,0.838977932636469,0.054129420467662,0.0759793364310713,0.0595713179867549,"Random_Forest"
500,0.804414278389888,0.601456456456457,0.836632984901278,0.0472384307073443,0.0736000527994607,0.0584530940572381,"Random_Forest"
1000,0.811209357441065,0.602975975975976,0.848893147502904,0.0457939680611877,0.0761760116947102,0.0551557944824875,"Random_Forest"
1500,0.811408412332193,0.594599099099099,0.858715447154472,0.0455325834132844,0.0776427188602762,0.0520547617709202,"Random_Forest"
80,0.758791944819384,0.504521021021021,0.859385598141696,0.0556222323133913,0.0782658492570354,0.0589236445837049,"Random_Forest"
500,0.817018921360385,0.620064564564565,0.856249709639954,0.0455593540899249,0.0795046754985477,0.0549175381936668,"Random_Forest"
1000,0.82246581555423,0.623112612612613,0.866067363530778,0.0451422208112918,0.0795781808124989,0.0549502382585353,"Random_Forest"
1500,0.82209002948942,0.616948948948949,0.871327526132404,0.0449345133984198,0.0762046263832961,0.0520131016660747,"Random_Forest"
80,0.750360457583019,0.493112612612613,0.862853658536585,0.0534032906263082,0.0782489991369232,0.0604190398520493,"Random_Forest"
500,0.80354606653692,0.605225225225225,0.863795586527294,0.044693249819274,0.0790580137608572,0.0537902923805407,"Random_Forest"
1000,0.805543880117051,0.602888888888889,0.87395818815331,0.0446952986891135,0.0807085754070406,0.0503555787333623,"Random_Forest"
1500,0.802898985222156,0.594189189189189,0.881724738675958,0.0461745771121307,0.0826887205098165,0.0471813651833905,"Random_Forest"
80,0.746906709845734,0.515274774774775,0.847091753774681,0.0537522801568397,0.0755753366785222,0.0616939757578108,"Random_Forest"
500,0.807432718868694,0.613408408408408,0.86102787456446,0.046725260157012,0.0775218306398343,0.0571337822864419,"Random_Forest"
1000,0.812872942193064,0.615192192192192,0.873836236933798,0.0454913642266091,0.0751417325510652,0.0503716928556887,"Random_Forest"
1500,0.81218559369474,0.61212012012012,0.881918699186992,0.0459070065694139,0.0749681548598577,0.0491625332152926,"Random_Forest"
80,0.764050743687939,0.531387387387387,0.836255516840883,0.0543303983437289,0.0807101898482211,0.0608283454724976,"Random_Forest"
500,0.808452410598752,0.61024024024024,0.856375145180023,0.0447962729222252,0.0751964451302261,0.0580056549983993,"Random_Forest"
1000,0.814004109946183,0.606148648648649,0.870761904761905,0.043790921711632,0.0753199931629686,0.0541374586159015,"Random_Forest"
1500,0.814595422513105,0.600882882882883,0.877939605110337,0.0439447949563323,0.0754612923419901,0.051166439374113,"Random_Forest"
80,0.760650865586841,0.497747747747748,0.866022067363531,0.0539343045841419,0.0811593196723366,0.0575614835489184,"Random_Forest"
500,0.817624333392626,0.623255255255255,0.868822299651568,0.0430617741233792,0.0766534488059789,0.0526048010637052,"Random_Forest"
1000,0.820555521113448,0.632719219219219,0.87560162601626,0.041819335488445,0.0762017087902331,0.0491821771258325,"Random_Forest"
1500,0.81853314028314,0.631954954954955,0.881145180023229,0.0423270177060698,0.0759968577937084,0.0482172062666788,"Random_Forest"
80,0.773608963929086,0.520543543543544,0.860227642276423,0.0555387745340824,0.0794488619154143,0.0635599172046641,"Random_Forest"
500,0.830044430754797,0.636911411411411,0.874667828106853,0.044674719587638,0.070550433041165,0.0554930888413801,"Random_Forest"
1000,0.834554880228661,0.639346846846847,0.879873403019744,0.0437145816557814,0.0726816493677996,0.0523065768686941,"Random_Forest"
1500,0.833575793563598,0.629345345345345,0.883362369337979,0.0439515999322689,0.0743916285079479,0.0497113197069469,"Random_Forest"
80,0.763898786417079,0.526252252252252,0.853714285714286,0.0499932299663823,0.0759115381163747,0.060496049333409,"Random_Forest"
500,0.820063254892523,0.619367867867868,0.869910569105691,0.0434355895008075,0.0740366644799974,0.0517747558314604,"Random_Forest"
1000,0.825114123705587,0.622599099099099,0.881839721254355,0.0426625793524209,0.0746059730079295,0.0513086689822147,"Random_Forest"
1500,0.825193421644641,0.620554054054054,0.890264808362369,0.0430985674453489,0.0744098571228142,0.0475857930676587,"Random_Forest"
80,0.737559336339824,0.518222222222222,0.827540069686411,0.0559006244221413,0.0752487280141024,0.069084508763594,"Random_Forest"
500,0.793743913774402,0.610037537537538,0.85149593495935,0.0470711403321547,0.0800645311390192,0.0571198992942912,"Random_Forest"
1000,0.801049715220447,0.616722222222222,0.864214866434379,0.0446743646474347,0.0787630303434168,0.0497743698983959,"Random_Forest"
1500,0.801749327288961,0.610848348348348,0.871635307781649,0.0451303457504586,0.0792669053530036,0.0487196640244723,"Random_Forest"
80,0.759282269203001,0.558184684684685,0.835349593495935,0.054678426370929,0.0808161259554006,0.0626801335282737,"Random_Forest"
500,0.811656591696226,0.624779279279279,0.853555168408827,0.0464970681037689,0.081317986414808,0.0534130606606213,"Random_Forest"
1000,0.81869218696048,0.607358858858859,0.872642276422764,0.0442289408282241,0.081411504587232,0.0522116809019539,"Random_Forest"
1500,0.818898207004914,0.598812312312312,0.887224157955865,0.0442646149629576,0.0823751238063084,0.0498590422515971,"Random_Forest"
80,0.761499071806999,0.529993993993994,0.849623693379791,0.0534862984966253,0.0748899337790589,0.0592559256000483,"Random_Forest"
500,0.800870570919351,0.607566066066066,0.852555168408827,0.0434273979990004,0.0746783734924395,0.0539410942514878,"Random_Forest"
1000,0.803761925252779,0.59946996996997,0.859969802555168,0.0430047828304716,0.0764898631165854,0.0520947852195499,"Random_Forest"
1500,0.80335882790456,0.5928003003003,0.869777003484321,0.0428221428048097,0.0767058770751706,0.0497693939114687,"Random_Forest"
80,0.752269565297004,0.506666666666667,0.855241579558653,0.0524206801380577,0.0796513861412909,0.0621268604940992,"Random_Forest"
500,0.811786299801544,0.616441441441441,0.866658536585366,0.0446143847640718,0.076206257448741,0.0562027559874409,"Random_Forest"
1000,0.815925964291818,0.619492492492492,0.880715447154472,0.0436220858750708,0.0769206356295582,0.0495615019528764,"Random_Forest"
1500,0.81592672594197,0.618,0.889698025551684,0.0435382760304612,0.0737314278245824,0.0454471918530691,"Random_Forest"
80,0.740324087589331,0.527881381381381,0.835335656213705,0.0551677037703498,0.080839075176185,0.0640222128819175,"Random_Forest"
500,0.806431441894856,0.619737237237237,0.856029036004646,0.0451193283059203,0.0768756185286515,0.0537274329846251,"Random_Forest"
1000,0.812326558701559,0.628944444444444,0.876317073170732,0.044306204702859,0.0745853903441206,0.0496760628741071,"Random_Forest"
1500,0.811906071140827,0.626774774774775,0.885156794425087,0.0448579037783019,0.0738457760163372,0.0467010639887617,"Random_Forest"
80,0.747052209439405,0.505602102102102,0.843638792102207,0.0518777664781219,0.0830132424026258,0.0640126541383033,"Random_Forest"
500,0.810635953462173,0.61013963963964,0.853564459930314,0.0437400122880147,0.0812408460557015,0.0586491047581999,"Random_Forest"
1000,0.817008409541946,0.611310810810811,0.866391405342625,0.0429537181824196,0.0797865328317563,0.0545271904319505,"Random_Forest"
1500,0.81838847645555,0.609076576576577,0.872938443670151,0.0436420827121347,0.080039926655699,0.0540325341958558,"Random_Forest"
80,0.758106260877602,0.539603603603604,0.834557491289199,0.0519012110425923,0.0781749955503048,0.0615599866499016,"Random_Forest"
500,0.805830386135264,0.628261261261261,0.843599303135888,0.0432309837700679,0.0740018481845134,0.0561566622419693,"Random_Forest"
1000,0.809092302668522,0.624824324324324,0.859825783972125,0.0424777783405761,0.0725682755961667,0.0525615787063199,"Random_Forest"
1500,0.80651843786295,0.613983483483484,0.869731707317073,0.0430453371641424,0.0709719804411923,0.0516771977691072,"Random_Forest"
80,0.756079109597402,0.523400900900901,0.837925667828107,0.0520114293045446,0.0771533939774085,0.0585389429178206,"Random_Forest"
500,0.819345952224001,0.636133633633634,0.860318234610917,0.0431828723184565,0.0744544307719286,0.0548451932206443,"Random_Forest"
1000,0.825091451207305,0.627394894894895,0.883995354239257,0.0417211068970246,0.0736764604320097,0.0528064331391362,"Random_Forest"
1500,0.825612132602986,0.618968468468468,0.894912891986063,0.0416767976814512,0.0738671994627713,0.0504165817151456,"Random_Forest"
80,0.776021769155915,0.539570570570571,0.852202090592335,0.0499873789979689,0.0784092315459382,0.0581906446023945,"Random_Forest"
500,0.823744494058518,0.639177177177177,0.866430894308943,0.0422818350704494,0.0785341337952373,0.053570014335288,"Random_Forest"
1000,0.827303360852141,0.634036036036036,0.876166085946574,0.0410322231964876,0.0795322610892199,0.0499110225467547,"Random_Forest"
1500,0.825567941635015,0.625821321321321,0.882049941927991,0.0414423098396186,0.0800761410163656,0.0473875832684084,"Random_Forest"
80,0.751373383400822,0.515801801801802,0.85388037166086,0.0520130049376717,0.0766591831029888,0.0580982232828352,"Random_Forest"
500,0.799125898110654,0.605755255255255,0.866703832752613,0.0463611546940563,0.0819389478999693,0.0528447953532671,"Random_Forest"
1000,0.802922582861607,0.612268768768769,0.885056910569106,0.0464744749298318,0.0814553704838157,0.0474350274233883,"Random_Forest"
1500,0.802731135316501,0.610460960960961,0.892326364692218,0.0463147792406485,0.0794818258670127,0.0446782992361007,"Random_Forest"
80,0.751187391659953,0.527714714714715,0.826437862950058,0.0523518355908283,0.0770968190089287,0.0633362642699024,"Random_Forest"
500,0.815654405276356,0.637716216216216,0.829508710801394,0.0431850293367127,0.0759559517363339,0.0593106146439211,"Random_Forest"
1000,0.824544735938029,0.652016516516516,0.840988385598142,0.0422898303561111,0.0784380191990098,0.0570355987703469,"Random_Forest"
1500,0.823924345076784,0.645974474474475,0.85017537746806,0.0426487131634299,0.0771895790113063,0.0537703053505484,"Random_Forest"
80,0.767441691255716,0.538975975975976,0.837360046457607,0.0507590536767396,0.0784846296576867,0.0637549514371821,"Random_Forest"
500,0.831798667134033,0.649382882882883,0.855758420441347,0.0404131543113343,0.0770318917360455,0.0592969222285353,"Random_Forest"
1000,0.837892374517375,0.656588588588589,0.873997677119628,0.040620325230793,0.0745973785654728,0.0538469369224123,"Random_Forest"
1500,0.837494195850903,0.651686186186186,0.880882694541231,0.0399810684884075,0.0745115212784764,0.0527194725105611,"Random_Forest"
80,0.769984449170425,0.53856006006006,0.852193960511034,0.0502723319413325,0.0833952966587519,0.0576330808315687,"Random_Forest"
500,0.825148799060384,0.626542042042042,0.865823461091754,0.0433976584547159,0.0751456451408754,0.0519132715835118,"Random_Forest"
1000,0.830646032792374,0.630662162162162,0.884349593495935,0.042889243964906,0.0765001189929614,0.0477937871274216,"Random_Forest"
1500,0.829869817552744,0.628336336336336,0.892283391405343,0.0436782771422768,0.0756358663640652,0.0470075992512798,"Random_Forest"
80,0.739987297401932,0.487864864864865,0.848017421602787,0.0558801051668322,0.0825074497501634,0.0625675076477729,"Random_Forest"
500,0.798434684684685,0.608219219219219,0.855413472706156,0.0474123894763545,0.0779923248666453,0.0576381815501535,"Random_Forest"
1000,0.802177892177892,0.605863363363363,0.869449477351916,0.0459391765402493,0.0754900229213925,0.0508819947908606,"Random_Forest"
1500,0.799574644330742,0.600033033033033,0.879183507549361,0.0463654579412657,0.0756676368042046,0.0473512235455176,"Random_Forest"
80,0.748276444999006,0.525875375375375,0.84018118466899,0.0539688642249411,0.0805929332833644,0.0639308942847404,"Random_Forest"
500,0.808820585829732,0.62931981981982,0.876376306620209,0.0460128908021819,0.0740112414626141,0.0494724878931328,"Random_Forest"
1000,0.811168074869294,0.626876876876877,0.896729384436701,0.0455077113609004,0.0734334746502287,0.0423538489469977,"Random_Forest"
1500,0.809613014146551,0.620202702702703,0.902795586527294,0.0452313916452321,0.07217700542428,0.0403398115187108,"Random_Forest"
80,0.764466793884477,0.536385885885886,0.855562137049942,0.048487667463964,0.0755364031459096,0.0606005061584797,"Random_Forest"
500,0.826769251830227,0.630705705705706,0.88580487804878,0.0386967931827089,0.0710848637279537,0.0491858632770789,"Random_Forest"
1000,0.832061324390593,0.636388888888889,0.898296167247387,0.0375787717316964,0.0709564671870092,0.0446469971264712,"Random_Forest"
1500,0.832683011408621,0.629534534534535,0.903588850174216,0.0373258614192744,0.0703780844340533,0.0447367888865529,"Random_Forest"
80,0.767262913174499,0.537283783783784,0.855998838559814,0.0539103614448316,0.0734979858873852,0.0581841612292049,"Random_Forest"
500,0.816798327508693,0.631459459459459,0.872320557491289,0.0451769611718975,0.0798635714703402,0.0515340042202778,"Random_Forest"
1000,0.818386993265042,0.628355855855856,0.882977932636469,0.0443541570172019,0.0780273317344276,0.0459513517050052,"Random_Forest"
1500,0.815686347933299,0.617495495495496,0.889970963995354,0.0450140429340047,0.0767119292190403,0.044819698587929,"Random_Forest"
80,0.768653016692651,0.549719219219219,0.834844367015099,0.0498469842764671,0.0793381899094606,0.062521701655289,"Random_Forest"
500,0.816476046168119,0.624147147147147,0.852210220673635,0.0441704496406083,0.0783596498268773,0.053861790465485,"Random_Forest"
1000,0.820734384209994,0.626235735735736,0.870390243902439,0.0430953700107159,0.0807930291825674,0.0514986467476931,"Random_Forest"
1500,0.818913244690684,0.621552552552553,0.878565621370499,0.0437762928179739,0.079724871854428,0.048923138294581,"Random_Forest"
80,0.766008715161154,0.506184684684685,0.854922183507549,0.0532769382182114,0.0816376138957389,0.0607924986576301,"Random_Forest"
500,0.818892383672871,0.6305,0.868311265969803,0.0454306574431502,0.0764012172986342,0.0529182081272238,"Random_Forest"
1000,0.820562132254205,0.630918918918919,0.876631823461092,0.0456145807450443,0.0787855534748758,0.0500862243016522,"Random_Forest"
1500,0.81887928782441,0.624388888888889,0.880369337979094,0.0462683435492351,0.0792602359724913,0.0471691842610232,"Random_Forest"
80,0.756978773634261,0.514873873873874,0.865015098722416,0.0540794049377735,0.0785000548053904,0.0573803681862514,"Random_Forest"
500,0.802964930522857,0.590204204204204,0.863507549361208,0.0476074227449859,0.0798223894914856,0.0550740396538452,"Random_Forest"
1000,0.808833305430866,0.601151651651652,0.868673635307782,0.0466574259898982,0.0791375418219784,0.0518457080249404,"Random_Forest"
1500,0.808656502321137,0.599638138138138,0.872590011614402,0.0467177753723178,0.0806445818536097,0.0490909600401317,"Random_Forest"
80,0.754713851046168,0.514933933933934,0.845551684088269,0.0566050579230787,0.0833396301361251,0.061849522484947,"Random_Forest"
500,0.817278596540792,0.640151651651652,0.851979094076655,0.0469595337883029,0.0798695526564865,0.0565593824617648,"Random_Forest"
1000,0.824259159856721,0.626316816816817,0.874702671312427,0.044556236840312,0.0810786762107224,0.0516193453586971,"Random_Forest"
1500,0.825027075420368,0.615177177177177,0.886691056910569,0.0442618883847481,0.0792166865365927,0.0475898595965567,"Random_Forest"
80,0.771868079752226,0.521926426426426,0.842867595818815,0.0525053422183322,0.0767152331573005,0.0638578337217925,"Random_Forest"
500,0.82700541787432,0.617738738738739,0.859185830429733,0.0431661405923061,0.0752565945458773,0.0583758587303205,"Random_Forest"
1000,0.833306940651453,0.61857957957958,0.873602787456446,0.0421294244460446,0.0783757988209346,0.0513327163785406,"Random_Forest"
1500,0.833888190455264,0.612283783783784,0.885472706155633,0.0425469643717256,0.0788796511316307,0.0482024013445144,"Random_Forest"
80,0.746394310251018,0.492078078078078,0.841665505226481,0.0539768849468028,0.0823792757076184,0.0571387412780445,"Random_Forest"
500,0.808607622430793,0.612370870870871,0.864098722415796,0.0443324172512431,0.0800164990036801,0.0518109516584372,"Random_Forest"
1000,0.8132597662994,0.613100600600601,0.8885737514518,0.0441257211546064,0.0790258079308593,0.0465784842923743,"Random_Forest"
1500,0.812475404847356,0.607606606606607,0.897416957026713,0.0440676785372906,0.0794010158895944,0.0425139433640839,"Random_Forest"
80,0.750512706957829,0.486506006006006,0.858767711962834,0.0581184563129806,0.0816001935134655,0.0586377229153026,"Random_Forest"
500,0.811546699574139,0.617944444444444,0.864500580720093,0.0464336802276593,0.0816932636418007,0.0558754035131272,"Random_Forest"
1000,0.81822925451584,0.609689189189189,0.874821138211382,0.0450568658835707,0.0828616312775964,0.0523179998627906,"Random_Forest"
1500,0.818981383822847,0.599960960960961,0.880666666666667,0.0439587987977573,0.0825469114687955,0.0513206825531448,"Random_Forest"
80,0.742045291807487,0.48409009009009,0.852883855981417,0.0540179813248411,0.0841159385322189,0.0616078720843602,"Random_Forest"
500,0.803060626392944,0.603435435435435,0.855550522648084,0.0467911105312692,0.0804378373055474,0.0570105636078374,"Random_Forest"
1000,0.810800120678169,0.608237237237237,0.8702868757259,0.0460427089421915,0.080361020756806,0.0530466630794211,"Random_Forest"
1500,0.81268689246738,0.60433033033033,0.875987224157956,0.0457473146578053,0.0776470866870854,0.0494494026012136,"Random_Forest"
80,0.760275837684374,0.537731231231231,0.845265969802555,0.0551449580843699,0.0801206253560553,0.0631936473795271,"Random_Forest"
500,0.81464803653828,0.636117117117117,0.873252032520325,0.0454687801017456,0.073555936201261,0.0532432628655526,"Random_Forest"
1000,0.817899267298658,0.633340840840841,0.88953193960511,0.0452813132916143,0.0748551165077163,0.04740992959562,"Random_Forest"
1500,0.815649276454155,0.627668168168168,0.897527293844367,0.0448106439795914,0.0756757516623743,0.0446866544174513,"Random_Forest"
80,0.746726943406821,0.497752252252252,0.838325203252033,0.0519184933700496,0.0807304195041429,0.0637899630233059,"Random_Forest"
500,0.804562792757915,0.611558558558559,0.86178281068525,0.0450366807216527,0.0794780909279346,0.05409358080215,"Random_Forest"
1000,0.81165990990991,0.616295795795796,0.872387921022067,0.0450064178034683,0.0784215847016216,0.0491392180430945,"Random_Forest"
1500,0.811639270803905,0.61525975975976,0.877569105691057,0.0454218486133535,0.0790264433359616,0.0478669932698944,"Random_Forest"
80,0.737627020312996,0.483253753753754,0.84241231126597,0.05278258399587,0.0797566747709461,0.0645116344498753,"Random_Forest"
500,0.794274888564523,0.58081981981982,0.850120789779326,0.0448665639276399,0.0748024853221687,0.0608567384178425,"Random_Forest"
1000,0.803944385151702,0.593081081081081,0.859340301974448,0.0443919243612615,0.0753114367696855,0.0578824519204541,"Random_Forest"
1500,0.805529489855709,0.595531531531531,0.866710801393728,0.04404896221741,0.074000180009135,0.0546496348147125,"Random_Forest"
80,0.754265371207444,0.514484984984985,0.841981416957027,0.0515743207218865,0.0824770885552494,0.0598911838298741,"Random_Forest"
500,0.803611057486057,0.597717717717718,0.846182346109175,0.0452201440559337,0.0818704444733887,0.0560450501252775,"Random_Forest"
1000,0.812549448403107,0.599603603603604,0.851974448315912,0.0443193647236588,0.0811646512412689,0.0516594209681064,"Random_Forest"
1500,0.813363566092225,0.594105105105105,0.856570267131243,0.0443158538546815,0.0796093480479541,0.0493339675458416,"Random_Forest"
80,0.755000204908742,0.50672972972973,0.850950058072009,0.0495982237646997,0.0811907480861901,0.0600850561333639,"Random_Forest"
500,0.803570377869158,0.604283783783784,0.851717770034843,0.0464647243888195,0.0774035785091807,0.05854451159984,"Random_Forest"
1000,0.807582343231734,0.61072972972973,0.865030197444832,0.0469373931083278,0.0808334126103932,0.0543967919295969,"Random_Forest"
1500,0.806690913910426,0.604250750750751,0.871537746806039,0.047850273123116,0.079533774476159,0.0524732343045319,"Random_Forest"
80,0.742011058096424,0.493271771771772,0.839770034843206,0.0555850763462119,0.0782586584564567,0.0604800446863577,"Random_Forest"
500,0.809734679365777,0.598082582582583,0.862850174216028,0.0446173885628118,0.0762099134644067,0.052692817197883,"Random_Forest"
1000,0.816077108467352,0.599433933933934,0.882104529616725,0.0433101753795545,0.0747653762953991,0.0484433253469521,"Random_Forest"
1500,0.816288950099926,0.59542042042042,0.890760743321719,0.0434535939438606,0.0750456185027831,0.0464759109848523,"Random_Forest"
80,0.753462340825146,0.498015015015015,0.853243902439024,0.0543501496277266,0.0835569859179761,0.0606691850941883,"Random_Forest"
500,0.809412964358086,0.612250750750751,0.863708478513357,0.0461862814382447,0.0788943970578246,0.0539171535897563,"Random_Forest"
1000,0.813997610851269,0.615504504504505,0.87993031358885,0.0450063523706763,0.078903775483591,0.0493600865606287,"Random_Forest"
1500,0.813548335792238,0.610156156156156,0.888973286875726,0.0452460119480001,0.0802327310074799,0.0464795707429902,"Random_Forest"
80,0.762504263845727,0.499734234234234,0.851610917537747,0.0553752179261281,0.0789845948224913,0.0595997971307301,"Random_Forest"
500,0.818638055738666,0.625777777777778,0.855085946573751,0.0446870928641286,0.0771320593491681,0.0563488927000729,"Random_Forest"
1000,0.823745615388908,0.627546546546547,0.867207897793264,0.0426285984940084,0.0760612749311997,0.0522807682153656,"Random_Forest"
1500,0.823920667182862,0.620022522522523,0.87408362369338,0.0424433462030106,0.0761915939623754,0.0512128382253538,"Random_Forest"
80,0.743343157617548,0.480291291291291,0.845464576074332,0.0548909131006915,0.0788595811008123,0.0636958597117287,"Random_Forest"
500,0.795598475217378,0.572864864864865,0.863222996515679,0.0474762497321093,0.0797761468861993,0.0560555129025754,"Random_Forest"
1000,0.800529049083927,0.573696696696697,0.876109175377468,0.0461576432621976,0.0819939069232115,0.0511841082257778,"Random_Forest"
1500,0.79997264250313,0.568286786786787,0.884053426248548,0.0468844860637435,0.0811625631417552,0.0492141844354029,"Random_Forest"
80,0.781167553441944,0.526801801801802,0.864340301974448,0.0507529773242181,0.0771597360561578,0.059871586840936,"Random_Forest"
500,0.831184436614315,0.636040540540541,0.877387921022067,0.0416320663274541,0.0743044042303142,0.0479220785599326,"Random_Forest"
1000,0.831004624397917,0.637463963963964,0.888344947735192,0.042380513700782,0.0770628319066523,0.0461836382314762,"Random_Forest"
1500,0.82791267399804,0.633280780780781,0.892155632984901,0.0426830038170267,0.0773563863082823,0.0464973721273082,"Random_Forest"
80,0.759900313205191,0.509588588588589,0.853753774680604,0.0540634820740122,0.0841408602415396,0.059811218001723,"Random_Forest"
500,0.818648838298229,0.608825825825826,0.870351916376307,0.0448480703280316,0.0809852165663579,0.0513632770895434,"Random_Forest"
1000,0.821335561170927,0.619573573573574,0.889816492450639,0.0428151744277154,0.0758233232919576,0.0461777010972019,"Random_Forest"
1500,0.821172972188216,0.614603603603604,0.895126596980256,0.0432624455829991,0.0763615681582238,0.0456520071940153,"Random_Forest"
80,0.772929052746126,0.506127627627628,0.886735191637631,0.054459502255494,0.0812772234036299,0.0547198029357604,"Random_Forest"
500,0.829897944983311,0.642472972972973,0.898494773519164,0.0422465766690142,0.0754327588655281,0.046161242379299,"Random_Forest"
1000,0.83294457174945,0.635474474474474,0.909936120789779,0.0417163870810398,0.0740036188282287,0.0422744947504012,"Random_Forest"
1500,0.833507109897354,0.632647147147147,0.913491289198606,0.0410800236288299,0.0742040538717288,0.0406686692988093,"Random_Forest"
80,0.739900470156568,0.489656156156156,0.830961672473868,0.0535811278308236,0.0785146006320875,0.0652014177893886,"Random_Forest"
500,0.796611488230391,0.603325825825826,0.852198606271777,0.0445038595000654,0.0750467589844501,0.0587431564558594,"Random_Forest"
1000,0.799616451817671,0.607160660660661,0.874358885017422,0.0444849814320871,0.0743827316852072,0.052723494661267,"Random_Forest"
1500,0.799673717271278,0.603357357357357,0.886066202090592,0.0452031516347647,0.0732201488633399,0.04887246469259,"Random_Forest"
80,0.761246775957142,0.502734234234234,0.854135888501742,0.0523487874312652,0.0813542115344122,0.0589129522272782,"Random_Forest"
500,0.822415884089665,0.622465465465465,0.876048780487805,0.0422975960883554,0.0775401295292713,0.0511675165286354,"Random_Forest"
1000,0.825233503974358,0.618813813813814,0.89306968641115,0.0415306561356893,0.0778081609227684,0.0473578603928822,"Random_Forest"
1500,0.824196875446875,0.611528528528529,0.901723577235772,0.0421929274773847,0.0782098244847414,0.0445374451397754,"Random_Forest"
80,0.760405189161287,0.56346996996997,0.84235656213705,0.0565389563386827,0.0761732653095208,0.0662308226722966,"Random_Forest"
500,0.803745465413148,0.625638138138138,0.85261556329849,0.0481205680757918,0.0785138481822321,0.0567797275359117,"Random_Forest"
1000,0.807338235447992,0.627217717717718,0.865018583042973,0.0460301053885317,0.0802353278827226,0.0553070542016562,"Random_Forest"
1500,0.805477170986317,0.618962462462462,0.874435540069686,0.0466449534230332,0.079640305408292,0.053073412824078,"Random_Forest"
80,0.762780503935992,0.509822822822823,0.850419279907085,0.0546396156323129,0.0819625885314834,0.0581992904886005,"Random_Forest"
500,0.812918169476096,0.618573573573574,0.851763066202091,0.0453293136426788,0.0751708377792665,0.0573996673573473,"Random_Forest"
1000,0.816656123893929,0.616998498498499,0.863567944250871,0.0434282608067896,0.0762140200941961,0.0543331708733207,"Random_Forest"
1500,0.814544112492283,0.609720720720721,0.870118466898955,0.0435209775488952,0.0771102566306466,0.0520757474582523,"Random_Forest"
80,0.760407790194376,0.540752252252252,0.830698025551684,0.0516527978369394,0.0788147298602048,0.0598814115475752,"Random_Forest"
500,0.815254731648024,0.625705705705706,0.850047619047619,0.0459112699664569,0.0775363485339163,0.0610220000514699,"Random_Forest"
1000,0.822175494309641,0.626400900900901,0.862822299651568,0.04476821094437,0.0794871547953338,0.0581844007931438,"Random_Forest"
1500,0.822496473825742,0.616073573573574,0.870644599303136,0.0447129072113922,0.0821219775023573,0.0557596366915019,"Random_Forest"
80,0.761006700951823,0.543033033033033,0.852739837398374,0.0526957819013777,0.0767622087774117,0.0593112774438306,"Random_Forest"
500,0.81291554054054,0.630187687687688,0.863605110336818,0.0436993808938571,0.0703702259026132,0.0535087857876058,"Random_Forest"
1000,0.817915317756781,0.63175975975976,0.874070847851336,0.042291541361254,0.071873838716571,0.0514769852393316,"Random_Forest"
1500,0.817644513415855,0.627078078078078,0.884436701509872,0.0420580960612665,0.0737574627567476,0.0467685439303969,"Random_Forest"
80,0.750733827468584,0.497411411411411,0.859600464576074,0.0521138646635949,0.0763046450030844,0.0605555505649413,"Random_Forest"
500,0.800283116304458,0.599873873873874,0.864760743321719,0.0462709472770852,0.0798754004984091,0.0534879687248355,"Random_Forest"
1000,0.805697981082127,0.603358858858859,0.871355400696864,0.0455586543286191,0.0789040819255191,0.0503802648788034,"Random_Forest"
1500,0.806313221758344,0.600683183183183,0.874095238095238,0.0453047719482543,0.0800945914539997,0.0501090116107191,"Random_Forest"
80,0.771840637240027,0.519195195195195,0.854872241579559,0.051060470088552,0.0793652864110165,0.0604133557779036,"Random_Forest"
500,0.834173064179162,0.643382882882883,0.86515331010453,0.0416648898385768,0.0751829980542455,0.053133338530088,"Random_Forest"
1000,0.839412254589084,0.652336336336336,0.872560975609756,0.040867667704142,0.0748759910068623,0.049383853388233,"Random_Forest"
1500,0.838822376383352,0.647331831831832,0.87581881533101,0.0408185311866943,0.0753305181884919,0.0496690040441287,"Random_Forest"
80,0.751054545835034,0.495025525525526,0.85069918699187,0.0534820278266243,0.0795662583090943,0.0578396718993659,"Random_Forest"
500,0.808334881920248,0.609716216216216,0.860346109175377,0.0453310119096257,0.0760261074930647,0.0532475572329273,"Random_Forest"
1000,0.814034401561841,0.614274774774775,0.870578397212544,0.0432582265591975,0.0740801095906343,0.0498462229740983,"Random_Forest"
1500,0.813446203607789,0.608683183183183,0.878082462253194,0.0443661227259811,0.0725540635205977,0.0479668743849599,"Random_Forest"
80,0.748039682975659,0.494468468468468,0.842580720092915,0.0519812881005132,0.0763004160594122,0.0603342264061323,"Random_Forest"
500,0.804204017606457,0.592989489489489,0.867265969802555,0.0456265905497708,0.0796710855047026,0.0561622672604708,"Random_Forest"
1000,0.808263954721272,0.600114114114114,0.877591173054588,0.0436219466092088,0.075599103082351,0.0522910352270336,"Random_Forest"
1500,0.808228403926575,0.599539039039039,0.881794425087108,0.0439725586237283,0.0756769140657668,0.0508755138878907,"Random_Forest"
80,0.76168351757681,0.536369369369369,0.836226480836237,0.0525880379931141,0.0800335230151188,0.0640396765294855,"Random_Forest"
500,0.818993622106427,0.629761261261261,0.853094076655052,0.0429328244776545,0.0759901720405659,0.0537417832194981,"Random_Forest"
1000,0.825998617519959,0.633369369369369,0.866974448315912,0.0420935892004502,0.0778255197744844,0.0499715178300875,"Random_Forest"
1500,0.825408889289987,0.629654654654655,0.876447154471545,0.042319487491205,0.079086752821344,0.048256021408468,"Random_Forest"
80,0.741855411596265,0.48533033033033,0.843409988385598,0.0533412210312978,0.0810632492774887,0.0648633604691389,"Random_Forest"
500,0.808225451496793,0.615004504504505,0.874283391405343,0.0420419595232927,0.0774426701408411,0.0505178849189794,"Random_Forest"
1000,0.81217390125317,0.614600600600601,0.896046457607433,0.0424339759435428,0.0792141240686936,0.0424731486091345,"Random_Forest"
1500,0.811793170784024,0.612956456456456,0.903324041811847,0.0419749951619325,0.0773414152592129,0.0411693326771604,"Random_Forest"
80,0.734324023500853,0.483623123123123,0.847934959349594,0.0516499354248122,0.0778335427568124,0.0648957226339947,"Random_Forest"
500,0.787566322855957,0.578426426426426,0.854843205574913,0.0441298653158682,0.0768967393742358,0.0529279012134112,"Random_Forest"
1000,0.794368901567072,0.585605105105105,0.866879210220674,0.0433396595781848,0.0758508893761056,0.0471334205795907,"Random_Forest"
1500,0.794687291385462,0.581843843843844,0.873092915214866,0.0437841174723447,0.0760880871663118,0.0462723621289916,"Random_Forest"
80,0.76678431567456,0.532280780780781,0.849729384436702,0.0539262694645484,0.0786511249311571,0.0599596366433028,"Random_Forest"
500,0.826813201703446,0.633827327327327,0.867714285714286,0.0429847113107238,0.0747568716601996,0.0543639551587404,"Random_Forest"
1000,0.832213121222268,0.625684684684685,0.884012775842044,0.041985594834503,0.0725364969886723,0.0508130334004598,"Random_Forest"
1500,0.831339050723197,0.620606606606607,0.894524970963995,0.0411903529707566,0.0726403082939316,0.0475499008928773,"Random_Forest"
80,0.752549810263225,0.555915915915916,0.814579558652729,0.0550928360448661,0.0772393130360931,0.0671697344071988,"Random_Forest"
500,0.804156940477062,0.621552552552553,0.83108362369338,0.048210638657067,0.0809367687794655,0.0619540584185781,"Random_Forest"
1000,0.812544602529359,0.61877027027027,0.851104529616725,0.0457355358779574,0.0824566451791079,0.0565071513209868,"Random_Forest"
1500,0.812808781778294,0.607318318318318,0.85846806039489,0.0455136089234558,0.0814752564946734,0.0535516695793844,"Random_Forest"
80,0.757212463770391,0.518737237237237,0.844308943089431,0.0578694591077815,0.0788920152851385,0.0610981145625071,"Random_Forest"
500,0.817050576273137,0.625316816816817,0.86705574912892,0.0471182962095376,0.0779163344930918,0.0526492003051292,"Random_Forest"
1000,0.824763564086735,0.6331996996997,0.877018583042973,0.0449359905571276,0.0742500111452898,0.0470444797338669,"Random_Forest"
1500,0.825767879377636,0.629394894894895,0.880450638792102,0.0444555718863668,0.0739532683106977,0.0459157595107662,"Random_Forest"
80,0.744998417406954,0.547659159159159,0.812392566782811,0.0555246949717189,0.0765702989556082,0.0637202014002797,"Random_Forest"
500,0.801723809175029,0.622506006006006,0.826386759581882,0.0482132327935076,0.0780604064556781,0.0618536367505945,"Random_Forest"
1000,0.811028300513057,0.616417417417417,0.849312427409988,0.0462759683724885,0.0787081512858733,0.057247520681253,"Random_Forest"
1500,0.810646815369376,0.607725225225225,0.861609756097561,0.046515691059562,0.0777415210069299,0.0539618479622952,"Random_Forest"
80,0.763669061919062,0.560244744744745,0.832617886178862,0.0551464633883602,0.0800673539486542,0.0625237407649729,"Random_Forest"
500,0.816081023532243,0.624405405405405,0.852473867595819,0.0444045127935014,0.0783057184021307,0.0531112621124319,"Random_Forest"
1000,0.824396684140587,0.621402402402402,0.866917537746806,0.0425876371802182,0.0797865027204925,0.048539852552565,"Random_Forest"
1500,0.825854762427933,0.610854354354354,0.878578397212543,0.0419965243874233,0.0790057721550071,0.0464553098661686,"Random_Forest"
80,0.747012283625089,0.500557057057057,0.84931475029036,0.0546536719357098,0.0782076457657978,0.0602837639877994,"Random_Forest"
500,0.802376943145236,0.607352852852853,0.846558652729384,0.0472962708889318,0.0823345058701465,0.0515926742957259,"Random_Forest"
1000,0.809061918189967,0.618226726726727,0.858667828106852,0.0458661599749265,0.0819005395046832,0.0486991298276103,"Random_Forest"
1500,0.809220528891261,0.61084984984985,0.868486643437863,0.0451997619780239,0.0826465504397963,0.046596226640206,"Random_Forest"
80,0.751509275390373,0.519903903903904,0.833737514518002,0.0556488295006572,0.0860286187682582,0.0631829409970512,"Random_Forest"
500,0.806699795178454,0.612171171171171,0.850793263646922,0.0487183394714439,0.07825378606243,0.0599470858597328,"Random_Forest"
1000,0.811364936800912,0.625252252252252,0.864608594657375,0.04753606961339,0.0772727480286927,0.0546934867934346,"Random_Forest"
1500,0.810799025942319,0.619606606606607,0.870912891986063,0.0478956947419888,0.0770519576295849,0.0510014535935992,"Random_Forest"
80,0.75629787801739,0.52865015015015,0.84545412311266,0.0548711665738288,0.0776426380921601,0.0595281865941523,"Random_Forest"
500,0.812220569001057,0.619223723723724,0.84421718931475,0.0451535622968558,0.0774435924997802,0.0564520603291655,"Random_Forest"
1000,0.819038399898156,0.628995495495495,0.862679442508711,0.0438297718712861,0.0766081438311497,0.0519354746090219,"Random_Forest"
1500,0.818403080345154,0.620339339339339,0.869759581881533,0.0443703740139392,0.0764705928328694,0.0489683893191861,"Random_Forest"
80,0.759896401628109,0.526214714714715,0.856857142857143,0.0541679518233691,0.0774940360973354,0.0585563684294108,"Random_Forest"
500,0.815152879360196,0.612681681681682,0.865871080139373,0.0439409202572734,0.0798567767028683,0.0534131706890166,"Random_Forest"
1000,0.821294691904448,0.617641141141141,0.872839721254355,0.0435080996020343,0.078128501943322,0.0487809349528668,"Random_Forest"
1500,0.821654027721101,0.615960960960961,0.876813008130081,0.0435253146222419,0.0770212709594205,0.047327524204672,"Random_Forest"
80,0.747687595696742,0.514725225225225,0.813897793263647,0.0501689394414229,0.0844970555098038,0.0635956290946399,"Random_Forest"
500,0.796206079337177,0.58990990990991,0.844432055749129,0.0431905364933697,0.0760394499148151,0.0604779844197637,"Random_Forest"
1000,0.801822288752167,0.593960960960961,0.860623693379791,0.0432686381383565,0.0750379784616884,0.056729403827331,"Random_Forest"
1500,0.801168158576695,0.588181681681682,0.869337979094077,0.0431671956655243,0.0757796867579368,0.0523723462438658,"Random_Forest"
80,0.740478713033591,0.492737237237237,0.843274099883856,0.0530869552259312,0.0831509447126522,0.0605364127805649,"Random_Forest"
500,0.790610366900001,0.603566066066066,0.847005807200929,0.0470193581279664,0.0847908114866858,0.0596352185195601,"Random_Forest"
1000,0.795631748473212,0.600921921921922,0.859541231126597,0.0465886657465898,0.0834311735022697,0.0519827942659389,"Random_Forest"
1500,0.795832996759826,0.591025525525526,0.870737514518002,0.0466534148962628,0.0843696759901452,0.051627359091887,"Random_Forest"
80,0.769676752536509,0.512831831831832,0.855492450638792,0.0532591693985153,0.0763132161552141,0.0582454688538621,"Random_Forest"
500,0.834077460735997,0.64440990990991,0.85248199767712,0.0420712936596694,0.0766524308102615,0.0584502163917785,"Random_Forest"
1000,0.840749088810064,0.650582582582583,0.869693379790941,0.0404819503025997,0.0762623010548975,0.0554219912336058,"Random_Forest"
1500,0.840542052069491,0.63872972972973,0.879202090592334,0.0401323155375634,0.0748932116942766,0.054761833133991,"Random_Forest"
